item_id,snapshot_date,item_name,category,criticality_level,supplier_id,supplier_name,current_on_hand,safety_stock,reorder_point,moq,holding_cost,stockout_penalty,avg_lead_time_days,reliability_score,variability_index,avg_daily_demand,demand_std_dev,total_recent_demand,demand_variability_class,open_sales_order_qty,open_purchase_order_qty,next_po_arrival_date,days_until_next_po_arrival,net_available_inventory,days_of_supply,lead_time_demand,lead_time_class,supplier_reliability_class,stockout_risk_class,stockout_risk_probability,forecast_demand_next_period,feature_notes
81,2026-03-08,415-16S,Reel Mower,high,1039,Zhejiang Saige Garden Machinery Co,46082,1000,1046,500,1.5,20.0,120.0,1.0,10.0,52.148936170212764,55.719570320645204,7353.0,high,4410.0,518243.0,,,559915.0,10736.844145246838,6257.872340425532,long,high,Low,0.0,1564.468085106383,Inventory position currently adequate relative to projected demand and replenishment window.
183,2026-03-08,1304-14,Reel Mower,high,1039,Zhejiang Saige Garden Machinery Co,870,1000,1001,500,1.5,25.0,120.0,1.0,10.0,1.8777777777777778,8.327331171776732,169.0,high,2220.0,67927.0,,,66577.0,35455.20710059172,225.33333333333334,long,high,Low,0.0,56.333333333333336,Inventory position currently adequate relative to projected demand and replenishment window.
186,2026-03-08,1815-18,Reel Mower,high,1039,Zhejiang Saige Garden Machinery Co,629,1000,1001,500,1.5,22.0,120.0,1.0,10.0,3.9655172413793105,10.946241229039993,115.0,high,1147.0,54102.0,,,53584.0,13512.486956521738,475.86206896551727,long,high,Low,0.0,118.96551724137932,Inventory position currently adequate relative to projected demand and replenishment window.
306,2026-03-08,GS70015,Chipper Shredder,high,4231,Cixi City Best Power Tools Co Ltd (Gbest),728,1000,1001,500,1.75,8.0,120.0,1.0,10.0,3.9485714285714284,24.2542255049302,691.0,high,205.0,83314.0,,,83837.0,21232.23589001447,473.8285714285714,long,high,Low,0.0,118.45714285714286,Inventory position currently adequate relative to projected demand and replenishment window.
337,2026-03-08,SN70016,Snow Thrower,high,1977,"Cixi Huazhijie Plastic Product Co., Ltd",11,1000,1000,500,1.62,8.0,120.0,1.0,10.0,18.584415584415584,90.12934428530309,1431.0,high,10.0,75741.0,,,75742.0,4075.5653389238296,2230.12987012987,long,high,Low,1.8911829826331695e-53,557.5324675324675,Inventory position currently adequate relative to projected demand and replenishment window.
349,2026-03-08,204-14,Reel Mower,high,1039,Zhejiang Saige Garden Machinery Co,0,1000,1000,500,1.5,8.0,120.0,1.0,10.0,94.25,143.14648674231117,377.0,high,985.0,42724.0,,,41739.0,442.85411140583557,11310.0,long,high,Low,0.0022874890887519274,2827.5,Inventory position currently adequate relative to projected demand and replenishment window.
350,2026-03-08,1204-14,Reel Mower,high,1039,Zhejiang Saige Garden Machinery Co,4851,1000,1005,500,1.5,8.0,120.0,1.0,10.0,134.125,339.78099856249605,8584.0,high,2721.0,281325.0,,,283455.0,2113.36439888164,16095.0,long,high,Low,5.6838123664192915e-59,4023.75,Inventory position currently adequate relative to projected demand and replenishment window.
352,2026-03-08,304-14S,Reel Mower,high,1039,Zhejiang Saige Garden Machinery Co,4173,1000,1004,500,1.5,8.0,120.0,1.0,10.0,4.230769230769231,9.468081238256117,495.0,high,693.0,98956.0,,,102436.0,24212.145454545454,507.6923076923077,long,high,Low,0.0,126.92307692307692,Inventory position currently adequate relative to projected demand and replenishment window.
354,2026-03-08,815-18,Reel Mower,high,1039,Zhejiang Saige Garden Machinery Co,1347,1000,1001,500,1.5,8.0,120.0,1.0,10.0,2.5555555555555554,3.0417963857768737,115.0,high,1992.0,55842.0,,,55197.0,21598.826086956524,306.66666666666663,long,high,Low,0.0,76.66666666666666,Inventory position currently adequate relative to projected demand and replenishment window.
355,2026-03-08,815-18S,Reel Mower,high,1039,Zhejiang Saige Garden Machinery Co,415,1000,1000,500,1.5,10.0,120.0,1.0,10.0,1.5,0.7071067811865476,3.0,low,53.0,5495.0,,,5857.0,3904.6666666666665,180.0,long,high,Low,6.415229294481557e-47,45.0,Inventory position currently adequate relative to projected demand and replenishment window.
357,2026-03-08,415-16,Reel Mower,high,1039,Zhejiang Saige Garden Machinery Co,1230,1000,1001,500,1.5,15.0,120.0,1.0,10.0,8.551020408163266,19.98130503797007,419.0,high,604.0,51181.0,,,51807.0,6058.575178997613,1026.122448979592,long,high,Low,1.258548363782288e-110,256.530612244898,Inventory position currently adequate relative to projected demand and replenishment window.
358,2026-03-08,1415-16,Reel Mower,high,1039,Zhejiang Saige Garden Machinery Co,113,1000,1000,500,1.5,30.0,120.0,1.0,10.0,1.0,0.0,28.0,low,976.0,27267.0,,,26404.0,26404.0,120.0,long,high,Low,0.0,30.0,Inventory position currently adequate relative to projected demand and replenishment window.
361,2026-03-08,2000-20S,Reel Mower,high,1039,Zhejiang Saige Garden Machinery Co,1829,1000,1002,500,1.5,0.0,120.0,1.0,10.0,30.7,55.45420111274376,614.0,high,899.0,52916.0,,,53846.0,1753.9413680781759,3684.0,long,high,Low,9.687831833883266e-13,921.0,Inventory position currently adequate relative to projected demand and replenishment window.
363,2026-03-08,1304-14LV,Reel Mower,high,1039,Zhejiang Saige Garden Machinery Co,0,1000,1000,500,1.5,0.0,120.0,1.0,10.0,0.0,0.0,0.0,low,0.0,5620.0,,,5620.0,999.0,0.0,long,high,Low,3.7866771655000944e-06,0.0,Inventory position currently adequate relative to projected demand and replenishment window.
364,2026-03-08,1314-14EW,Reel Mower,high,1039,Zhejiang Saige Garden Machinery Co,442,1000,1000,500,1.5,0.0,120.0,1.0,10.0,194.5,197.34473503097175,1945.0,high,1.0,23442.0,,,23883.0,122.7917737789203,23340.0,long,high,Low,0.2655037654468029,5835.0,Inventory position currently adequate relative to projected demand and replenishment window.
366,2026-03-08,1816-16EW,Reel Mower,high,1039,Zhejiang Saige Garden Machinery Co,430,1000,1000,500,1.5,0.0,120.0,1.0,10.0,3.3333333333333335,1.5275252316519468,10.0,low,18.0,302775.0,,,303187.0,90956.09999999999,400.0,long,high,Low,0.0,100.0,Inventory position currently adequate relative to projected demand and replenishment window.
367,2026-03-08,1816-18EW,Reel Mower,high,1039,Zhejiang Saige Garden Machinery Co,287,1000,1000,500,1.5,0.0,120.0,1.0,10.0,1.0,0.0,1.0,low,3.0,2690.0,,,2974.0,2974.0,120.0,long,high,Low,2.214806081546582e-28,30.0,Inventory position currently adequate relative to projected demand and replenishment window.
369,2026-03-08,2000-20LV,Reel Mower,high,1039,Zhejiang Saige Garden Machinery Co,0,1000,1000,500,1.5,0.0,120.0,1.0,10.0,0.0,0.0,0.0,low,0.0,4600.0,,,4600.0,999.0,0.0,long,high,Low,3.7141671168594573e-06,0.0,Inventory position currently adequate relative to projected demand and replenishment window.
371,2026-03-08,2001-20EW,Reel Mower,high,1039,Zhejiang Saige Garden Machinery Co,274,1000,1000,500,1.5,0.0,120.0,1.0,10.0,1.0,0.0,4.0,low,0.0,2333.0,,,2607.0,2607.0,120.0,long,high,Low,1.7058724362478057e-22,30.0,Inventory position currently adequate relative to projected demand and replenishment window.
372,2026-03-08,2002-20EW,Reel Mower,low,1039,Zhejiang Saige Garden Machinery Co,0,500,500,500,1.5,0.0,120.0,1.0,10.0,0.0,0.0,0.0,low,0.0,17538.0,,,17538.0,999.0,0.0,long,high,Low,3.7831683769649837e-06,0.0,Inventory position currently adequate relative to projected demand and replenishment window.
373,2026-03-08,2010-20SG,Reel Mower,high,1039,Zhejiang Saige Garden Machinery Co,6191,1000,1006,500,1.5,0.0,120.0,1.0,10.0,25.90909090909091,19.08116634514015,285.0,med,330.0,92273.0,,,98134.0,3787.6280701754386,3109.090909090909,long,high,Low,4.611964942170003e-54,777.2727272727273,Inventory position currently adequate relative to projected demand and replenishment window.
389,2026-03-08,CVPS43010,Pole Saw,high,44830,"Shenzhen Lidewei Supply Chain Co., Ltd",1116,1000,1001,500,1.12,0.0,120.0,1.0,10.0,76.8,169.49395269448405,384.0,high,5.0,45293.0,,,46404.0,604.21875,9216.0,long,high,Low,3.66057821948842e-05,2304.0,Inventory position currently adequate relative to projected demand and replenishment window.
392,2026-03-08,SN74016,Snow Thrower,high,1977,"Cixi Huazhijie Plastic Product Co., Ltd",182,1000,1000,500,1.62,0.0,120.0,1.0,10.0,1.0212765957446808,0.29121135150475996,576.0,low,319.0,40834.0,,,40697.0,39849.145833333336,122.5531914893617,long,high,Low,0.0,30.638297872340424,Inventory position currently adequate relative to projected demand and replenishment window.
393,2026-03-08,SN74018,Snow Thrower,high,1977,"Cixi Huazhijie Plastic Product Co., Ltd",0,1000,1000,500,1.62,0.0,120.0,1.0,10.0,8.317073170731707,46.6923114786526,341.0,high,0.0,10341.0,,,10341.0,1243.3460410557186,998.0487804878048,long,high,Low,1.4102759531055536e-07,249.5121951219512,Inventory position currently adequate relative to projected demand and replenishment window.
396,2026-03-08,TC70016,Tiller/Cultivator,high,4279,Ningbo Joyo Garden Tools Co Ltd,0,1000,1000,500,1.75,0.0,120.0,1.0,10.0,0.0,0.0,0.0,low,0.0,56418.0,,,56418.0,999.0,0.0,long,high,Low,2.0640092424370322e-07,0.0,Inventory position currently adequate relative to projected demand and replenishment window.
400,2026-03-08,415-16SK,Reel Mower,med,1039,Zhejiang Saige Garden Machinery Co,364,250,251,500,1.5,0.0,120.0,1.0,10.0,4.6,3.9115214431215892,23.0,med,82.0,2590.0,,,2872.0,624.3478260869566,552.0,long,high,Low,0.00012723790594652297,138.0,Inventory position currently adequate relative to projected demand and replenishment window.
401,2026-03-08,1715-16EW,Reel Mower,high,1039,Zhejiang Saige Garden Machinery Co,1425,1000,1001,500,1.5,0.0,120.0,1.0,10.0,17.333333333333332,28.290163190291665,52.0,high,1172.0,35378.0,,,35631.0,2055.6346153846157,2080.0,long,high,Low,1.3755923380607893e-14,520.0,Inventory position currently adequate relative to projected demand and replenishment window.
505,2026-03-08,SK-1,Sharpening Kit,med,2061,"Jiangmen Shun Ming Household Co., Ltd (Alibec)",13582,250,304,500,0.02,0.0,120.0,1.0,10.0,6.338028169014085,18.63939274146622,450.0,high,9.0,97778.0,,,111351.0,17568.713333333333,760.5633802816902,long,high,Low,0.0,190.14084507042256,Inventory position currently adequate relative to projected demand and replenishment window.
606,2026-03-08,BL84040,Battery,high,2053,Zhejiang Top Power Technology,402,1000,1000,500,0.25,0.0,120.0,1.0,10.0,1.0335195530726258,0.1804937466868521,185.0,low,5.0,5738.0,,,6135.0,5936.027027027027,124.02234636871509,long,high,Low,2.211382043625015e-105,31.005586592178773,Inventory position currently adequate relative to projected demand and replenishment window.
618,2026-03-08,CHL80040,Battery Charger,high,2053,Zhejiang Top Power Technology,0,1000,1000,500,0.15,0.0,120.0,1.0,10.0,1.0192307692307692,0.13867504905630726,53.0,low,0.0,350.0,,,350.0,343.39622641509436,122.30769230769229,long,high,Low,0.0005371361589764555,30.576923076923073,Inventory position currently adequate relative to projected demand and replenishment window.
627,2026-03-08,ED7-12,Part,high,1913,Taizhou Oute Tools Manufacturing Co. Ltd,168,1000,1000,1000,0.02,0.0,120.0,1.0,10.0,2.0,0.0,2.0,low,0.0,425.0,,,593.0,296.5,240.0,long,high,Low,0.0006138660511291912,60.0,Inventory position currently adequate relative to projected demand and replenishment window.
671,2026-03-08,RLSS10163-1,Kit,high,2061,"Jiangmen Shun Ming Household Co., Ltd (Alibec)",127,1000,1000,1000,0.5,0.0,120.0,1.0,10.0,2.0,0.0,2.0,low,0.0,450.0,,,577.0,288.5,240.0,long,high,Low,0.0006287132074072081,60.0,Inventory position currently adequate relative to projected demand and replenishment window.
673,2026-03-08,RLSS10163-2,Kit,high,2061,"Jiangmen Shun Ming Household Co., Ltd (Alibec)",20,1000,1000,1000,0.5,0.0,120.0,1.0,10.0,0.0,0.0,0.0,low,0.0,25.0,,,45.0,999.0,0.0,long,high,Low,3.281417335692474e-06,0.0,Inventory position currently adequate relative to projected demand and replenishment window.
678,2026-03-08,RP17205,Part,med,1913,Taizhou Oute Tools Manufacturing Co. Ltd,3,250,250,1000,0.02,0.0,120.0,1.0,10.0,0.0,0.0,0.0,low,0.0,0.0,,,3.0,999.0,0.0,long,high,Low,3.277301961397943e-06,0.0,Inventory position currently adequate relative to projected demand and replenishment window.
689,2026-03-08,RS90109,String Trimmer Spool,high,2065,"Zhongshan Heli Manufacturing Co., Ltd",6084,1000,1006,500,0.05,0.0,120.0,1.0,10.0,0.0,0.0,0.0,low,0.0,28500.0,,,34584.0,999.0,0.0,long,high,Low,1.2546444334705302e-11,0.0,Inventory position currently adequate relative to projected demand and replenishment window.
699,2026-03-08,RTC00020,Part,high,1913,Taizhou Oute Tools Manufacturing Co. Ltd,0,1000,1000,1000,0.02,0.0,120.0,1.0,10.0,0.0,0.0,0.0,low,0.0,50.0,,,50.0,999.0,0.0,long,high,Low,3.2825638951641585e-06,0.0,Inventory position currently adequate relative to projected demand and replenishment window.
704,2026-03-08,RTC70040-1,Part,low,1913,Taizhou Oute Tools Manufacturing Co. Ltd,0,500,500,1000,0.02,0.0,120.0,1.0,10.0,0.0,0.0,0.0,low,0.0,10.0,,,10.0,999.0,0.0,long,high,Low,3.278115526338515e-06,0.0,Inventory position currently adequate relative to projected demand and replenishment window.
713,2026-03-08,RTC70040-3,Part,high,1913,Taizhou Oute Tools Manufacturing Co. Ltd,8,1000,1000,1000,0.02,0.0,120.0,1.0,10.0,0.0,0.0,0.0,low,0.0,10.0,,,18.0,999.0,0.0,long,high,Low,3.278872295545111e-06,0.0,Inventory position currently adequate relative to projected demand and replenishment window.
715,2026-03-08,RTC70040-31A,Part,low,1913,Taizhou Oute Tools Manufacturing Co. Ltd,0,500,500,1000,0.02,0.0,120.0,1.0,10.0,0.0,0.0,0.0,low,0.0,10.0,,,10.0,999.0,0.0,long,high,Low,3.278115526338515e-06,0.0,Inventory position currently adequate relative to projected demand and replenishment window.
765,2026-03-08,R8102-629901,Part,high,1913,Taizhou Oute Tools Manufacturing Co. Ltd,6,1000,1000,1000,0.02,0.0,120.0,1.0,10.0,0.0,0.0,0.0,low,0.0,50.0,,,56.0,999.0,0.0,long,high,Low,3.2831440240326036e-06,0.0,Inventory position currently adequate relative to projected demand and replenishment window.
1114,2026-03-08,SN71018,Snow Thrower,high,1977,"Cixi Huazhijie Plastic Product Co., Ltd",2,1000,1000,500,1.62,0.0,120.0,1.0,10.0,0.0,0.0,0.0,low,0.0,459.0,,,461.0,999.0,0.0,long,high,Low,3.32769800913118e-06,0.0,Inventory position currently adequate relative to projected demand and replenishment window.
1142,2026-03-08,CVP41810,Pole Saw/Hedge Trimmer,high,44830,"Shenzhen Lidewei Supply Chain Co., Ltd",993,1000,1001,500,0.75,0.0,120.0,1.0,10.0,1.0,0.0,7.0,low,1.0,18620.0,,,19612.0,19612.0,120.0,long,high,Low,0.0,30.0,Inventory position currently adequate relative to projected demand and replenishment window.
1147,2026-03-08,R8020-740206,Part,high,1913,Taizhou Oute Tools Manufacturing Co. Ltd,72,1000,1000,1000,0.02,0.0,120.0,1.0,10.0,3.0,1.4142135623730951,6.0,low,2.0,2350.0,,,2420.0,806.6666666666666,360.0,long,high,Low,2.8913278333712746e-05,90.0,Inventory position currently adequate relative to projected demand and replenishment window.
1159,2026-03-08,31035,Sharpening Compound,low,3514,Jiaxing Yat Trading Co. Ltd,3725,500,507,500,0.5,0.0,120.0,1.0,10.0,2.0,0.0,2.0,low,1.0,12880.0,,,16604.0,8302.0,240.0,long,high,Low,1.6012320692724572e-206,60.0,Inventory position currently adequate relative to projected demand and replenishment window.
1325,2026-03-08,CHL90040,Battery Charger,med,2053,Zhejiang Top Power Technology,0,250,250,500,0.15,0.0,120.0,1.0,10.0,0.0,0.0,0.0,low,0.0,25.0,,,25.0,999.0,0.0,long,high,Low,3.2797847671175045e-06,0.0,Inventory position currently adequate relative to projected demand and replenishment window.
1985,2026-03-08,HD-PD,Misc.,high,3514,Jiaxing Yat Trading Co. Ltd,51,1000,1000,500,0.02,0.0,120.0,1.0,10.0,0.0,0.0,0.0,low,1.0,100.0,,,150.0,999.0,0.0,long,high,Low,3.2889445297793567e-06,0.0,Inventory position currently adequate relative to projected demand and replenishment window.
2010,2026-03-08,1815-18LV,Reel Mower,high,1039,Zhejiang Saige Garden Machinery Co,0,1000,1000,500,1.5,0.0,120.0,1.0,10.0,0.0,0.0,0.0,low,0.0,7400.0,,,7400.0,999.0,0.0,long,high,Low,3.888009826312483e-06,0.0,Inventory position currently adequate relative to projected demand and replenishment window.
2080,2026-03-08,RTC00043,Part,med,1913,Taizhou Oute Tools Manufacturing Co. Ltd,36,250,250,1000,0.02,0.0,120.0,1.0,10.0,0.0,0.0,0.0,low,0.0,50.0,,,86.0,999.0,0.0,long,high,Low,3.2848784739952966e-06,0.0,Inventory position currently adequate relative to projected demand and replenishment window.
2194,2026-03-08,1819-18EW,Reel Mower,low,1039,Zhejiang Saige Garden Machinery Co,0,500,500,500,1.5,0.0,120.0,1.0,10.0,0.0,0.0,0.0,low,0.0,3799.0,,,3799.0,999.0,0.0,long,high,Low,3.6503587699173266e-06,0.0,Inventory position currently adequate relative to projected demand and replenishment window.
2195,2026-03-08,TC70025,Tiller/Cultivator,med,4279,Ningbo Joyo Garden Tools Co Ltd,4062,250,266,500,1.75,0.0,120.0,1.0,10.0,3.5454545454545454,9.670282005556283,273.0,high,128.0,61272.0,,,65206.0,18391.4358974359,425.45454545454544,long,high,Low,0.0,106.36363636363636,Inventory position currently adequate relative to projected demand and replenishment window.
2290,2026-03-08,SN18-SBK-1,Kit,high,2061,"Jiangmen Shun Ming Household Co., Ltd (Alibec)",7,1000,1000,1000,0.5,0.0,120.0,1.0,10.0,1.0,0.0,3.0,low,0.0,450.0,,,457.0,457.0,120.0,long,high,Low,0.0003408866906564275,30.0,Inventory position currently adequate relative to projected demand and replenishment window.
2291,2026-03-08,SN18-AK-1,Kit,high,2061,"Jiangmen Shun Ming Household Co., Ltd (Alibec)",0,1000,1000,1000,0.5,0.0,120.0,1.0,10.0,1.0,0.0,16.0,low,0.0,175.0,,,175.0,175.0,120.0,long,high,Low,0.0007587694245997897,30.0,Inventory position currently adequate relative to projected demand and replenishment window.
2292,2026-03-08,SN4018-BELT,Kit,high,2061,"Jiangmen Shun Ming Household Co., Ltd (Alibec)",24,1000,1000,1000,0.5,0.0,120.0,1.0,10.0,1.5,0.7071067811865476,3.0,low,4.0,210.0,,,230.0,153.33333333333334,180.0,long,high,Low,0.0007726018441644132,45.0,Inventory position currently adequate relative to projected demand and replenishment window.
2355,2026-03-08,SK-NC,Part,low,1913,Taizhou Oute Tools Manufacturing Co. Ltd,0,500,500,1000,0.02,0.0,120.0,1.0,10.0,0.0,0.0,0.0,low,0.0,12200.0,,,12200.0,999.0,0.0,long,high,Low,3.985441547370066e-06,0.0,Inventory position currently adequate relative to projected demand and replenishment window.
2383,2026-03-08,RTC70010-16-2,Part,low,1913,Taizhou Oute Tools Manufacturing Co. Ltd,0,500,500,1000,0.02,0.0,120.0,1.0,10.0,0.0,0.0,0.0,low,0.0,50.0,,,50.0,999.0,0.0,long,high,Low,3.2825638951641585e-06,0.0,Inventory position currently adequate relative to projected demand and replenishment window.
2390,2026-03-08,RTC700SET,Part,low,1913,Taizhou Oute Tools Manufacturing Co. Ltd,14,500,500,1000,0.02,0.0,120.0,1.0,10.0,1.0,0.0,2.0,low,0.0,170.0,,,184.0,184.0,120.0,long,high,Low,0.0007521844675941115,30.0,Inventory position currently adequate relative to projected demand and replenishment window.
2392,2026-03-08,RTC70016SET,Kit,high,2061,"Jiangmen Shun Ming Household Co., Ltd (Alibec)",35,1000,1000,1000,0.5,0.0,120.0,1.0,10.0,0.0,0.0,0.0,low,1.0,160.0,,,194.0,999.0,0.0,long,high,Low,3.295412323118951e-06,0.0,Inventory position currently adequate relative to projected demand and replenishment window.
2393,2026-03-08,RTC70025-1,Part,low,1913,Taizhou Oute Tools Manufacturing Co. Ltd,0,500,500,1000,0.02,0.0,120.0,1.0,10.0,0.0,0.0,0.0,low,0.0,75.0,,,75.0,999.0,0.0,long,high,Low,3.2853393367544354e-06,0.0,Inventory position currently adequate relative to projected demand and replenishment window.
2631,2026-03-08,LSW70021,Lawn Sweeper,high,1039,Zhejiang Saige Garden Machinery Co,1628,1000,1002,500,1.5,0.0,120.0,1.0,10.0,159.92857142857142,315.56403688579815,4478.0,high,788.0,191474.0,,,192314.0,1202.4993300580618,19191.42857142857,long,high,Low,5.173804322872358e-27,4797.857142857142,Inventory position currently adequate relative to projected demand and replenishment window.
2632,2026-03-08,LSW70026S,Lawn Sweeper,high,1039,Zhejiang Saige Garden Machinery Co,1949,1000,1002,500,1.5,0.0,120.0,1.0,10.0,8.927710843373495,60.18868363221432,741.0,high,76.0,62869.0,,,64742.0,7251.802968960863,1071.3253012048194,long,high,Low,1.2213974909938179e-158,267.83132530120486,Inventory position currently adequate relative to projected demand and replenishment window.
2685,2026-03-08,LS21-HK-2,Kit,med,2061,"Jiangmen Shun Ming Household Co., Ltd (Alibec)",130,250,251,1000,0.5,0.0,120.0,1.0,10.0,1.0,0.0,3.0,low,1.0,200.0,,,329.0,329.0,120.0,long,high,Low,0.0005579150701132362,30.0,Inventory position currently adequate relative to projected demand and replenishment window.
2693,2026-03-08,LS21-HBK-2,Kit,high,2061,"Jiangmen Shun Ming Household Co., Ltd (Alibec)",29,1000,1000,1000,0.5,0.0,120.0,1.0,10.0,1.0588235294117647,0.24253562503633297,18.0,low,0.0,430.0,,,459.0,433.5,127.05882352941177,long,high,Low,0.0003804093210722113,31.764705882352942,Inventory position currently adequate relative to projected demand and replenishment window.
2696,2026-03-08,LS26-BK-1,Kit,high,2061,"Jiangmen Shun Ming Household Co., Ltd (Alibec)",20,1000,1000,1000,0.5,0.0,120.0,1.0,10.0,10.0,0.0,10.0,low,0.0,415.0,,,435.0,43.5,1200.0,long,high,Low,0.0007673421831727636,300.0,Inventory position currently adequate relative to projected demand and replenishment window.
2704,2026-03-08,RM16-HK-1,Kit,high,2061,"Jiangmen Shun Ming Household Co., Ltd (Alibec)",51,1000,1000,1000,0.5,0.0,120.0,1.0,10.0,1.0,0.0,1.0,low,0.0,1130.0,,,1181.0,1181.0,120.0,long,high,Low,2.892507301474865e-07,30.0,Inventory position currently adequate relative to projected demand and replenishment window.
2726,2026-03-08,RM-WK8.5-1,Kit,high,2061,"Jiangmen Shun Ming Household Co., Ltd (Alibec)",7,1000,1000,1000,0.5,0.0,120.0,1.0,10.0,0.0,0.0,0.0,low,0.0,0.0,,,7.0,999.0,0.0,long,high,Low,3.2776717951447137e-06,0.0,Inventory position currently adequate relative to projected demand and replenishment window.
2728,2026-03-08,RM-WK10A-1,Kit,high,2061,"Jiangmen Shun Ming Household Co., Ltd (Alibec)",39,1000,1000,1000,0.5,0.0,120.0,1.0,10.0,1.0,0.0,2.0,low,0.0,305.0,,,344.0,344.0,120.0,long,high,Low,0.0005354527347270165,30.0,Inventory position currently adequate relative to projected demand and replenishment window.
2732,2026-03-08,RM-GPK-1,Kit,high,2061,"Jiangmen Shun Ming Household Co., Ltd (Alibec)",444,1000,1000,1000,0.5,0.0,120.0,1.0,10.0,5.166666666666667,14.121764848072015,62.0,high,1.0,4125.0,,,4568.0,884.1290322580645,620.0,long,high,Low,1.3454580380473212e-05,155.0,Inventory position currently adequate relative to projected demand and replenishment window.
2734,2026-03-08,RM-APK-1,Kit,high,2061,"Jiangmen Shun Ming Household Co., Ltd (Alibec)",81,1000,1000,1000,0.5,0.0,120.0,1.0,10.0,0.0,0.0,0.0,low,0.0,245.0,,,326.0,999.0,0.0,long,high,Low,3.305313105208041e-06,0.0,Inventory position currently adequate relative to projected demand and replenishment window.
2745,2026-03-08,BVM22-VTK-1,Kit,med,2061,"Jiangmen Shun Ming Household Co., Ltd (Alibec)",0,250,250,1000,0.5,0.0,120.0,1.0,10.0,0.0,0.0,0.0,low,0.0,0.0,,,0.0,999.0,0.0,long,high,Low,3.2770019659521374e-06,0.0,Inventory position currently adequate relative to projected demand and replenishment window.
2756,2026-03-08,CVPH43-PCK,Kit,high,2061,"Jiangmen Shun Ming Household Co., Ltd (Alibec)",15,1000,1000,1000,0.5,0.0,120.0,1.0,10.0,0.0,0.0,0.0,low,0.0,25.0,,,40.0,999.0,0.0,long,high,Low,3.2810901010090326e-06,0.0,Inventory position currently adequate relative to projected demand and replenishment window.
2766,2026-03-08,CS33/120-SCK,Kit,high,2061,"Jiangmen Shun Ming Household Co., Ltd (Alibec)",11,1000,1000,1000,0.5,0.0,120.0,1.0,10.0,0.0,0.0,0.0,low,0.0,0.0,,,11.0,999.0,0.0,long,high,Low,3.278007149469457e-06,0.0,Inventory position currently adequate relative to projected demand and replenishment window.
2767,2026-03-08,CS33/120-CWK,Kit,high,2061,"Jiangmen Shun Ming Household Co., Ltd (Alibec)",7,1000,1000,1000,0.5,0.0,120.0,1.0,10.0,1.0,0.0,1.0,low,0.0,0.0,,,7.0,7.0,120.0,long,high,Low,0.0007262867599709286,30.0,Inventory position currently adequate relative to projected demand and replenishment window.
2795,2026-03-08,RTC70040-U,Kit,high,2061,"Jiangmen Shun Ming Household Co., Ltd (Alibec)",2,1000,1000,1000,0.5,0.0,120.0,1.0,10.0,0.0,0.0,0.0,low,0.0,10.0,,,12.0,999.0,0.0,long,high,Low,3.2783176488301186e-06,0.0,Inventory position currently adequate relative to projected demand and replenishment window.
2807,2026-03-08,RTC01/85-HDW,Kit,high,2061,"Jiangmen Shun Ming Household Co., Ltd (Alibec)",10,1000,1000,1000,0.5,0.0,120.0,1.0,10.0,0.0,0.0,0.0,low,0.0,0.0,,,10.0,999.0,0.0,long,high,Low,3.2779265439319758e-06,0.0,Inventory position currently adequate relative to projected demand and replenishment window.
2808,2026-03-08,RTC10/16-HDW,Kit,high,2061,"Jiangmen Shun Ming Household Co., Ltd (Alibec)",0,1000,1000,1000,0.5,0.0,120.0,1.0,10.0,0.0,0.0,0.0,low,0.0,25.0,,,25.0,999.0,0.0,long,high,Low,3.2797847671175045e-06,0.0,Inventory position currently adequate relative to projected demand and replenishment window.
2815,2026-03-08,CVPS41-OTC,Kit,high,2061,"Jiangmen Shun Ming Household Co., Ltd (Alibec)",31,1000,1000,1000,0.5,0.0,120.0,1.0,10.0,0.0,0.0,0.0,low,0.0,50.0,,,81.0,999.0,0.0,long,high,Low,3.2847244564913247e-06,0.0,Inventory position currently adequate relative to projected demand and replenishment window.
2826,2026-03-08,CVPS43-SCK,Kit,high,2061,"Jiangmen Shun Ming Household Co., Ltd (Alibec)",8,1000,1000,1000,0.5,0.0,120.0,1.0,10.0,1.0,0.0,2.0,low,0.0,0.0,,,8.0,8.0,120.0,long,high,Low,0.0007273058430782494,30.0,Inventory position currently adequate relative to projected demand and replenishment window.
2848,2026-03-08,SN1416-AHK-1,Kit,high,2061,"Jiangmen Shun Ming Household Co., Ltd (Alibec)",9,1000,1000,1000,0.5,0.0,120.0,1.0,10.0,0.0,0.0,0.0,low,0.0,175.0,,,184.0,999.0,0.0,long,high,Low,3.297243078805622e-06,0.0,Inventory position currently adequate relative to projected demand and replenishment window.
2927,2026-03-08,RM14-HK-1,Kit,high,2061,"Jiangmen Shun Ming Household Co., Ltd (Alibec)",56,1000,1000,1000,0.5,0.0,120.0,1.0,10.0,1.0,0.0,2.0,low,0.0,400.0,,,456.0,456.0,120.0,long,high,Low,0.00034213922035571196,30.0,Inventory position currently adequate relative to projected demand and replenishment window.
2928,2026-03-08,RM18-HK-1,Kit,high,2061,"Jiangmen Shun Ming Household Co., Ltd (Alibec)",22,1000,1000,1000,0.5,0.0,120.0,1.0,10.0,1.0,0.0,1.0,low,0.0,505.0,,,527.0,527.0,120.0,long,high,Low,0.0002358209957968672,30.0,Inventory position currently adequate relative to projected demand and replenishment window.
2937,2026-03-08,RM20-HK-1,Kit,high,2061,"Jiangmen Shun Ming Household Co., Ltd (Alibec)",0,1000,1000,1000,0.5,0.0,120.0,1.0,10.0,0.0,0.0,0.0,low,0.0,727.0,,,727.0,999.0,0.0,long,high,Low,3.3563772264117185e-06,0.0,Inventory position currently adequate relative to projected demand and replenishment window.
2938,2026-03-08,RM-THR-1,Kit,high,2061,"Jiangmen Shun Ming Household Co., Ltd (Alibec)",53,1000,1000,1000,0.5,0.0,120.0,1.0,10.0,1.0,0.0,4.0,low,1.0,500.0,,,552.0,552.0,120.0,long,high,Low,0.00020314079381171011,30.0,Inventory position currently adequate relative to projected demand and replenishment window.
2939,2026-03-08,RM-UHP-1,Kit,high,2061,"Jiangmen Shun Ming Household Co., Ltd (Alibec)",38,1000,1000,1000,0.5,0.0,120.0,1.0,10.0,1.0,0.0,2.0,low,0.0,725.0,,,763.0,763.0,120.0,long,high,Low,4.140882601466932e-05,30.0,Inventory position currently adequate relative to projected demand and replenishment window.
2941,2026-03-08,RM-WK10-1,Kit,med,2061,"Jiangmen Shun Ming Household Co., Ltd (Alibec)",0,250,250,1000,0.5,0.0,120.0,1.0,10.0,0.0,0.0,0.0,low,0.0,0.0,,,0.0,999.0,0.0,long,high,Low,3.2770019659521374e-06,0.0,Inventory position currently adequate relative to projected demand and replenishment window.
2942,2026-03-08,RM-TWK-1,Kit,high,2061,"Jiangmen Shun Ming Household Co., Ltd (Alibec)",23,1000,1000,1000,0.5,0.0,120.0,1.0,10.0,0.0,0.0,0.0,low,0.0,302.0,,,325.0,999.0,0.0,long,high,Low,3.3121579467461775e-06,0.0,Inventory position currently adequate relative to projected demand and replenishment window.
2944,2026-03-08,RM16-RAK-1,Kit,high,2061,"Jiangmen Shun Ming Household Co., Ltd (Alibec)",0,1000,1000,1000,0.5,0.0,120.0,1.0,10.0,1.0,0.0,3.0,low,0.0,830.0,,,830.0,830.0,120.0,long,high,Low,2.198587368693975e-05,30.0,Inventory position currently adequate relative to projected demand and replenishment window.
2945,2026-03-08,RM18-RAK-1,Kit,high,2061,"Jiangmen Shun Ming Household Co., Ltd (Alibec)",58,1000,1000,1000,0.5,0.0,120.0,1.0,10.0,1.0,0.0,10.0,low,1.0,710.0,,,767.0,767.0,120.0,long,high,Low,3.989639511301956e-05,30.0,Inventory position currently adequate relative to projected demand and replenishment window.
2954,2026-03-08,PS43-CASK,Kit,high,2061,"Jiangmen Shun Ming Household Co., Ltd (Alibec)",23,1000,1000,1000,0.5,0.0,120.0,1.0,10.0,0.0,0.0,0.0,low,0.0,25.0,,,48.0,999.0,0.0,long,high,Low,3.2815877730534483e-06,0.0,Inventory position currently adequate relative to projected demand and replenishment window.
2965,2026-03-08,LS-SLK-1,Kit,high,2061,"Jiangmen Shun Ming Household Co., Ltd (Alibec)",5,1000,1000,1000,0.5,0.0,120.0,1.0,10.0,0.0,0.0,0.0,low,0.0,0.0,,,5.0,999.0,0.0,long,high,Low,3.277491187494598e-06,0.0,Inventory position currently adequate relative to projected demand and replenishment window.
2972,2026-03-08,BVM22-CBK-1,Kit,high,2061,"Jiangmen Shun Ming Household Co., Ltd (Alibec)",16,1000,1000,1000,0.5,0.0,120.0,1.0,10.0,1.3636363636363635,0.504524979109513,15.0,low,0.0,675.0,,,691.0,506.73333333333335,163.63636363636363,long,high,Low,0.0002660357822099617,40.90909090909091,Inventory position currently adequate relative to projected demand and replenishment window.
2983,2026-03-08,RB85821,Mower Blade,med,3029,"Kingxxel Tools Co., Ltd",0,250,250,500,0.5,0.0,120.0,1.0,10.0,0.0,0.0,0.0,low,0.0,30.0,,,30.0,999.0,0.0,long,high,Low,3.280340887003278e-06,0.0,Inventory position currently adequate relative to projected demand and replenishment window.
2985,2026-03-08,SN1416-BELT,Part,high,1913,Taizhou Oute Tools Manufacturing Co. Ltd,164,1000,1000,1000,0.02,0.0,120.0,1.0,10.0,1.0,0.0,1.0,low,146.0,1712.0,,,1730.0,1730.0,120.0,long,high,Low,1.0730668069913206e-11,30.0,Inventory position currently adequate relative to projected demand and replenishment window.
2414,2026-03-08,SAMPLE,Misc.,low,3514,Jiaxing Yat Trading Co. Ltd,15858,500,532,500,0.02,0.0,120.0,1.0,10.0,0.0,0.0,0.0,low,0.0,3.0,,,15861.0,999.0,0.0,long,high,Low,6.168116680409903e-42,0.0,Inventory position currently adequate relative to projected demand and replenishment window.
2998,2026-03-08,ST9-SC,Kit,high,2061,"Jiangmen Shun Ming Household Co., Ltd (Alibec)",93,1000,1000,1000,0.5,0.0,120.0,1.0,10.0,3.0,0.0,3.0,low,0.0,200.0,,,293.0,97.66666666666667,360.0,long,high,Low,0.0007809603165394384,90.0,Inventory position currently adequate relative to projected demand and replenishment window.
3011,2026-03-08,LPHT12022,Hedge Trimmer,high,1972,Ningbo E-Tech Electrical Industrial Co. Ltd,1448,1000,1001,500,1.12,0.0,120.0,1.0,10.0,1.1022727272727273,0.9594032236002469,97.0,med,2.0,41180.0,,,42626.0,38671.01030927835,132.27272727272728,long,high,Low,0.0,33.06818181818182,Inventory position currently adequate relative to projected demand and replenishment window.
3014,2026-03-08,RM-HA,Kit,high,2061,"Jiangmen Shun Ming Household Co., Ltd (Alibec)",9,1000,1000,1000,0.5,0.0,120.0,1.0,10.0,0.0,0.0,0.0,low,0.0,175.0,,,184.0,999.0,0.0,long,high,Low,3.297243078805622e-06,0.0,Inventory position currently adequate relative to projected demand and replenishment window.
3039,2026-03-08,BL82040,Battery,high,2053,Zhejiang Top Power Technology,0,1000,1000,500,0.25,0.0,120.0,1.0,10.0,1.0,0.0,6.0,low,0.0,800.0,,,800.0,800.0,120.0,long,high,Low,2.9422426016411368e-05,30.0,Inventory position currently adequate relative to projected demand and replenishment window.
3041,2026-03-08,CHL84000,Battery Charger,high,2053,Zhejiang Top Power Technology,47,1000,1000,500,0.15,0.0,120.0,1.0,10.0,1.0,0.0,4.0,low,1.0,560.0,,,606.0,606.0,120.0,long,high,Low,0.00014334490419678144,30.0,Inventory position currently adequate relative to projected demand and replenishment window.
3045,2026-03-08,BL85040,Battery,high,2053,Zhejiang Top Power Technology,0,1000,1000,500,0.25,0.0,120.0,1.0,10.0,0.0,0.0,0.0,low,0.0,550.0,,,550.0,999.0,0.0,long,high,Low,3.3373546301907903e-06,0.0,Inventory position currently adequate relative to projected demand and replenishment window.
3072,2026-03-08,LSS10272PS,Shrub Sheer,high,44831,Ducar Technology Company Limited,559,1000,1001,500,0.25,0.0,90.0,1.0,15.0,28.22222222222222,141.4508159514583,762.0,high,1169.0,29065.0,,,28455.0,1008.248031496063,2540.0,medium,high,High,0.9999998130764173,846.6666666666666,High projected stockout exposure based on inventory position and lead-time demand.
3073,2026-03-08,PR17215S,Pruner,high,44831,Ducar Technology Company Limited,180,1000,1000,500,0.25,0.0,90.0,1.0,15.0,1.7171717171717171,4.967322614850806,170.0,high,139.0,25188.0,,,25229.0,14692.182352941178,154.54545454545453,medium,high,Low,0.0,51.515151515151516,Inventory position currently adequate relative to projected demand and replenishment window.
3074,2026-03-08,PR17216PS,Hedge Trimmer,high,1972,Ningbo E-Tech Electrical Industrial Co. Ltd,208,1000,1000,500,1.12,0.0,120.0,1.0,10.0,1.0217391304347827,0.14744195615489716,47.0,low,1.0,13964.0,,,14171.0,13869.489361702126,122.60869565217392,long,high,Low,0.0,30.65217391304348,Inventory position currently adequate relative to projected demand and replenishment window.
3088,2026-03-08,50514,Mower,high,44801,"Chongqing Dajiang Power Equipment Co., Ltd. (Ducar)",45,1000,1000,500,1.5,0.0,90.0,1.0,15.0,1.0,0.0,5.0,low,500.0,61108.0,,,60653.0,60653.0,90.0,medium,high,Low,0.0,30.0,Inventory position currently adequate relative to projected demand and replenishment window.
3094,2026-03-08,PS44008,Pole Saw,high,44830,"Shenzhen Lidewei Supply Chain Co., Ltd",162,1000,1000,500,1.12,0.0,120.0,1.0,10.0,1.0,0.0,62.0,low,0.0,7621.0,,,7783.0,7783.0,120.0,long,high,Low,6.138405997600054e-180,30.0,Inventory position currently adequate relative to projected demand and replenishment window.
3108,2026-03-08,PS45010S,Pole Saw,high,44830,"Shenzhen Lidewei Supply Chain Co., Ltd",1958,1000,1002,500,1.12,0.0,120.0,1.0,10.0,1.0,0.0,44.0,low,12.0,59412.0,,,61358.0,61358.0,120.0,long,high,Low,0.0,30.0,Inventory position currently adequate relative to projected demand and replenishment window.
3112,2026-03-08,CVPS43010MW,Pole Saw,high,44830,"Shenzhen Lidewei Supply Chain Co., Ltd",0,1000,1000,500,1.12,0.0,120.0,1.0,10.0,590.0,0.0,590.0,low,0.0,9066.0,,,9066.0,15.366101694915255,70800.0,long,high,High,1.0,17700.0,High projected stockout exposure based on inventory position and lead-time demand.
3154,2026-03-08,ED-HHK,Kit,med,2061,"Jiangmen Shun Ming Household Co., Ltd (Alibec)",0,250,250,1000,0.5,0.0,120.0,1.0,10.0,0.0,0.0,0.0,low,0.0,55.0,,,55.0,999.0,0.0,long,high,Low,3.2831192788253292e-06,0.0,Inventory position currently adequate relative to projected demand and replenishment window.
3186,2026-03-08,RTC105S-TK,Kit,high,2061,"Jiangmen Shun Ming Household Co., Ltd (Alibec)",7,1000,1000,1000,0.5,0.0,120.0,1.0,10.0,0.0,0.0,0.0,low,0.0,20.0,,,27.0,999.0,0.0,long,high,Low,3.279898104262592e-06,0.0,Inventory position currently adequate relative to projected demand and replenishment window.
3247,2026-03-08,PS0810-PAK-1,Kit,med,2061,"Jiangmen Shun Ming Household Co., Ltd (Alibec)",0,250,250,1000,0.5,0.0,120.0,1.0,10.0,0.0,0.0,0.0,low,0.0,35.0,,,35.0,999.0,0.0,long,high,Low,3.280896859857497e-06,0.0,Inventory position currently adequate relative to projected demand and replenishment window.
3248,2026-03-08,PS0810-RHK-1,Kit,high,2061,"Jiangmen Shun Ming Household Co., Ltd (Alibec)",2,1000,1000,1000,0.5,0.0,120.0,1.0,10.0,0.0,0.0,0.0,low,0.0,45.0,,,47.0,999.0,0.0,long,high,Low,3.2822103861478067e-06,0.0,Inventory position currently adequate relative to projected demand and replenishment window.
3249,2026-03-08,PS0810-SCA-1,Kit,high,2061,"Jiangmen Shun Ming Household Co., Ltd (Alibec)",6,1000,1000,1000,0.5,0.0,120.0,1.0,10.0,0.0,0.0,0.0,low,0.0,35.0,,,41.0,999.0,0.0,long,high,Low,3.2814771316868433e-06,0.0,Inventory position currently adequate relative to projected demand and replenishment window.
3331,2026-03-08,BL14-CBK-1,Kit,high,2061,"Jiangmen Shun Ming Household Co., Ltd (Alibec)",218,1000,1000,1000,0.5,0.0,120.0,1.0,10.0,0.0,0.0,0.0,low,0.0,400.0,,,618.0,999.0,0.0,long,high,Low,3.291645742635372e-06,0.0,Inventory position currently adequate relative to projected demand and replenishment window.
3336,2026-03-08,LSS-GSA,Kit,high,2061,"Jiangmen Shun Ming Household Co., Ltd (Alibec)",14,1000,1000,1000,0.5,0.0,120.0,1.0,10.0,1.75,0.5,7.0,low,1.0,750.0,,,763.0,436.0,210.0,long,high,Low,0.00037964451530169286,52.5,Inventory position currently adequate relative to projected demand and replenishment window.
3337,2026-03-08,LSS-HTA,Kit,high,2061,"Jiangmen Shun Ming Household Co., Ltd (Alibec)",1,1000,1000,1000,0.5,0.0,120.0,1.0,10.0,0.0,0.0,0.0,low,0.0,75.0,,,76.0,999.0,0.0,long,high,Low,3.2854413839598677e-06,0.0,Inventory position currently adequate relative to projected demand and replenishment window.
3338,2026-03-08,LSS-PAK,Kit,high,2061,"Jiangmen Shun Ming Household Co., Ltd (Alibec)",0,1000,1000,1000,0.5,0.0,120.0,1.0,10.0,0.0,0.0,0.0,low,0.0,60.0,,,60.0,999.0,0.0,long,high,Low,3.283674514921649e-06,0.0,Inventory position currently adequate relative to projected demand and replenishment window.
3339,2026-03-08,CHL90072,Battery Charger,high,2053,Zhejiang Top Power Technology,19,1000,1000,500,0.15,0.0,120.0,1.0,10.0,1.0,0.0,41.0,low,1.0,1600.0,,,1618.0,1618.0,120.0,long,high,Low,1.2308068857377653e-10,30.0,Inventory position currently adequate relative to projected demand and replenishment window.
3432,2026-03-08,CVPS43-THK-1,Kit,med,2061,"Jiangmen Shun Ming Household Co., Ltd (Alibec)",71,250,250,1000,0.5,0.0,120.0,1.0,10.0,1.0,0.0,3.0,low,0.0,420.0,,,491.0,491.0,120.0,long,high,Low,0.00028695751117007075,30.0,Inventory position currently adequate relative to projected demand and replenishment window.
3434,2026-03-08,RTC70020/25-TK-1,Kit,med,2061,"Jiangmen Shun Ming Household Co., Ltd (Alibec)",0,250,250,1000,0.5,0.0,120.0,1.0,10.0,0.0,0.0,0.0,low,0.0,10.0,,,10.0,999.0,0.0,long,high,Low,3.278115526338515e-06,0.0,Inventory position currently adequate relative to projected demand and replenishment window.
3441,2026-03-08,CHL82000,Battery Charger,high,2053,Zhejiang Top Power Technology,3434,1000,1003,500,0.15,0.0,120.0,1.0,10.0,1.0446428571428572,0.28119413502088114,117.0,low,6.0,2420.0,,,5848.0,5598.08547008547,125.35714285714286,long,high,Low,1.340216631706253e-95,31.339285714285715,Inventory position currently adequate relative to projected demand and replenishment window.
3510,2026-03-08,LS21/26-HK,Kit,high,2061,"Jiangmen Shun Ming Household Co., Ltd (Alibec)",0,1000,1000,1000,0.5,0.0,120.0,1.0,10.0,0.0,0.0,0.0,low,0.0,1200.0,,,1200.0,999.0,0.0,long,high,Low,3.4062043988655247e-06,0.0,Inventory position currently adequate relative to projected demand and replenishment window.
3517,2026-03-08,TCT-70016-1,Part,med,1913,Taizhou Oute Tools Manufacturing Co. Ltd,10,250,250,1000,0.02,0.0,120.0,1.0,10.0,0.0,0.0,0.0,low,0.0,35.0,,,45.0,999.0,0.0,long,high,Low,3.28182083488237e-06,0.0,Inventory position currently adequate relative to projected demand and replenishment window.
5127,2026-03-08,SN74022,Snow Thrower,high,1977,"Cixi Huazhijie Plastic Product Co., Ltd",0,1000,1000,500,1.62,0.0,120.0,1.0,10.0,1.0,0.0,26.0,low,0.0,2698.0,,,2698.0,2698.0,120.0,long,high,Low,7.217833927743657e-24,30.0,Inventory position currently adequate relative to projected demand and replenishment window.
5309,2026-03-08,100,hand tool,high,44837,"Shenzhen Qusart Technology Co., Ltd.",433,1000,1000,500,0.25,0.0,120.0,1.0,10.0,1.125,0.5860431741277665,117.0,med,6.0,18392.0,,,18819.0,16728.0,135.0,long,high,Low,0.0,33.75,Inventory position currently adequate relative to projected demand and replenishment window.
5310,2026-03-08,101,hand tool,high,44837,"Shenzhen Qusart Technology Co., Ltd.",42,1000,1000,500,0.25,0.0,120.0,1.0,10.0,4.75,2.5,19.0,med,0.0,9336.0,,,9378.0,1974.3157894736842,570.0,long,high,Low,3.5753270784922284e-14,142.5,Inventory position currently adequate relative to projected demand and replenishment window.
5311,2026-03-08,102,hand tool,high,44837,"Shenzhen Qusart Technology Co., Ltd.",2690,1000,1003,500,0.25,0.0,120.0,1.0,10.0,1.3333333333333333,1.5564196876885175,136.0,high,410.0,31292.0,,,33572.0,25179.0,160.0,long,high,Low,0.0,40.0,Inventory position currently adequate relative to projected demand and replenishment window.
5312,2026-03-08,103,hand tool,high,44837,"Shenzhen Qusart Technology Co., Ltd.",494,1000,1000,500,0.25,0.0,120.0,1.0,10.0,1.0,0.0,5.0,low,0.0,7800.0,,,8294.0,8294.0,120.0,long,high,Low,3.325461299831938e-204,30.0,Inventory position currently adequate relative to projected demand and replenishment window.
5313,2026-03-08,106,hand tool,med,44837,"Shenzhen Qusart Technology Co., Ltd.",403,250,252,500,0.25,0.0,120.0,1.0,10.0,9.0,4.242640687119285,18.0,low,0.0,5928.0,,,6331.0,703.4444444444445,1080.0,long,high,Low,7.582673805485801e-05,270.0,Inventory position currently adequate relative to projected demand and replenishment window.
5314,2026-03-08,200,hand tool,high,44837,"Shenzhen Qusart Technology Co., Ltd.",4,1000,1000,500,0.25,0.0,120.0,1.0,10.0,0.0,0.0,0.0,low,0.0,4046.0,,,4050.0,999.0,0.0,long,high,Low,3.6710112489021505e-06,0.0,Inventory position currently adequate relative to projected demand and replenishment window.
5317,2026-03-08,203,Shovel,high,2059,Tangshan Changzhi Farm Impls And Tools Dml Ltd,7,1000,1000,500,0.75,0.0,120.0,1.0,10.0,1.0,0.0,6.0,low,0.0,11344.0,,,11351.0,11351.0,120.0,long,high,Low,0.0,30.0,Inventory position currently adequate relative to projected demand and replenishment window.
5319,2026-03-08,205,Shovel,med,2059,Tangshan Changzhi Farm Impls And Tools Dml Ltd,0,250,250,500,0.75,0.0,120.0,1.0,10.0,0.0,0.0,0.0,low,0.0,8120.0,,,8120.0,999.0,0.0,long,high,Low,3.919372352157573e-06,0.0,Inventory position currently adequate relative to projected demand and replenishment window.
5322,2026-03-08,208,Shovel,low,2059,Tangshan Changzhi Farm Impls And Tools Dml Ltd,0,500,500,500,0.75,0.0,120.0,1.0,10.0,0.0,0.0,0.0,low,0.0,438.0,,,438.0,999.0,0.0,long,high,Low,3.32521512627125e-06,0.0,Inventory position currently adequate relative to projected demand and replenishment window.
5323,2026-03-08,212,Shovel,low,2059,Tangshan Changzhi Farm Impls And Tools Dml Ltd,0,500,500,500,0.75,0.0,120.0,1.0,10.0,0.0,0.0,0.0,low,0.0,2658.0,,,2658.0,999.0,0.0,long,high,Low,3.5497639887755113e-06,0.0,Inventory position currently adequate relative to projected demand and replenishment window.
5329,2026-03-08,10011,hand tool,high,44837,"Shenzhen Qusart Technology Co., Ltd.",0,1000,1000,500,0.25,0.0,120.0,1.0,10.0,1.1111111111111112,0.3333333333333333,10.0,low,133.0,5548.0,,,5415.0,4873.5,133.33333333333334,long,high,Low,1.0381529164847761e-71,33.333333333333336,Inventory position currently adequate relative to projected demand and replenishment window.
5330,2026-03-08,10023,hand tool,low,44837,"Shenzhen Qusart Technology Co., Ltd.",222,500,500,500,0.25,0.0,120.0,1.0,10.0,6.0,0.0,6.0,low,12.0,1801.0,,,2011.0,335.1666666666667,720.0,long,high,Low,0.000565311363953477,180.0,Inventory position currently adequate relative to projected demand and replenishment window.
5534,2026-03-08,10111,hand tool,med,44837,"Shenzhen Qusart Technology Co., Ltd.",0,250,250,500,0.25,0.0,120.0,1.0,10.0,0.0,0.0,0.0,low,85.0,3744.0,,,3659.0,999.0,0.0,long,high,Low,3.5562918577202285e-06,0.0,Inventory position currently adequate relative to projected demand and replenishment window.
5535,2026-03-08,10123,hand tool,low,44837,"Shenzhen Qusart Technology Co., Ltd.",328,500,501,500,0.25,0.0,120.0,1.0,10.0,1.0,0.0,1.0,low,12.0,1207.0,,,1523.0,1523.0,120.0,long,high,Low,7.995169295820367e-10,30.0,Inventory position currently adequate relative to projected demand and replenishment window.
5536,2026-03-08,10201,hand tool,high,44837,"Shenzhen Qusart Technology Co., Ltd.",5,1000,1000,500,0.25,0.0,120.0,1.0,10.0,0.0,0.0,0.0,low,0.0,2491.0,,,2496.0,999.0,0.0,long,high,Low,3.534601592302051e-06,0.0,Inventory position currently adequate relative to projected demand and replenishment window.
5539,2026-03-08,10211,hand tool,high,44837,"Shenzhen Qusart Technology Co., Ltd.",0,1000,1000,500,0.25,0.0,120.0,1.0,10.0,0.0,0.0,0.0,low,73.0,9890.0,,,9817.0,999.0,0.0,long,high,Low,3.882664766740268e-06,0.0,Inventory position currently adequate relative to projected demand and replenishment window.
5540,2026-03-08,10223,hand tool,med,44837,"Shenzhen Qusart Technology Co., Ltd.",45,250,250,500,0.25,0.0,120.0,1.0,10.0,11.0,0.0,11.0,low,14.0,1309.0,,,1340.0,121.81818181818181,1320.0,long,high,Low,0.00080706629224403,330.0,Inventory position currently adequate relative to projected demand and replenishment window.
5544,2026-03-08,10311,hand tool,low,44837,"Shenzhen Qusart Technology Co., Ltd.",432,500,501,500,0.25,0.0,120.0,1.0,10.0,1.2,0.4472135954999579,6.0,low,61.0,2394.0,,,2765.0,2304.166666666667,144.0,long,high,Low,2.9023108029861023e-18,36.0,Inventory position currently adequate relative to projected demand and replenishment window.
5545,2026-03-08,10323,hand tool,low,44837,"Shenzhen Qusart Technology Co., Ltd.",55,500,500,500,0.25,0.0,120.0,1.0,10.0,0.0,0.0,0.0,low,12.0,603.0,,,646.0,999.0,0.0,long,high,Low,3.3268090764397668e-06,0.0,Inventory position currently adequate relative to projected demand and replenishment window.
5548,2026-03-08,10611,hand tool,med,44837,"Shenzhen Qusart Technology Co., Ltd.",328,250,251,500,0.25,0.0,120.0,1.0,10.0,1.0,0.0,3.0,low,74.0,2325.0,,,2579.0,2579.0,120.0,long,high,Low,4.303741038892682e-22,30.0,Inventory position currently adequate relative to projected demand and replenishment window.
5549,2026-03-08,10623,hand tool,low,44837,"Shenzhen Qusart Technology Co., Ltd.",86,500,500,500,0.25,0.0,120.0,1.0,10.0,0.0,0.0,0.0,low,0.0,555.0,,,641.0,999.0,0.0,long,high,Low,3.3385770045894923e-06,0.0,Inventory position currently adequate relative to projected demand and replenishment window.
5552,2026-03-08,15011,hand tool,high,44837,"Shenzhen Qusart Technology Co., Ltd.",1008,1000,1001,500,0.25,0.0,120.0,1.0,10.0,1.5,0.7071067811865476,3.0,low,218.0,6774.0,,,7564.0,5042.666666666667,180.0,long,high,Low,9.852003842135055e-77,45.0,Inventory position currently adequate relative to projected demand and replenishment window.
5553,2026-03-08,15020,hand tool,med,44837,"Shenzhen Qusart Technology Co., Ltd.",474,250,252,500,0.25,0.0,120.0,1.0,10.0,8.571428571428571,12.177262183500622,60.0,high,3.0,4223.0,,,4694.0,547.6333333333333,1028.5714285714284,long,high,Low,0.00022329890644283827,257.1428571428571,Inventory position currently adequate relative to projected demand and replenishment window.
5556,2026-03-08,15211,hand tool,high,44837,"Shenzhen Qusart Technology Co., Ltd.",272,1000,1000,500,0.25,0.0,120.0,1.0,10.0,8.6,4.979959839195493,43.0,med,50.0,4967.0,,,5189.0,603.3720930232558,1032.0,long,high,Low,0.00015966895985187018,258.0,Inventory position currently adequate relative to projected demand and replenishment window.
5557,2026-03-08,15220,hand tool,low,44837,"Shenzhen Qusart Technology Co., Ltd.",207,500,500,500,0.25,0.0,120.0,1.0,10.0,1.0,0.0,1.0,low,0.0,1962.0,,,2169.0,2169.0,120.0,long,high,Low,1.6047884921675367e-16,30.0,Inventory position currently adequate relative to projected demand and replenishment window.
5560,2026-03-08,15311,hand tool,high,44837,"Shenzhen Qusart Technology Co., Ltd.",654,1000,1001,500,0.25,0.0,120.0,1.0,10.0,1.0,0.0,5.0,low,27.0,2638.0,,,3265.0,3265.0,120.0,long,high,Low,1.1303890046067138e-33,30.0,Inventory position currently adequate relative to projected demand and replenishment window.
5561,2026-03-08,15320,hand tool,low,44837,"Shenzhen Qusart Technology Co., Ltd.",287,500,501,500,0.25,0.0,120.0,1.0,10.0,0.0,0.0,0.0,low,0.0,1436.0,,,1723.0,999.0,0.0,long,high,Low,3.3670194549628073e-06,0.0,Inventory position currently adequate relative to projected demand and replenishment window.
5565,2026-03-08,15611,hand tool,high,44837,"Shenzhen Qusart Technology Co., Ltd.",719,1000,1001,500,0.25,0.0,120.0,1.0,10.0,1.0,0.0,4.0,low,134.0,3011.0,,,3596.0,3596.0,120.0,long,high,Low,2.892537101078348e-40,30.0,Inventory position currently adequate relative to projected demand and replenishment window.
5566,2026-03-08,15620,hand tool,med,44837,"Shenzhen Qusart Technology Co., Ltd.",348,250,251,500,0.25,0.0,120.0,1.0,10.0,1.0,0.0,1.0,low,1.0,1758.0,,,2105.0,2105.0,120.0,long,high,Low,9.335607146710294e-16,30.0,Inventory position currently adequate relative to projected demand and replenishment window.
5567,2026-03-08,16011,hand tool,high,44837,"Shenzhen Qusart Technology Co., Ltd.",5189,1000,1005,500,0.25,0.0,120.0,1.0,10.0,20.984126984126984,63.26072319237526,1322.0,high,931.0,118748.0,,,123006.0,5861.85930408472,2518.095238095238,long,high,Low,1.6712460103627053e-113,629.5238095238095,Inventory position currently adequate relative to projected demand and replenishment window.
5568,2026-03-08,16211,hand tool,high,44837,"Shenzhen Qusart Technology Co., Ltd.",4254,1000,1004,500,0.25,0.0,120.0,1.0,10.0,4.6923076923076925,9.877454255227029,61.0,high,903.0,49728.0,,,53079.0,11311.918032786885,563.0769230769231,long,high,Low,0.0,140.76923076923077,Inventory position currently adequate relative to projected demand and replenishment window.
5569,2026-03-08,17011,hand tool,high,44837,"Shenzhen Qusart Technology Co., Ltd.",1853,1000,1002,500,0.25,0.0,120.0,1.0,10.0,208.11111111111111,1167.2149949535624,7492.0,high,503.0,228892.0,,,230242.0,1106.3416978109983,24973.333333333332,long,high,Low,1.3254352047055935e-51,6243.333333333333,Inventory position currently adequate relative to projected demand and replenishment window.
5570,2026-03-08,17211,hand tool,high,44837,"Shenzhen Qusart Technology Co., Ltd.",1790,1000,1002,500,0.25,0.0,120.0,1.0,10.0,6.0,26.148778569746902,354.0,high,222.0,12461.0,,,14029.0,2338.1666666666665,720.0,long,high,Low,4.740180720829102e-19,180.0,Inventory position currently adequate relative to projected demand and replenishment window.
5572,2026-03-08,20002,Shovel,med,2059,Tangshan Changzhi Farm Impls And Tools Dml Ltd,0,250,250,500,0.75,0.0,120.0,1.0,10.0,0.0,0.0,0.0,low,0.0,144.0,,,144.0,999.0,0.0,long,high,Low,3.2929803175589123e-06,0.0,Inventory position currently adequate relative to projected demand and replenishment window.
5582,2026-03-08,20223,Shovel,low,2059,Tangshan Changzhi Farm Impls And Tools Dml Ltd,0,500,500,500,0.75,0.0,120.0,1.0,10.0,0.0,0.0,0.0,low,0.0,148.0,,,148.0,999.0,0.0,long,high,Low,3.2934224028092644e-06,0.0,Inventory position currently adequate relative to projected demand and replenishment window.
5597,2026-03-08,20611,Shovel,high,2059,Tangshan Changzhi Farm Impls And Tools Dml Ltd,5,1000,1000,500,0.75,0.0,120.0,1.0,10.0,0.0,0.0,0.0,low,0.0,253.0,,,258.0,999.0,0.0,long,high,Low,3.3054799505922495e-06,0.0,Inventory position currently adequate relative to projected demand and replenishment window.
5601,2026-03-08,20811,Shovel,high,2059,Tangshan Changzhi Farm Impls And Tools Dml Ltd,20,1000,1000,500,0.75,0.0,120.0,1.0,10.0,0.0,0.0,0.0,low,0.0,104.0,,,124.0,999.0,0.0,long,high,Low,3.2901834444438698e-06,0.0,Inventory position currently adequate relative to projected demand and replenishment window.
5602,2026-03-08,20823,Shovel,low,2059,Tangshan Changzhi Farm Impls And Tools Dml Ltd,0,500,500,500,0.75,0.0,120.0,1.0,10.0,0.0,0.0,0.0,low,0.0,162.0,,,162.0,999.0,0.0,long,high,Low,3.2949689471158007e-06,0.0,Inventory position currently adequate relative to projected demand and replenishment window.
5607,2026-03-08,22011,Shovel,high,2059,Tangshan Changzhi Farm Impls And Tools Dml Ltd,12498,1000,1012,500,0.75,0.0,120.0,1.0,10.0,171.72254335260115,852.8439518992722,29708.0,high,2282.0,735483.0,,,745699.0,4342.464218392352,20606.70520231214,long,high,Low,0.0,5151.676300578035,Inventory position currently adequate relative to projected demand and replenishment window.
5608,2026-03-08,22211,Shovel,high,2059,Tangshan Changzhi Farm Impls And Tools Dml Ltd,778,1000,1001,500,0.75,0.0,120.0,1.0,10.0,2.3469387755102042,8.437394494175328,115.0,high,9.0,11761.0,,,12530.0,5338.869565217391,281.6326530612245,long,high,Low,1.154761046293374e-85,70.40816326530613,Inventory position currently adequate relative to projected demand and replenishment window.
5609,2026-03-08,22311,Shovel,high,2059,Tangshan Changzhi Farm Impls And Tools Dml Ltd,694,1000,1001,500,0.75,0.0,120.0,1.0,10.0,1.5588235294117647,2.0477804165928304,53.0,high,808.0,45146.0,,,45032.0,28888.45283018868,187.05882352941177,long,high,Low,0.0,46.76470588235294,Inventory position currently adequate relative to projected demand and replenishment window.
5610,2026-03-08,22411,Shovel,high,2059,Tangshan Changzhi Farm Impls And Tools Dml Ltd,162,1000,1000,500,0.75,0.0,120.0,1.0,10.0,1.4,3.906453296596615,224.0,high,572.0,36907.0,,,36497.0,26069.285714285717,168.0,long,high,Low,0.0,42.0,Inventory position currently adequate relative to projected demand and replenishment window.
5611,2026-03-08,22511,Shovel,high,2059,Tangshan Changzhi Farm Impls And Tools Dml Ltd,1644,1000,1002,500,0.75,0.0,120.0,1.0,10.0,1.078740157480315,0.4647289568927012,137.0,low,13.0,22160.0,,,23791.0,22054.430656934306,129.4488188976378,long,high,Low,0.0,32.36220472440945,Inventory position currently adequate relative to projected demand and replenishment window.
5612,2026-03-08,22611,Shovel,high,2059,Tangshan Changzhi Farm Impls And Tools Dml Ltd,2698,1000,1003,500,0.75,0.0,120.0,1.0,10.0,9.666666666666666,40.58235498627309,232.0,high,228.0,47263.0,,,49733.0,5144.793103448276,1160.0,long,high,Low,1.7286952575224213e-81,290.0,Inventory position currently adequate relative to projected demand and replenishment window.
5613,2026-03-08,22711,Shovel,high,2059,Tangshan Changzhi Farm Impls And Tools Dml Ltd,520,1000,1001,500,0.75,0.0,120.0,1.0,10.0,1.0,0.0,20.0,low,360.0,7130.0,,,7290.0,7290.0,120.0,long,high,Low,5.153631474302243e-158,30.0,Inventory position currently adequate relative to projected demand and replenishment window.
5614,2026-03-08,22811,Shovel,low,2059,Tangshan Changzhi Farm Impls And Tools Dml Ltd,1110,500,502,500,0.75,0.0,120.0,1.0,10.0,1.7,1.2516655570345725,17.0,med,8.0,3143.0,,,4245.0,2497.0588235294117,204.0,long,high,Low,4.923353794155867e-21,51.0,Inventory position currently adequate relative to projected demand and replenishment window.
5615,2026-03-08,22911,Shovel,med,2059,Tangshan Changzhi Farm Impls And Tools Dml Ltd,640,250,253,500,0.75,0.0,120.0,1.0,10.0,1.0,0.0,5.0,low,2.0,3224.0,,,3862.0,3862.0,120.0,long,high,Low,5.3270907136967085e-46,30.0,Inventory position currently adequate relative to projected demand and replenishment window.
5616,2026-03-08,23011,Shovel,low,2059,Tangshan Changzhi Farm Impls And Tools Dml Ltd,161,500,500,500,0.75,0.0,120.0,1.0,10.0,1.2,0.4216370213557839,12.0,low,2.0,1520.0,,,1679.0,1399.1666666666667,144.0,long,high,Low,8.342983793794465e-09,36.0,Inventory position currently adequate relative to projected demand and replenishment window.
5617,2026-03-08,23211,Shovel,high,2059,Tangshan Changzhi Farm Impls And Tools Dml Ltd,749,1000,1001,500,0.75,0.0,120.0,1.0,10.0,1.0681818181818181,0.45226701686664555,47.0,low,480.0,6832.0,,,7101.0,6647.744680851064,128.1818181818182,long,high,Low,1.266760415373684e-131,32.04545454545455,Inventory position currently adequate relative to projected demand and replenishment window.
5618,2026-03-08,23311,Shovel,high,2059,Tangshan Changzhi Farm Impls And Tools Dml Ltd,1691,1000,1002,500,0.75,0.0,120.0,1.0,10.0,77.81521739130434,735.4163645285817,7159.0,high,1655.0,177973.0,,,178009.0,2287.5859756949294,9337.826086956522,long,high,Low,7.3174899188400816e-40,2334.4565217391305,Inventory position currently adequate relative to projected demand and replenishment window.
5621,2026-03-08,25011,Shovel,high,2059,Tangshan Changzhi Farm Impls And Tools Dml Ltd,285,1000,1000,500,0.75,0.0,120.0,1.0,10.0,1.0,0.0,5.0,low,0.0,1663.0,,,1948.0,1948.0,120.0,long,high,Low,5.970892291695143e-14,30.0,Inventory position currently adequate relative to projected demand and replenishment window.
5622,2026-03-08,25023,Shovel,med,2059,Tangshan Changzhi Farm Impls And Tools Dml Ltd,0,250,250,500,0.75,0.0,120.0,1.0,10.0,0.0,0.0,0.0,low,0.0,513.0,,,513.0,999.0,0.0,long,high,Low,3.3333529719820757e-06,0.0,Inventory position currently adequate relative to projected demand and replenishment window.
5625,2026-03-08,25111,Shovel,low,2059,Tangshan Changzhi Farm Impls And Tools Dml Ltd,189,500,500,500,0.75,0.0,120.0,1.0,10.0,1.0,0.0,2.0,low,1.0,485.0,,,673.0,673.0,120.0,long,high,Low,8.694914683540433e-05,30.0,Inventory position currently adequate relative to projected demand and replenishment window.
5626,2026-03-08,25123,Shovel,low,2059,Tangshan Changzhi Farm Impls And Tools Dml Ltd,91,500,500,500,0.75,0.0,120.0,1.0,10.0,0.0,0.0,0.0,low,0.0,401.0,,,492.0,999.0,0.0,long,high,Low,3.3214774445163075e-06,0.0,Inventory position currently adequate relative to projected demand and replenishment window.
5627,2026-03-08,25201,Shovel,low,2059,Tangshan Changzhi Farm Impls And Tools Dml Ltd,1,500,500,500,0.75,0.0,120.0,1.0,10.0,0.0,0.0,0.0,low,0.0,39.0,,,40.0,999.0,0.0,long,high,Low,3.2814436302635337e-06,0.0,Inventory position currently adequate relative to projected demand and replenishment window.
5629,2026-03-08,25211,Shovel,high,2059,Tangshan Changzhi Farm Impls And Tools Dml Ltd,72,1000,1000,500,0.75,0.0,120.0,1.0,10.0,1.0,0.0,3.0,low,0.0,1112.0,,,1184.0,1184.0,120.0,long,high,Low,2.7647089544257837e-07,30.0,Inventory position currently adequate relative to projected demand and replenishment window.
5630,2026-03-08,25223,Shovel,low,2059,Tangshan Changzhi Farm Impls And Tools Dml Ltd,65,500,500,500,0.75,0.0,120.0,1.0,10.0,0.0,0.0,0.0,low,0.0,795.0,,,860.0,999.0,0.0,long,high,Low,3.3655851143160217e-06,0.0,Inventory position currently adequate relative to projected demand and replenishment window.
5631,2026-03-08,25301,Shovel,low,2059,Tangshan Changzhi Farm Impls And Tools Dml Ltd,2,500,500,500,0.75,0.0,120.0,1.0,10.0,0.0,0.0,0.0,low,0.0,6.0,,,8.0,999.0,0.0,long,high,Low,3.2778723063911722e-06,0.0,Inventory position currently adequate relative to projected demand and replenishment window.
5632,2026-03-08,25302,Shovel,low,2059,Tangshan Changzhi Farm Impls And Tools Dml Ltd,34,500,500,500,0.75,0.0,120.0,1.0,10.0,0.0,0.0,0.0,low,0.0,1858.0,,,1892.0,999.0,0.0,long,high,Low,3.4750223844833946e-06,0.0,Inventory position currently adequate relative to projected demand and replenishment window.
5633,2026-03-08,25311,Shovel,high,2059,Tangshan Changzhi Farm Impls And Tools Dml Ltd,155,1000,1000,500,0.75,0.0,120.0,1.0,10.0,1.0666666666666667,0.2581988897471611,16.0,low,0.0,1845.0,,,2000.0,1875.0,128.0,long,high,Low,3.739191857420846e-13,32.0,Inventory position currently adequate relative to projected demand and replenishment window.
5640,2026-03-08,25602,Shovel,high,2059,Tangshan Changzhi Farm Impls And Tools Dml Ltd,461,1000,1000,500,0.75,0.0,120.0,1.0,10.0,1.0833333333333333,0.28867513459481287,13.0,low,302.0,8485.0,,,8644.0,7979.076923076924,130.0,long,high,Low,4.782106209666839e-189,32.5,Inventory position currently adequate relative to projected demand and replenishment window.
5641,2026-03-08,25611,Shovel,high,2059,Tangshan Changzhi Farm Impls And Tools Dml Ltd,1273,1000,1001,500,0.75,0.0,120.0,1.0,10.0,1.0,0.0,8.0,low,4.0,6804.0,,,8073.0,8073.0,120.0,long,high,Low,1.002391520369039e-193,30.0,Inventory position currently adequate relative to projected demand and replenishment window.
5642,2026-03-08,25623,Shovel,med,2059,Tangshan Changzhi Farm Impls And Tools Dml Ltd,8,250,250,500,0.75,0.0,120.0,1.0,10.0,0.0,0.0,0.0,low,0.0,500.0,,,508.0,999.0,0.0,long,high,Low,3.3326947768484572e-06,0.0,Inventory position currently adequate relative to projected demand and replenishment window.
5645,2026-03-08,25811,Shovel,med,2059,Tangshan Changzhi Farm Impls And Tools Dml Ltd,571,250,252,500,0.75,0.0,120.0,1.0,10.0,1.0,0.0,6.0,low,0.0,1359.0,,,1930.0,1930.0,120.0,long,high,Low,8.670421462691835e-14,30.0,Inventory position currently adequate relative to projected demand and replenishment window.
5646,2026-03-08,25823,Shovel,high,2059,Tangshan Changzhi Farm Impls And Tools Dml Ltd,61,1000,1000,500,0.75,0.0,120.0,1.0,10.0,0.0,0.0,0.0,low,2.0,1016.0,,,1075.0,999.0,0.0,long,high,Low,3.3857572679665975e-06,0.0,Inventory position currently adequate relative to projected demand and replenishment window.
5648,2026-03-08,27202,Shovel,high,2059,Tangshan Changzhi Farm Impls And Tools Dml Ltd,2,1000,1000,500,0.75,0.0,120.0,1.0,10.0,0.0,0.0,0.0,low,0.0,1045.0,,,1047.0,999.0,0.0,long,high,Low,3.390239734393753e-06,0.0,Inventory position currently adequate relative to projected demand and replenishment window.
5653,2026-03-08,30411,hand tool,low,44837,"Shenzhen Qusart Technology Co., Ltd.",0,500,500,500,0.25,0.0,120.0,1.0,10.0,0.0,0.0,0.0,low,0.0,11068.0,,,11068.0,999.0,0.0,long,high,Low,3.986522682723495e-06,0.0,Inventory position currently adequate relative to projected demand and replenishment window.
5654,2026-03-08,30501,hand tool,low,44837,"Shenzhen Qusart Technology Co., Ltd.",0,500,500,500,0.25,0.0,120.0,1.0,10.0,0.0,0.0,0.0,low,0.0,140.0,,,140.0,999.0,0.0,long,high,Low,3.2925381366535165e-06,0.0,Inventory position currently adequate relative to projected demand and replenishment window.
5656,2026-03-08,30511,hand tool,high,44837,"Shenzhen Qusart Technology Co., Ltd.",0,1000,1000,500,0.25,0.0,120.0,1.0,10.0,0.0,0.0,0.0,low,0.0,1284.0,,,1284.0,999.0,0.0,long,high,Low,3.41489517806922e-06,0.0,Inventory position currently adequate relative to projected demand and replenishment window.
5658,2026-03-08,31002,hand tool,low,44837,"Shenzhen Qusart Technology Co., Ltd.",0,500,500,500,0.25,0.0,120.0,1.0,10.0,0.0,0.0,0.0,low,0.0,42.0,,,42.0,999.0,0.0,long,high,Low,3.281674974637357e-06,0.0,Inventory position currently adequate relative to projected demand and replenishment window.
5663,2026-03-08,36011,hand tool,med,44837,"Shenzhen Qusart Technology Co., Ltd.",0,250,250,500,0.25,0.0,120.0,1.0,10.0,0.0,0.0,0.0,low,0.0,4052.0,,,4052.0,999.0,0.0,long,high,Low,3.6711423134526188e-06,0.0,Inventory position currently adequate relative to projected demand and replenishment window.
5963,2026-03-08,75005,Shovel,med,2059,Tangshan Changzhi Farm Impls And Tools Dml Ltd,19,250,250,500,0.75,0.0,120.0,1.0,10.0,0.0,0.0,0.0,low,0.0,132.0,,,151.0,999.0,0.0,long,high,Low,3.2932206935365747e-06,0.0,Inventory position currently adequate relative to projected demand and replenishment window.
5964,2026-03-08,75003,Shovel,low,2059,Tangshan Changzhi Farm Impls And Tools Dml Ltd,108,500,500,500,0.75,0.0,120.0,1.0,10.0,0.0,0.0,0.0,low,0.0,430.0,,,538.0,999.0,0.0,long,high,Low,3.3226657605101708e-06,0.0,Inventory position currently adequate relative to projected demand and replenishment window.
5965,2026-03-08,75004,Shovel,low,2059,Tangshan Changzhi Farm Impls And Tools Dml Ltd,47,500,500,500,0.75,0.0,120.0,1.0,10.0,0.0,0.0,0.0,low,0.0,48.0,,,95.0,999.0,0.0,long,high,Low,3.2848051564530503e-06,0.0,Inventory position currently adequate relative to projected demand and replenishment window.
5967,2026-03-08,R3PF,Shovel,low,2059,Tangshan Changzhi Farm Impls And Tools Dml Ltd,0,500,500,500,0.75,0.0,120.0,1.0,10.0,0.0,0.0,0.0,low,0.0,100.0,,,100.0,999.0,0.0,long,high,Low,3.288111078559681e-06,0.0,Inventory position currently adequate relative to projected demand and replenishment window.
5968,2026-03-08,R4PF,Shovel,low,2059,Tangshan Changzhi Farm Impls And Tools Dml Ltd,0,500,500,500,0.75,0.0,120.0,1.0,10.0,0.0,0.0,0.0,low,0.0,100.0,,,100.0,999.0,0.0,long,high,Low,3.288111078559681e-06,0.0,Inventory position currently adequate relative to projected demand and replenishment window.
5969,2026-03-08,R6PF,Shovel,low,2059,Tangshan Changzhi Farm Impls And Tools Dml Ltd,0,500,500,500,0.75,0.0,120.0,1.0,10.0,0.0,0.0,0.0,low,0.0,200.0,,,200.0,999.0,0.0,long,high,Low,3.299160781681592e-06,0.0,Inventory position currently adequate relative to projected demand and replenishment window.
5971,2026-03-08,101-08,Reel Mower,low,1039,Zhejiang Saige Garden Machinery Co,0,500,500,500,1.5,0.0,120.0,1.0,10.0,0.0,0.0,0.0,low,0.0,4360.0,,,4360.0,999.0,0.0,long,high,Low,3.695664283227102e-06,0.0,Inventory position currently adequate relative to projected demand and replenishment window.
5982,2026-03-08,750032P,Shovel,low,2059,Tangshan Changzhi Farm Impls And Tools Dml Ltd,200,500,500,500,0.75,0.0,120.0,1.0,10.0,0.0,0.0,0.0,low,0.0,400.0,,,600.0,999.0,0.0,long,high,Low,3.297971011777156e-06,0.0,Inventory position currently adequate relative to projected demand and replenishment window.
5989,2026-03-08,RTC70125-TK,Kit,med,2061,"Jiangmen Shun Ming Household Co., Ltd (Alibec)",0,250,250,1000,0.5,0.0,120.0,1.0,10.0,0.0,0.0,0.0,low,0.0,10.0,,,10.0,999.0,0.0,long,high,Low,3.278115526338515e-06,0.0,Inventory position currently adequate relative to projected demand and replenishment window.
5993,2026-03-08,GC91416,Grass Catcher,high,1039,Zhejiang Saige Garden Machinery Co,2742,1000,1003,500,1.5,0.0,120.0,1.0,10.0,1.0,0.0,43.0,low,1810.0,30727.0,,,31659.0,31659.0,120.0,long,high,Low,0.0,30.0,Inventory position currently adequate relative to projected demand and replenishment window.
5994,2026-03-08,GC91820,Grass Catcher,med,1039,Zhejiang Saige Garden Machinery Co,3128,250,263,500,1.5,0.0,120.0,1.0,10.0,19.416666666666668,81.39432555088872,466.0,high,194.0,12908.0,,,15842.0,815.8969957081545,2330.0,long,high,Low,1.326897174257807e-06,582.5,Inventory position currently adequate relative to projected demand and replenishment window.
6005,2026-03-08,716-18S,Reel Mower,high,1039,Zhejiang Saige Garden Machinery Co,1203,1000,1001,500,1.5,0.0,120.0,1.0,10.0,1.0,0.0,18.0,low,659.0,12867.0,,,13411.0,13411.0,120.0,long,high,Low,0.0,30.0,Inventory position currently adequate relative to projected demand and replenishment window.
6016,2026-03-08,PS45010,Pole Saw,med,44830,"Shenzhen Lidewei Supply Chain Co., Ltd",0,250,250,500,1.12,0.0,120.0,1.0,10.0,0.0,0.0,0.0,low,0.0,8998.0,,,8998.0,999.0,0.0,long,high,Low,3.9497988763365495e-06,0.0,Inventory position currently adequate relative to projected demand and replenishment window.
6018,2026-03-08,70076-H1,Shovel,low,2059,Tangshan Changzhi Farm Impls And Tools Dml Ltd,0,500,500,500,0.75,0.0,120.0,1.0,10.0,0.0,0.0,0.0,low,0.0,0.0,,,0.0,999.0,0.0,long,high,Low,3.2770019659521374e-06,0.0,Inventory position currently adequate relative to projected demand and replenishment window.
6022,2026-03-08,RA-001,Boxed Shovel,high,2031,Foshan City Nanhai Yiqing Metal Product Co. Ltd,1921,1000,1002,500,0.75,0.0,120.0,1.0,10.0,1.0,0.0,23.0,low,8.0,30892.0,,,32805.0,32805.0,120.0,long,high,Low,0.0,30.0,Inventory position currently adequate relative to projected demand and replenishment window.
6023,2026-03-08,RA-002,Boxed Shovel,high,2031,Foshan City Nanhai Yiqing Metal Product Co. Ltd,500,1000,1001,500,0.75,0.0,120.0,1.0,10.0,1.255813953488372,1.0711147565529224,54.0,med,801.0,14835.0,,,14534.0,11573.37037037037,150.69767441860466,long,high,Low,0.0,37.674418604651166,Inventory position currently adequate relative to projected demand and replenishment window.
6024,2026-03-08,RA-003,Boxed Shovel,high,2031,Foshan City Nanhai Yiqing Metal Product Co. Ltd,475,1000,1000,500,0.75,0.0,120.0,1.0,10.0,1.2608695652173914,1.0538842141140994,29.0,med,202.0,2722.0,,,2995.0,2375.344827586207,151.30434782608697,long,high,Low,3.3022089711507963e-19,37.82608695652174,Inventory position currently adequate relative to projected demand and replenishment window.
6026,2026-03-08,OS-002,Shovel,high,2059,Tangshan Changzhi Farm Impls And Tools Dml Ltd,136,1000,1000,500,0.75,0.0,120.0,1.0,10.0,1.05,0.22360679774997896,21.0,low,3.0,1809.0,,,1942.0,1849.5238095238094,126.0,long,high,Low,6.911936317094773e-13,31.5,Inventory position currently adequate relative to projected demand and replenishment window.
6027,2026-03-08,RK-001,Rake,med,2031,Foshan City Nanhai Yiqing Metal Product Co. Ltd,711,250,253,500,0.75,0.0,120.0,1.0,10.0,1.1,0.34682827893997314,77.0,low,7.0,7566.0,,,8270.0,7518.181818181818,132.0,long,high,Low,4.678735774475807e-168,33.0,Inventory position currently adequate relative to projected demand and replenishment window.
6048,2026-03-08,23301,Shovel,low,2059,Tangshan Changzhi Farm Impls And Tools Dml Ltd,18,500,500,500,0.75,0.0,120.0,1.0,10.0,0.0,0.0,0.0,low,0.0,6392.0,,,6410.0,999.0,0.0,long,high,Low,3.835796773739085e-06,0.0,Inventory position currently adequate relative to projected demand and replenishment window.
6057,2026-03-08,LST20-AHK-2,Kit,high,2061,"Jiangmen Shun Ming Household Co., Ltd (Alibec)",40,1000,1000,1000,0.5,0.0,120.0,1.0,10.0,0.0,0.0,0.0,low,0.0,100.0,,,140.0,999.0,0.0,long,high,Low,3.290504261027479e-06,0.0,Inventory position currently adequate relative to projected demand and replenishment window.
6059,2026-03-08,LST20-PGK-2,Kit,med,2061,"Jiangmen Shun Ming Household Co., Ltd (Alibec)",0,250,250,1000,0.5,0.0,120.0,1.0,10.0,0.0,0.0,0.0,low,0.0,100.0,,,100.0,999.0,0.0,long,high,Low,3.288111078559681e-06,0.0,Inventory position currently adequate relative to projected demand and replenishment window.
6060,2026-03-08,LST20-SRK-1,Kit,high,2061,"Jiangmen Shun Ming Household Co., Ltd (Alibec)",54,1000,1000,1000,0.5,0.0,120.0,1.0,10.0,0.0,0.0,0.0,low,0.0,400.0,,,454.0,999.0,0.0,long,high,Low,3.3234354080059876e-06,0.0,Inventory position currently adequate relative to projected demand and replenishment window.
6062,2026-03-08,23511,Shovel,high,2059,Tangshan Changzhi Farm Impls And Tools Dml Ltd,626,1000,1001,500,0.75,0.0,120.0,1.0,10.0,1.0,0.0,45.0,low,10.0,4505.0,,,5121.0,5121.0,120.0,long,high,Low,5.3482313712946147e-79,30.0,Inventory position currently adequate relative to projected demand and replenishment window.
6063,2026-03-08,70078-H1,Shovel,low,2059,Tangshan Changzhi Farm Impls And Tools Dml Ltd,0,500,500,500,0.75,0.0,120.0,1.0,10.0,0.0,0.0,0.0,low,0.0,0.0,,,0.0,999.0,0.0,long,high,Low,3.2770019659521374e-06,0.0,Inventory position currently adequate relative to projected demand and replenishment window.
6081,2026-03-08,R2PF,Shovel,low,2059,Tangshan Changzhi Farm Impls And Tools Dml Ltd,0,500,500,500,0.75,0.0,120.0,1.0,10.0,0.0,0.0,0.0,low,0.0,0.0,,,0.0,999.0,0.0,long,high,Low,3.2770019659521374e-06,0.0,Inventory position currently adequate relative to projected demand and replenishment window.
6082,2026-03-08,SN-HK-1,Part,high,1913,Taizhou Oute Tools Manufacturing Co. Ltd,327,1000,1000,1000,0.02,0.0,120.0,1.0,10.0,1.2,0.4472135954999579,6.0,low,0.0,600.0,,,927.0,772.5,144.0,long,high,Low,3.690318674132994e-05,36.0,Inventory position currently adequate relative to projected demand and replenishment window.
6084,2026-03-08,615-16S,Reel Mower,low,1039,Zhejiang Saige Garden Machinery Co,0,500,500,500,1.5,0.0,120.0,1.0,10.0,0.0,0.0,0.0,low,0.0,1000.0,,,1000.0,999.0,0.0,long,high,Low,3.385318101034715e-06,0.0,Inventory position currently adequate relative to projected demand and replenishment window.
6087,2026-03-08,DT-LHK-1,Kit,high,2061,"Jiangmen Shun Ming Household Co., Ltd (Alibec)",11,1000,1000,1000,0.5,0.0,120.0,1.0,10.0,0.0,0.0,0.0,low,0.0,50.0,,,61.0,999.0,0.0,long,high,Low,3.2835681089560653e-06,0.0,Inventory position currently adequate relative to projected demand and replenishment window.
6088,2026-03-08,DT-HK-1,Kit,high,2061,"Jiangmen Shun Ming Household Co., Ltd (Alibec)",49,1000,1000,1000,0.5,0.0,120.0,1.0,10.0,0.0,0.0,0.0,low,0.0,50.0,,,99.0,999.0,0.0,long,high,Low,3.2850259684276094e-06,0.0,Inventory position currently adequate relative to projected demand and replenishment window.
6089,2026-03-08,DT-GC-1,Kit,high,2061,"Jiangmen Shun Ming Household Co., Ltd (Alibec)",0,1000,1000,1000,0.5,0.0,120.0,1.0,10.0,0.0,0.0,0.0,low,0.0,50.0,,,50.0,999.0,0.0,long,high,Low,3.2825638951641585e-06,0.0,Inventory position currently adequate relative to projected demand and replenishment window.
6090,2026-03-08,DT-UHK-1,Kit,high,2061,"Jiangmen Shun Ming Household Co., Ltd (Alibec)",2,1000,1000,1000,0.5,0.0,120.0,1.0,10.0,0.0,0.0,0.0,low,0.0,50.0,,,52.0,999.0,0.0,long,high,Low,3.282765902823998e-06,0.0,Inventory position currently adequate relative to projected demand and replenishment window.
6091,2026-03-08,RM8-HK-1,Kit,high,2061,"Jiangmen Shun Ming Household Co., Ltd (Alibec)",7,1000,1000,1000,0.5,0.0,120.0,1.0,10.0,0.0,0.0,0.0,low,0.0,10.0,,,17.0,999.0,0.0,long,high,Low,3.278785243088039e-06,0.0,Inventory position currently adequate relative to projected demand and replenishment window.
6092,2026-03-08,RM8-UHP-1,Kit,high,2061,"Jiangmen Shun Ming Household Co., Ltd (Alibec)",7,1000,1000,1000,0.5,0.0,120.0,1.0,10.0,0.0,0.0,0.0,low,0.0,10.0,,,17.0,999.0,0.0,long,high,Low,3.278785243088039e-06,0.0,Inventory position currently adequate relative to projected demand and replenishment window.
6106,2026-03-08,Radius Header,Shovel,low,2059,Tangshan Changzhi Farm Impls And Tools Dml Ltd,0,500,500,500,0.75,0.0,120.0,1.0,10.0,0.0,0.0,0.0,low,0.0,0.0,,,0.0,999.0,0.0,long,high,Low,3.2770019659521374e-06,0.0,Inventory position currently adequate relative to projected demand and replenishment window.
6113,2026-03-08,RB80514,Mower Blade,med,3029,"Kingxxel Tools Co., Ltd",25,250,250,500,0.5,0.0,120.0,1.0,10.0,1.2857142857142858,0.48795003647426655,9.0,low,6.0,400.0,,,419.0,325.88888888888886,154.2857142857143,long,high,Low,0.0005673464130299761,38.57142857142858,Inventory position currently adequate relative to projected demand and replenishment window.
6115,2026-03-08,RA-004,Boxed Shovel,high,2031,Foshan City Nanhai Yiqing Metal Product Co. Ltd,169,1000,1000,500,0.75,0.0,120.0,1.0,10.0,1.005464480874317,0.07392212709545729,184.0,low,8.0,4440.0,,,4601.0,4575.994565217391,120.65573770491804,long,high,Low,1.6938549389306985e-63,30.16393442622951,Inventory position currently adequate relative to projected demand and replenishment window.
6117,2026-03-08,23711,Shovel,high,2059,Tangshan Changzhi Farm Impls And Tools Dml Ltd,968,1000,1001,500,0.75,0.0,120.0,1.0,10.0,1.05,0.22360679774997896,21.0,low,6.0,5417.0,,,6379.0,6075.238095238095,126.0,long,high,Low,2.11980576941371e-110,31.5,Inventory position currently adequate relative to projected demand and replenishment window.
6118,2026-03-08,23811,Shovel,high,2059,Tangshan Changzhi Farm Impls And Tools Dml Ltd,78,1000,1000,500,0.75,0.0,120.0,1.0,10.0,1.0,0.0,68.0,low,1.0,2650.0,,,2727.0,2727.0,120.0,long,high,Low,2.5461773252497453e-24,30.0,Inventory position currently adequate relative to projected demand and replenishment window.
6120,2026-03-08,90411,Shovel,high,2059,Tangshan Changzhi Farm Impls And Tools Dml Ltd,6,1000,1000,500,0.75,0.0,120.0,1.0,10.0,2.0,6.5869103066147305,224.0,high,0.0,1735.0,,,1741.0,870.5,240.0,long,high,Low,1.5200354875758159e-05,60.0,Inventory position currently adequate relative to projected demand and replenishment window.
6121,2026-03-08,RS95915,Kit,high,2061,"Jiangmen Shun Ming Household Co., Ltd (Alibec)",0,1000,1000,1000,0.5,0.0,120.0,1.0,10.0,0.0,0.0,0.0,low,0.0,500.0,,,500.0,999.0,0.0,long,high,Low,3.331944937280189e-06,0.0,Inventory position currently adequate relative to projected demand and replenishment window.
6123,2026-03-08,SN71012,Snow Thrower,med,1977,"Cixi Huazhijie Plastic Product Co., Ltd",38,250,250,500,1.62,0.0,120.0,1.0,10.0,1.125,0.3535533905932738,9.0,low,35.0,14035.0,,,14038.0,12478.222222222223,135.0,long,high,Low,0.0,33.75,Inventory position currently adequate relative to projected demand and replenishment window.
6128,2026-03-08,23411,Shovel,med,2059,Tangshan Changzhi Farm Impls And Tools Dml Ltd,203,250,251,500,0.75,0.0,120.0,1.0,10.0,1.0909090909090908,0.30151134457776363,12.0,low,2.0,2600.0,,,2801.0,2567.5833333333335,130.9090909090909,long,high,Low,6.660580849102297e-22,32.72727272727273,Inventory position currently adequate relative to projected demand and replenishment window.
6133,2026-03-08,50002,Boxed Shovel,high,2031,Foshan City Nanhai Yiqing Metal Product Co. Ltd,1935,1000,1002,500,0.75,0.0,120.0,1.0,10.0,1.0317460317460319,0.17673143177130224,65.0,low,3.0,27382.0,,,29314.0,28412.030769230765,123.80952380952382,long,high,Low,0.0,30.952380952380956,Inventory position currently adequate relative to projected demand and replenishment window.
6134,2026-03-08,SN70112,Snow Thrower,high,1977,"Cixi Huazhijie Plastic Product Co., Ltd",41,1000,1000,500,1.62,0.0,120.0,1.0,10.0,33.020833333333336,162.59249277157215,1585.0,high,40.0,14547.0,,,14548.0,440.57034700315455,3962.5000000000005,long,high,Low,0.00034893747061575823,990.6250000000001,Inventory position currently adequate relative to projected demand and replenishment window.
6142,2026-03-08,70024,Shovel,low,2059,Tangshan Changzhi Farm Impls And Tools Dml Ltd,1,500,500,500,0.75,0.0,120.0,1.0,10.0,0.0,0.0,0.0,low,0.0,160.0,,,161.0,999.0,0.0,long,high,Low,3.2948500085885514e-06,0.0,Inventory position currently adequate relative to projected demand and replenishment window.
6152,2026-03-08,TC70025S,Tiller/Cultivator,med,4279,Ningbo Joyo Garden Tools Co Ltd,123,250,250,500,1.75,0.0,120.0,1.0,10.0,0.0,0.0,0.0,low,0.0,800.0,,,923.0,999.0,0.0,long,high,Low,3.3599611686465087e-06,0.0,Inventory position currently adequate relative to projected demand and replenishment window.
6156,2026-03-08,1415-16CR,Reel Mower,high,1039,Zhejiang Saige Garden Machinery Co,0,1000,1000,500,1.5,0.0,120.0,1.0,10.0,730.7777777777778,327.7238844583111,6577.0,low,0.0,41153.0,,,41153.0,56.31397293598905,87693.33333333334,long,high,High,1.0,21923.333333333336,High projected stockout exposure based on inventory position and lead-time demand.
6163,2026-03-08,LSTM2012-4,String Trimmer,high,44836,"Zhongshang Baishun Hardware Manufacturer Co.,Ltd",3,1000,1000,500,1.12,0.0,120.0,1.0,10.0,0.0,0.0,0.0,low,0.0,3728.0,,,3731.0,999.0,0.0,long,high,Low,3.6446973078649817e-06,0.0,Inventory position currently adequate relative to projected demand and replenishment window.
6167,2026-03-08,23111,Shovel,high,2059,Tangshan Changzhi Farm Impls And Tools Dml Ltd,0,1000,1000,500,0.75,0.0,120.0,1.0,10.0,0.0,0.0,0.0,low,0.0,9884.0,,,9884.0,999.0,0.0,long,high,Low,3.971600111301495e-06,0.0,Inventory position currently adequate relative to projected demand and replenishment window.
6170,2026-03-08,90211,Boxed Shovel,med,2031,Foshan City Nanhai Yiqing Metal Product Co. Ltd,0,250,250,500,0.75,0.0,120.0,1.0,10.0,0.0,0.0,0.0,low,0.0,1000.0,,,1000.0,999.0,0.0,long,high,Low,3.385318101034715e-06,0.0,Inventory position currently adequate relative to projected demand and replenishment window.
6173,2026-03-08,LB24020S,Blower,low,2100,Zhejiang Yat Electrical Appliance,0,500,500,500,1.12,0.0,120.0,1.0,10.0,0.0,0.0,0.0,low,0.0,1999.0,,,1999.0,999.0,0.0,long,high,Low,3.4868420377504087e-06,0.0,Inventory position currently adequate relative to projected demand and replenishment window.
6175,2026-03-08,BL80204,Battery,high,2053,Zhejiang Top Power Technology,711,1000,1001,500,0.25,0.0,120.0,1.0,10.0,1.125,0.33162128640307215,207.0,low,7.0,2700.0,,,3404.0,3025.777777777778,135.0,long,high,Low,2.4767051386919864e-29,33.75,Inventory position currently adequate relative to projected demand and replenishment window.
6205,2026-03-08,50616,Mower,low,44801,"Chongqing Dajiang Power Equipment Co., Ltd. (Ducar)",0,500,500,500,1.5,0.0,90.0,1.0,15.0,0.0,0.0,0.0,low,0.0,3800.0,,,3800.0,999.0,0.0,medium,high,High,0.9999987825992797,0.0,High projected stockout exposure based on inventory position and lead-time demand.
6206,2026-03-08,LSTM2012-2,String Trimmer,low,44836,"Zhongshang Baishun Hardware Manufacturer Co.,Ltd",0,500,500,500,1.12,0.0,120.0,1.0,10.0,0.0,0.0,0.0,low,0.0,0.0,,,0.0,999.0,0.0,long,high,Low,3.2770019659521374e-06,0.0,Inventory position currently adequate relative to projected demand and replenishment window.
6210,2026-03-08,70432,Shovel,med,2059,Tangshan Changzhi Farm Impls And Tools Dml Ltd,61,250,250,500,0.75,0.0,120.0,1.0,10.0,1.0,0.0,2.0,low,2.0,715.0,,,774.0,774.0,120.0,long,high,Low,3.741309744692218e-05,30.0,Inventory position currently adequate relative to projected demand and replenishment window.
6214,2026-03-08,DT71613S,Dethatcher,high,4279,Ningbo Joyo Garden Tools Co Ltd,375,1000,1000,500,1.12,0.0,120.0,1.0,10.0,0.0,0.0,0.0,low,25.0,1750.0,,,2100.0,999.0,0.0,long,high,Low,3.305779150458336e-06,0.0,Inventory position currently adequate relative to projected demand and replenishment window.
6215,2026-03-08,DT-TK-1,Kit,high,2061,"Jiangmen Shun Ming Household Co., Ltd (Alibec)",0,1000,1000,1000,0.5,0.0,120.0,1.0,10.0,0.0,0.0,0.0,low,0.0,250.0,,,250.0,999.0,0.0,long,high,Low,3.304663088672111e-06,0.0,Inventory position currently adequate relative to projected demand and replenishment window.
6217,2026-03-08,SK-2,Sharpening Kit,high,2061,"Jiangmen Shun Ming Household Co., Ltd (Alibec)",2627,1000,1003,500,0.02,0.0,120.0,1.0,10.0,75.20833333333333,240.16352747146317,1805.0,high,3536.0,48319.0,,,47410.0,630.382271468144,9025.0,long,high,High,0.9999988745416682,2256.25,High projected stockout exposure based on inventory position and lead-time demand.
6228,2026-03-08,TC70020-1,Tiller/Cultivator,high,4279,Ningbo Joyo Garden Tools Co Ltd,0,1000,1000,500,1.75,0.0,120.0,1.0,10.0,0.0,0.0,0.0,low,0.0,46485.0,,,46485.0,999.0,0.0,long,high,Low,6.623985180759443e-07,0.0,Inventory position currently adequate relative to projected demand and replenishment window.
6231,2026-03-08,BL80204-1,Battery,high,2053,Zhejiang Top Power Technology,1,1000,1000,500,0.25,0.0,120.0,1.0,10.0,0.0,0.0,0.0,low,0.0,16492.0,,,16493.0,999.0,0.0,long,high,Low,3.847330337828881e-06,0.0,Inventory position currently adequate relative to projected demand and replenishment window.
6234,2026-03-08,415-16SG,Reel Mower,high,1039,Zhejiang Saige Garden Machinery Co,900,1000,1001,500,1.5,0.0,120.0,1.0,10.0,0.0,0.0,0.0,low,56.0,5072.0,,,5916.0,999.0,0.0,long,high,Low,2.8765892057721034e-06,0.0,Inventory position currently adequate relative to projected demand and replenishment window.
6235,2026-03-08,TC70020S,Tiller/Cultivator,high,4279,Ningbo Joyo Garden Tools Co Ltd,1870,1000,1002,500,1.75,0.0,120.0,1.0,10.0,2.9166666666666665,11.500000000000002,105.0,high,65.0,10942.0,,,12747.0,4370.400000000001,350.0,long,high,Low,1.4094455945837317e-58,87.5,Inventory position currently adequate relative to projected demand and replenishment window.
6358,2026-03-08,RS91120-1,String Trimmer Spool,high,2065,"Zhongshan Heli Manufacturing Co., Ltd",4932,1000,1005,500,0.05,0.0,120.0,1.0,10.0,0.0,0.0,0.0,low,0.0,85326.0,,,90258.0,999.0,0.0,long,high,Low,2.77737883314599e-13,0.0,Inventory position currently adequate relative to projected demand and replenishment window.
6382,2026-03-08,DT71212,Dethatcher,med,4279,Ningbo Joyo Garden Tools Co Ltd,247,250,251,500,1.12,0.0,120.0,1.0,10.0,1.0,0.0,1.0,low,0.0,1200.0,,,1447.0,1447.0,120.0,long,high,Low,3.442756164952946e-09,30.0,Inventory position currently adequate relative to projected demand and replenishment window.
6385,2026-03-08,524570,Shovel,low,2059,Tangshan Changzhi Farm Impls And Tools Dml Ltd,0,500,500,500,0.75,0.0,120.0,1.0,10.0,0.0,0.0,0.0,low,0.0,0.0,,,0.0,999.0,0.0,long,high,Low,3.2770019659521374e-06,0.0,Inventory position currently adequate relative to projected demand and replenishment window.
6410,2026-03-08,RA-005,hand tool,med,44837,"Shenzhen Qusart Technology Co., Ltd.",182,250,251,500,0.25,0.0,120.0,1.0,10.0,1.0,0.0,2.0,low,0.0,756.0,,,938.0,938.0,120.0,long,high,Low,6.874046424703862e-06,30.0,Inventory position currently adequate relative to projected demand and replenishment window.
6650,2026-03-08,SN75018,Snow Thrower,med,1977,"Cixi Huazhijie Plastic Product Co., Ltd",1,250,250,500,1.62,0.0,120.0,1.0,10.0,1.0071942446043165,0.08481889296799708,140.0,low,1.0,3948.0,,,3948.0,3919.8,120.86330935251797,long,high,Low,3.001944518397527e-47,30.215827338129493,Inventory position currently adequate relative to projected demand and replenishment window.
6651,2026-03-08,SN75022,Snow Thrower,low,1977,"Cixi Huazhijie Plastic Product Co., Ltd",0,500,500,500,1.62,0.0,120.0,1.0,10.0,0.0,0.0,0.0,low,0.0,841.0,,,841.0,999.0,0.0,long,high,Low,3.368522039448816e-06,0.0,Inventory position currently adequate relative to projected demand and replenishment window.
6667,2026-03-08,DT71613AA,Dethatcher,high,4279,Ningbo Joyo Garden Tools Co Ltd,397,1000,1000,500,1.12,0.0,120.0,1.0,10.0,23.8,50.9823498869952,119.0,high,0.0,3498.0,,,3895.0,163.65546218487395,2856.0,long,high,Low,0.0009252077632619592,714.0,Inventory position currently adequate relative to projected demand and replenishment window.
6677,2026-03-08,GS015,Chipper Shredder,high,4231,Cixi City Best Power Tools Co Ltd (Gbest),384,1000,1000,500,1.75,0.0,120.0,1.0,10.0,1.0,0.0,24.0,low,2.0,1953.0,,,2335.0,2335.0,120.0,long,high,Low,1.1561287900851366e-18,30.0,Inventory position currently adequate relative to projected demand and replenishment window.
6678,2026-03-08,SN722018,Snow Thrower,high,1977,"Cixi Huazhijie Plastic Product Co., Ltd",0,1000,1000,500,1.62,0.0,120.0,1.0,10.0,1.0,0.0,85.0,low,1.0,869.0,,,868.0,868.0,120.0,long,high,Low,1.4925812435701015e-05,30.0,Inventory position currently adequate relative to projected demand and replenishment window.
6698,2026-03-08,SN002,Boxed Shovel,high,2031,Foshan City Nanhai Yiqing Metal Product Co. Ltd,0,1000,1000,500,0.75,0.0,120.0,1.0,10.0,1.1875,0.6444552588389371,38.0,med,0.0,1350.0,,,1350.0,1136.842105263158,142.5,long,high,Low,5.524663590639752e-07,35.625,Inventory position currently adequate relative to projected demand and replenishment window.
6699,2026-03-08,SN003,Boxed Shovel,high,2031,Foshan City Nanhai Yiqing Metal Product Co. Ltd,0,1000,1000,500,0.75,0.0,120.0,1.0,10.0,0.0,0.0,0.0,low,0.0,2100.0,,,2100.0,999.0,0.0,long,high,Low,3.496702640599117e-06,0.0,Inventory position currently adequate relative to projected demand and replenishment window.
6701,2026-03-08,LSS020-GRASS,Hedge Trimmer,high,1972,Ningbo E-Tech Electrical Industrial Co. Ltd,20,1000,1000,500,1.12,0.0,120.0,1.0,10.0,2.0,0.0,4.0,low,0.0,220.0,,,240.0,120.0,240.0,long,high,Low,0.0007824323389791641,60.0,Inventory position currently adequate relative to projected demand and replenishment window.
6702,2026-03-08,LSS020-SHRUB,Hedge Trimmer,med,1972,Ningbo E-Tech Electrical Industrial Co. Ltd,42,250,250,500,1.12,0.0,120.0,1.0,10.0,0.0,0.0,0.0,low,0.0,30.0,,,72.0,999.0,0.0,long,high,Low,3.2827713857067757e-06,0.0,Inventory position currently adequate relative to projected demand and replenishment window.
6710,2026-03-08,TC70010-1,Tiller/Cultivator,high,4279,Ningbo Joyo Garden Tools Co Ltd,0,1000,1000,500,1.75,0.0,120.0,1.0,10.0,0.0,0.0,0.0,low,0.0,51444.0,,,51444.0,999.0,0.0,long,high,Low,3.8375750596270005e-07,0.0,Inventory position currently adequate relative to projected demand and replenishment window.
6712,2026-03-08,1816-16-1,Reel Mower,high,1039,Zhejiang Saige Garden Machinery Co,0,1000,1000,500,1.5,0.0,120.0,1.0,10.0,0.0,0.0,0.0,low,0.0,17732.0,,,17732.0,999.0,0.0,long,high,Low,3.7700568230456766e-06,0.0,Inventory position currently adequate relative to projected demand and replenishment window.
6713,2026-03-08,2002-20-1,Reel Mower,high,1039,Zhejiang Saige Garden Machinery Co,0,1000,1000,500,1.5,0.0,120.0,1.0,10.0,833.0,0.0,2499.0,low,3332.0,18326.0,,,14994.0,18.0,99960.0,long,high,High,1.0,24990.0,High projected stockout exposure based on inventory position and lead-time demand.
6715,2026-03-08,LCS0620-1,Whole Good,high,1959,"Yuyao Norton Electric Appliance Co., Ltd.",0,1000,1000,500,1.5,0.0,120.0,1.0,10.0,0.0,0.0,0.0,low,0.0,17768.0,,,17768.0,999.0,0.0,long,high,Low,3.767582862322303e-06,0.0,Inventory position currently adequate relative to projected demand and replenishment window.
6721,2026-03-08,220KB,Shovel,high,2059,Tangshan Changzhi Farm Impls And Tools Dml Ltd,1,1000,1000,500,0.75,0.0,120.0,1.0,10.0,0.0,0.0,0.0,low,4510.0,49685.0,,,45176.0,999.0,0.0,long,high,High,0.9999999999999147,0.0,High projected stockout exposure based on inventory position and lead-time demand.
6722,2026-03-08,225KB,Shovel,high,2059,Tangshan Changzhi Farm Impls And Tools Dml Ltd,1,1000,1000,500,0.75,0.0,120.0,1.0,10.0,1625.0,562.9165124598851,4875.0,low,1700.0,221680.0,,,219981.0,135.3729230769231,195000.0,long,high,High,1.0,48750.0,High projected stockout exposure based on inventory position and lead-time demand.
6723,2026-03-08,LBVM2202S,Blower Vacuum,high,44646,"Zhejiang Zhongjian Technology Co.,Ltd",1,1000,1000,500,1.12,0.0,120.0,1.0,10.0,0.0,0.0,0.0,low,0.0,1330.0,,,1331.0,999.0,0.0,long,high,Low,3.4197335834243157e-06,0.0,Inventory position currently adequate relative to projected demand and replenishment window.
6725,2026-03-08,1W,Oversized Shovel,high,44800,"Jinhua D&D Garden Tools Co., Ltd.",4681,1000,1005,500,0.75,0.0,120.0,1.0,10.0,13.787234042553191,26.24378698333459,648.0,high,1015.0,61012.0,,,64678.0,4691.151234567901,1654.468085106383,long,high,Low,1.6273804111224956e-70,413.6170212765957,Inventory position currently adequate relative to projected demand and replenishment window.
6726,2026-03-08,1A,Oversized Shovel,high,44800,"Jinhua D&D Garden Tools Co., Ltd.",3488,1000,1003,500,0.75,0.0,120.0,1.0,10.0,29.11111111111111,39.190200240261525,786.0,high,219.0,25380.0,,,28649.0,984.1259541984733,3493.3333333333335,long,high,Low,7.749605616988046e-08,873.3333333333334,Inventory position currently adequate relative to projected demand and replenishment window.
6730,2026-03-08,1000A,Shovel,high,2059,Tangshan Changzhi Farm Impls And Tools Dml Ltd,1590,1000,1002,500,0.75,0.0,120.0,1.0,10.0,6.333333333333333,5.507570547286102,19.0,med,208.0,3924.0,,,5306.0,837.7894736842105,760.0,long,high,Low,1.0128475815561444e-05,190.0,Inventory position currently adequate relative to projected demand and replenishment window.
6731,2026-03-08,1000L,Shovel,high,2059,Tangshan Changzhi Farm Impls And Tools Dml Ltd,13543,1000,1014,500,0.75,0.0,120.0,1.0,10.0,36.68115942028985,252.73890810325227,2531.0,high,1870.0,87450.0,,,99123.0,2702.2864480442513,4401.739130434782,long,high,Low,1.2196464194336149e-51,1100.4347826086955,Inventory position currently adequate relative to projected demand and replenishment window.
6732,2026-03-08,500W,hand tool,high,44837,"Shenzhen Qusart Technology Co., Ltd.",5617,1000,1006,500,0.25,0.0,120.0,1.0,10.0,0.0,0.0,0.0,low,1911.0,24636.0,,,28342.0,999.0,0.0,long,high,Low,1.668751253224403e-07,0.0,Inventory position currently adequate relative to projected demand and replenishment window.
6733,2026-03-08,RA-001EWG,Boxed Shovel,low,2031,Foshan City Nanhai Yiqing Metal Product Co. Ltd,0,500,500,500,0.75,0.0,120.0,1.0,10.0,0.0,0.0,0.0,low,0.0,1629.0,,,1629.0,999.0,0.0,long,high,Low,3.4500713565345566e-06,0.0,Inventory position currently adequate relative to projected demand and replenishment window.
6741,2026-03-08,RPS001,Shovel,high,2059,Tangshan Changzhi Farm Impls And Tools Dml Ltd,850,1000,1001,500,0.75,0.0,120.0,1.0,10.0,1.0,0.0,8.0,low,58.0,3306.0,,,4098.0,4098.0,120.0,long,high,Low,1.623923641976225e-51,30.0,Inventory position currently adequate relative to projected demand and replenishment window.
6754,2026-03-08,ST004,Shovel,high,2059,Tangshan Changzhi Farm Impls And Tools Dml Ltd,300,1000,1000,500,0.75,0.0,120.0,1.0,10.0,0.0,0.0,0.0,low,1.0,1104.0,,,1403.0,999.0,0.0,long,high,Low,3.3251479051621977e-06,0.0,Inventory position currently adequate relative to projected demand and replenishment window.
6759,2026-03-08,ST009,Shovel,low,2059,Tangshan Changzhi Farm Impls And Tools Dml Ltd,966,500,502,500,0.75,0.0,120.0,1.0,10.0,0.0,0.0,0.0,low,1.0,1002.0,,,1967.0,999.0,0.0,long,high,Low,2.562339331356354e-06,0.0,Inventory position currently adequate relative to projected demand and replenishment window.
6767,2026-03-08,LRK002,Oversized Shovel,high,44800,"Jinhua D&D Garden Tools Co., Ltd.",85,1000,1000,500,0.75,0.0,120.0,1.0,10.0,0.0,0.0,0.0,low,116.0,2004.0,,,1973.0,999.0,0.0,long,high,Low,3.3980651985233197e-06,0.0,Inventory position currently adequate relative to projected demand and replenishment window.
6773,2026-03-08,TC70065EW,Tiller/Cultivator,high,4279,Ningbo Joyo Garden Tools Co Ltd,1575,1000,1002,500,1.75,0.0,120.0,1.0,10.0,1.0,0.0,70.0,low,16.0,5030.0,,,6589.0,6589.0,120.0,long,high,Low,9.558481211475343e-130,30.0,Inventory position currently adequate relative to projected demand and replenishment window.
6774,2026-03-08,TC70090EW,Tiller/Cultivator,high,4279,Ningbo Joyo Garden Tools Co Ltd,1309,1000,1001,500,1.75,0.0,120.0,1.0,10.0,14.75,61.49186938124423,295.0,high,2.0,12936.0,,,14243.0,965.6271186440678,1770.0,long,high,Low,3.7218006282286513e-06,442.5,Inventory position currently adequate relative to projected demand and replenishment window.
6776,2026-03-08,TC70016EW,Tiller/Cultivator,low,4279,Ningbo Joyo Garden Tools Co Ltd,320,500,501,500,1.75,0.0,120.0,1.0,10.0,1.0,0.0,12.0,low,1.0,1305.0,,,1624.0,1624.0,120.0,long,high,Low,1.0503992730628058e-10,30.0,Inventory position currently adequate relative to projected demand and replenishment window.
6778,2026-03-08,TC70020IT,Tiller/Cultivator,high,4279,Ningbo Joyo Garden Tools Co Ltd,937,1000,1001,500,1.75,0.0,120.0,1.0,10.0,1.0,0.0,65.0,low,290.0,19496.0,,,20143.0,20143.0,120.0,long,high,Low,0.0,30.0,Inventory position currently adequate relative to projected demand and replenishment window.
6781,2026-03-08,TC70135SS,Tiller/Cultivator,high,4279,Ningbo Joyo Garden Tools Co Ltd,415,1000,1000,500,1.75,0.0,120.0,1.0,10.0,1.0,0.0,30.0,low,119.0,6689.0,,,6985.0,6985.0,120.0,long,high,Low,3.0356551070385722e-145,30.0,Inventory position currently adequate relative to projected demand and replenishment window.
6782,2026-03-08,TC71420S,Tiller/Cultivator,high,4279,Ningbo Joyo Garden Tools Co Ltd,966,1000,1001,500,1.75,0.0,120.0,1.0,10.0,1.1346153846153846,0.5250152622934172,59.0,low,1.0,3178.0,,,4143.0,3651.4576271186443,136.15384615384616,long,high,Low,1.782425904732117e-41,34.03846153846154,Inventory position currently adequate relative to projected demand and replenishment window.
6784,2026-03-08,GS015-BK-1,Kit,med,2061,"Jiangmen Shun Ming Household Co., Ltd (Alibec)",97,250,250,1000,0.5,0.0,120.0,1.0,10.0,0.0,0.0,0.0,low,0.0,200.0,,,297.0,999.0,0.0,long,high,Low,3.298931158885436e-06,0.0,Inventory position currently adequate relative to projected demand and replenishment window.
7001,2026-03-08,23102,Shovel,high,2059,Tangshan Changzhi Farm Impls And Tools Dml Ltd,0,1000,1000,500,0.75,0.0,120.0,1.0,10.0,0.0,0.0,0.0,low,0.0,7400.0,,,7400.0,999.0,0.0,long,high,Low,3.888009826312483e-06,0.0,Inventory position currently adequate relative to projected demand and replenishment window.
7102,2026-03-08,TC70018EW,Tiller/Cultivator,low,4279,Ningbo Joyo Garden Tools Co Ltd,281,500,501,500,1.75,0.0,120.0,1.0,10.0,32.0,84.70891334446453,512.0,high,2.0,2700.0,,,2979.0,93.09375,3840.0,long,high,Low,0.0009730471524123523,960.0,Inventory position currently adequate relative to projected demand and replenishment window.
7103,2026-03-08,1715-16EWG,Reel Mower,high,1039,Zhejiang Saige Garden Machinery Co,0,1000,1000,500,1.5,0.0,120.0,1.0,10.0,0.0,0.0,0.0,low,0.0,4401.0,,,4401.0,999.0,0.0,long,high,Low,3.698863039135909e-06,0.0,Inventory position currently adequate relative to projected demand and replenishment window.
7352,2026-03-08,RB80419,Accessory,low,725,"Ningbo Fusle Pumps Co., Ltd",21,500,500,500,0.05,0.0,120.0,1.0,10.0,1.0,0.0,1.0,low,0.0,100.0,,,121.0,121.0,120.0,long,high,Low,0.0007804078563514649,30.0,Inventory position currently adequate relative to projected demand and replenishment window.
7681,2026-03-08,1304-14GC,Reel Mower,high,1039,Zhejiang Saige Garden Machinery Co,574,1000,1001,500,1.5,0.0,120.0,1.0,10.0,64.84,226.10168803733717,1621.0,high,2.0,16040.0,,,16612.0,256.19987661937074,7780.8,long,high,Low,0.0005389793944521323,1945.2,Inventory position currently adequate relative to projected demand and replenishment window.
7698,2026-03-08,LCS0620-CHAIN,Chainsaw Chain,high,44829,Vietnam Fortress Tools Jsc,56,1000,1000,500,1.0,0.0,90.0,1.0,15.0,1.3636363636363635,0.504524979109513,15.0,low,0.0,1120.0,,,1176.0,862.4000000000001,122.72727272727272,medium,high,High,0.9999997220020975,40.90909090909091,High projected stockout exposure based on inventory position and lead-time demand.
7703,2026-03-08,304-14CR,Whole Good,high,1959,"Yuyao Norton Electric Appliance Co., Ltd.",947,1000,1001,500,1.5,0.0,120.0,1.0,10.0,1.0,0.0,43.0,low,9.0,4210.0,,,5148.0,5148.0,120.0,long,high,Low,7.004653252528952e-80,30.0,Inventory position currently adequate relative to projected demand and replenishment window.
7710,2026-03-08,1816-16CR,Reel Mower,med,1039,Zhejiang Saige Garden Machinery Co,1188,250,255,500,1.5,0.0,120.0,1.0,10.0,1.0,0.0,7.0,low,0.0,2340.0,,,3528.0,3528.0,120.0,long,high,Low,5.588577516442541e-39,30.0,Inventory position currently adequate relative to projected demand and replenishment window.
7711,2026-03-08,1816-18CR,Reel Mower,high,1039,Zhejiang Saige Garden Machinery Co,450,1000,1000,500,1.5,0.0,120.0,1.0,10.0,1.0,0.0,22.0,low,2.0,2400.0,,,2848.0,2848.0,120.0,long,high,Low,2.752734474716496e-26,30.0,Inventory position currently adequate relative to projected demand and replenishment window.
7716,2026-03-08,1725-16GC,Reel Mower,high,1039,Zhejiang Saige Garden Machinery Co,2497,1000,1002,500,1.5,0.0,120.0,1.0,10.0,1.0048543689320388,0.06967330142916175,207.0,low,16.0,10517.0,,,12998.0,12935.207729468599,120.58252427184466,long,high,Low,0.0,30.145631067961165,Inventory position currently adequate relative to projected demand and replenishment window.
7726,2026-03-08,LRK002G,Oversized Shovel,high,44800,"Jinhua D&D Garden Tools Co., Ltd.",0,1000,1000,500,0.75,0.0,120.0,1.0,10.0,0.0,0.0,0.0,low,0.0,4236.0,,,4236.0,999.0,0.0,long,high,Low,3.685895879222177e-06,0.0,Inventory position currently adequate relative to projected demand and replenishment window.
7728,2026-03-08,GS001G,Oversized Shovel,high,44800,"Jinhua D&D Garden Tools Co., Ltd.",0,1000,1000,500,0.75,0.0,120.0,1.0,10.0,0.0,0.0,0.0,low,0.0,756.0,,,756.0,999.0,0.0,long,high,Low,3.359474719874572e-06,0.0,Inventory position currently adequate relative to projected demand and replenishment window.
7731,2026-03-08,304-16BD,Reel Mower,low,1039,Zhejiang Saige Garden Machinery Co,552,500,501,500,1.5,0.0,120.0,1.0,10.0,1.0,0.0,4.0,low,462.0,1286.0,,,1376.0,1376.0,120.0,long,high,Low,1.4944156784065327e-08,30.0,Inventory position currently adequate relative to projected demand and replenishment window.
7740,2026-03-08,1895ALM,Reel Mower,high,1039,Zhejiang Saige Garden Machinery Co,425,1000,1000,500,1.5,0.0,120.0,1.0,10.0,1.0,0.0,8.0,low,3.0,2776.0,,,3198.0,3198.0,120.0,long,high,Low,2.2056296888249282e-32,30.0,Inventory position currently adequate relative to projected demand and replenishment window.
7745,2026-03-08,SN70016-1,Snow Thrower,high,1977,"Cixi Huazhijie Plastic Product Co., Ltd",0,1000,1000,500,1.62,0.0,120.0,1.0,10.0,0.0,0.0,0.0,low,0.0,13270.0,,,13270.0,999.0,0.0,long,high,Low,3.9706333193275e-06,0.0,Inventory position currently adequate relative to projected demand and replenishment window.
7746,2026-03-08,SN71012-1,Snow Thrower,low,1977,"Cixi Huazhijie Plastic Product Co., Ltd",0,500,500,500,1.62,0.0,120.0,1.0,10.0,0.0,0.0,0.0,low,0.0,1920.0,,,1920.0,999.0,0.0,long,high,Low,3.4790758940293894e-06,0.0,Inventory position currently adequate relative to projected demand and replenishment window.
7751,2026-03-08,WD001,Shovel,high,2059,Tangshan Changzhi Farm Impls And Tools Dml Ltd,0,1000,1000,500,0.75,0.0,120.0,1.0,10.0,9504.0,0.0,9504.0,low,0.0,111240.0,,,111240.0,11.704545454545455,1140480.0,long,high,High,1.0,285120.0,High projected stockout exposure based on inventory position and lead-time demand.
7755,2026-03-08,BDRPS205MS,Shovel,high,2059,Tangshan Changzhi Farm Impls And Tools Dml Ltd,0,1000,1000,500,0.75,0.0,120.0,1.0,10.0,0.0,0.0,0.0,low,0.0,44916.0,,,44916.0,999.0,0.0,long,high,Low,7.754981394491552e-07,0.0,Inventory position currently adequate relative to projected demand and replenishment window.
7756,2026-03-08,BDRPS206MS,Shovel,high,2059,Tangshan Changzhi Farm Impls And Tools Dml Ltd,0,1000,1000,500,0.75,0.0,120.0,1.0,10.0,0.0,0.0,0.0,low,0.0,44118.0,,,44118.0,999.0,0.0,long,high,Low,8.379029767248352e-07,0.0,Inventory position currently adequate relative to projected demand and replenishment window.
7757,2026-03-08,BDRPS207MS,Shovel,high,2059,Tangshan Changzhi Farm Impls And Tools Dml Ltd,1,1000,1000,500,0.75,0.0,120.0,1.0,10.0,0.0,0.0,0.0,low,0.0,27228.0,,,27229.0,999.0,0.0,long,high,Low,2.778127736176084e-06,0.0,Inventory position currently adequate relative to projected demand and replenishment window.
7758,2026-03-08,BDTS205MS,Shovel,high,2059,Tangshan Changzhi Farm Impls And Tools Dml Ltd,2,1000,1000,500,0.75,0.0,120.0,1.0,10.0,0.0,0.0,0.0,low,0.0,33690.0,,,33692.0,999.0,0.0,long,high,Low,1.9392255198694174e-06,0.0,Inventory position currently adequate relative to projected demand and replenishment window.
7759,2026-03-08,BDTS206MS,Shovel,high,2059,Tangshan Changzhi Farm Impls And Tools Dml Ltd,0,1000,1000,500,0.75,0.0,120.0,1.0,10.0,0.0,0.0,0.0,low,0.0,31290.0,,,31290.0,999.0,0.0,long,high,Low,2.248295509496247e-06,0.0,Inventory position currently adequate relative to projected demand and replenishment window.
7760,2026-03-08,BDTS207MS,Shovel,high,2059,Tangshan Changzhi Farm Impls And Tools Dml Ltd,1,1000,1000,500,0.75,0.0,120.0,1.0,10.0,0.0,0.0,0.0,low,0.0,24684.0,,,24685.0,999.0,0.0,long,high,Low,3.0943885803419612e-06,0.0,Inventory position currently adequate relative to projected demand and replenishment window.
7761,2026-03-08,BDGS201MS,Oversized Shovel,high,44800,"Jinhua D&D Garden Tools Co., Ltd.",0,1000,1000,500,0.75,0.0,120.0,1.0,10.0,0.0,0.0,0.0,low,0.0,38418.0,,,38418.0,999.0,0.0,long,high,Low,1.3791853088172622e-06,0.0,Inventory position currently adequate relative to projected demand and replenishment window.
7762,2026-03-08,BDGS202MS,Oversized Shovel,high,44800,"Jinhua D&D Garden Tools Co., Ltd.",0,1000,1000,500,0.75,0.0,120.0,1.0,10.0,0.0,0.0,0.0,low,0.0,31626.0,,,31626.0,999.0,0.0,long,high,Low,2.2044856572827898e-06,0.0,Inventory position currently adequate relative to projected demand and replenishment window.
7763,2026-03-08,BDGS203MS,Oversized Shovel,high,44800,"Jinhua D&D Garden Tools Co., Ltd.",0,1000,1000,500,0.75,0.0,120.0,1.0,10.0,0.0,0.0,0.0,low,0.0,24588.0,,,24588.0,999.0,0.0,long,high,Low,3.10586163645322e-06,0.0,Inventory position currently adequate relative to projected demand and replenishment window.
7764,2026-03-08,BDPHD102MS,Oversized Shovel,high,44800,"Jinhua D&D Garden Tools Co., Ltd.",80,1000,1000,500,0.75,0.0,120.0,1.0,10.0,0.0,0.0,0.0,low,0.0,16000.0,,,16080.0,999.0,0.0,long,high,Low,3.867793482706192e-06,0.0,Inventory position currently adequate relative to projected demand and replenishment window.
7765,2026-03-08,BDPHD204MS,Oversized Shovel,high,44800,"Jinhua D&D Garden Tools Co., Ltd.",1,1000,1000,500,0.75,0.0,120.0,1.0,10.0,0.0,0.0,0.0,low,0.0,16876.0,,,16877.0,999.0,0.0,long,high,Low,3.825087679739396e-06,0.0,Inventory position currently adequate relative to projected demand and replenishment window.
7766,2026-03-08,BDST101MS,Shovel,high,2059,Tangshan Changzhi Farm Impls And Tools Dml Ltd,24,1000,1000,500,0.75,0.0,120.0,1.0,10.0,0.0,0.0,0.0,low,0.0,21096.0,,,21120.0,999.0,0.0,long,high,Low,3.4871933377415995e-06,0.0,Inventory position currently adequate relative to projected demand and replenishment window.
7767,2026-03-08,BDST116MS,Shovel,high,2059,Tangshan Changzhi Farm Impls And Tools Dml Ltd,1,1000,1000,500,0.75,0.0,120.0,1.0,10.0,0.0,0.0,0.0,low,0.0,36618.0,,,36619.0,999.0,0.0,long,high,Low,1.5824626976253998e-06,0.0,Inventory position currently adequate relative to projected demand and replenishment window.
7769,2026-03-08,BDLRK102MS,Rake,high,2031,Foshan City Nanhai Yiqing Metal Product Co. Ltd,1,1000,1000,500,0.75,0.0,120.0,1.0,10.0,0.0,0.0,0.0,low,0.0,52614.0,,,52615.0,999.0,0.0,long,high,Low,3.33828830744858e-07,0.0,Inventory position currently adequate relative to projected demand and replenishment window.
7770,2026-03-08,BDBRK204MS,Oversized Shovel,high,44800,"Jinhua D&D Garden Tools Co., Ltd.",0,1000,1000,500,0.75,0.0,120.0,1.0,10.0,0.0,0.0,0.0,low,0.0,63708.0,,,63708.0,999.0,0.0,long,high,Low,7.291778167624648e-08,0.0,Inventory position currently adequate relative to projected demand and replenishment window.
7771,2026-03-08,BDST216MS,Shovel,high,2059,Tangshan Changzhi Farm Impls And Tools Dml Ltd,0,1000,1000,500,0.75,0.0,120.0,1.0,10.0,0.0,0.0,0.0,low,0.0,34554.0,,,34554.0,999.0,0.0,long,high,Low,1.831167527533216e-06,0.0,Inventory position currently adequate relative to projected demand and replenishment window.
7772,2026-03-08,RM16-Classic-HK,Part,high,1913,Taizhou Oute Tools Manufacturing Co. Ltd,1,1000,1000,1000,0.02,0.0,120.0,1.0,10.0,0.0,0.0,0.0,low,0.0,20.0,,,21.0,999.0,0.0,long,high,Low,3.27933062493447e-06,0.0,Inventory position currently adequate relative to projected demand and replenishment window.
7777,2026-03-08,BDST210MS,Shovel,high,2059,Tangshan Changzhi Farm Impls And Tools Dml Ltd,0,1000,1000,500,0.75,0.0,120.0,1.0,10.0,0.0,0.0,0.0,low,0.0,17634.0,,,17634.0,999.0,0.0,long,high,Low,3.7767267658915816e-06,0.0,Inventory position currently adequate relative to projected demand and replenishment window.
7778,2026-03-08,BDST211MS,Shovel,high,2059,Tangshan Changzhi Farm Impls And Tools Dml Ltd,0,1000,1000,500,0.75,0.0,120.0,1.0,10.0,0.0,0.0,0.0,low,0.0,23706.0,,,23706.0,999.0,0.0,long,high,Low,3.209047174276754e-06,0.0,Inventory position currently adequate relative to projected demand and replenishment window.
7779,2026-03-08,BDST227MS,Shovel,high,2059,Tangshan Changzhi Farm Impls And Tools Dml Ltd,0,1000,1000,500,0.75,0.0,120.0,1.0,10.0,0.0,0.0,0.0,low,0.0,24900.0,,,24900.0,999.0,0.0,long,high,Low,3.0684785599111226e-06,0.0,Inventory position currently adequate relative to projected demand and replenishment window.
7780,2026-03-08,BDGS004MS,Oversized Shovel,high,44800,"Jinhua D&D Garden Tools Co., Ltd.",0,1000,1000,500,0.75,0.0,120.0,1.0,10.0,0.0,0.0,0.0,low,0.0,21468.0,,,21468.0,999.0,0.0,long,high,Low,3.4508895230117577e-06,0.0,Inventory position currently adequate relative to projected demand and replenishment window.
7781,2026-03-08,BDBRK006MS,Oversized Shovel,high,44800,"Jinhua D&D Garden Tools Co., Ltd.",0,1000,1000,500,0.75,0.0,120.0,1.0,10.0,0.0,0.0,0.0,low,0.0,19326.0,,,19326.0,999.0,0.0,long,high,Low,3.6487019157998364e-06,0.0,Inventory position currently adequate relative to projected demand and replenishment window.
7782,2026-03-08,BDST026MS,Shovel,high,2059,Tangshan Changzhi Farm Impls And Tools Dml Ltd,0,1000,1000,500,0.75,0.0,120.0,1.0,10.0,0.0,0.0,0.0,low,0.0,20934.0,,,20934.0,999.0,0.0,long,high,Low,3.503600140234751e-06,0.0,Inventory position currently adequate relative to projected demand and replenishment window.
7783,2026-03-08,BDST027MS,Shovel,high,2059,Tangshan Changzhi Farm Impls And Tools Dml Ltd,0,1000,1000,500,0.75,0.0,120.0,1.0,10.0,0.0,0.0,0.0,low,0.0,31398.0,,,31398.0,999.0,0.0,long,high,Low,2.2342005763222326e-06,0.0,Inventory position currently adequate relative to projected demand and replenishment window.
7784,2026-03-08,BDST028MS,Oversized Shovel,high,44800,"Jinhua D&D Garden Tools Co., Ltd.",0,1000,1000,500,0.75,0.0,120.0,1.0,10.0,0.0,0.0,0.0,low,0.0,16356.0,,,16356.0,999.0,0.0,long,high,Low,3.854811112451591e-06,0.0,Inventory position currently adequate relative to projected demand and replenishment window.
7785,2026-03-08,BDST013MS,Oversized Shovel,high,44800,"Jinhua D&D Garden Tools Co., Ltd.",0,1000,1000,500,0.75,0.0,120.0,1.0,10.0,0.0,0.0,0.0,low,0.0,20088.0,,,20088.0,999.0,0.0,long,high,Low,3.5826026876054675e-06,0.0,Inventory position currently adequate relative to projected demand and replenishment window.
7786,2026-03-08,BDST226MS,Shovel,high,2059,Tangshan Changzhi Farm Impls And Tools Dml Ltd,0,1000,1000,500,0.75,0.0,120.0,1.0,10.0,0.0,0.0,0.0,low,0.0,25032.0,,,25032.0,999.0,0.0,long,high,Low,3.0525352135445708e-06,0.0,Inventory position currently adequate relative to projected demand and replenishment window.
7795,2026-03-08,1716-18EWGC,Reel Mower,high,1039,Zhejiang Saige Garden Machinery Co,0,1000,1000,500,1.5,0.0,120.0,1.0,10.0,0.0,0.0,0.0,low,0.0,1545.0,,,1545.0,999.0,0.0,long,high,Low,3.4415844901185216e-06,0.0,Inventory position currently adequate relative to projected demand and replenishment window.
7802,2026-03-08,GT-ST023,Shovel,high,2059,Tangshan Changzhi Farm Impls And Tools Dml Ltd,0,1000,1000,500,0.75,0.0,120.0,1.0,10.0,0.0,0.0,0.0,low,876.0,11022.0,,,10146.0,999.0,0.0,long,high,Low,1.5171471021847334e-05,0.0,Inventory position currently adequate relative to projected demand and replenishment window.
7803,2026-03-08,GT-TS001,Shovel,high,2059,Tangshan Changzhi Farm Impls And Tools Dml Ltd,0,1000,1000,500,0.75,0.0,120.0,1.0,10.0,0.0,0.0,0.0,low,0.0,17850.0,,,17850.0,999.0,0.0,long,high,Low,3.7619002395006427e-06,0.0,Inventory position currently adequate relative to projected demand and replenishment window.
7804,2026-03-08,GT-BRK203,Oversized Shovel,high,44800,"Jinhua D&D Garden Tools Co., Ltd.",0,1000,1000,500,0.75,0.0,120.0,1.0,10.0,0.0,0.0,0.0,low,0.0,20190.0,,,20190.0,999.0,0.0,long,high,Low,3.573382807770117e-06,0.0,Inventory position currently adequate relative to projected demand and replenishment window.
7805,2026-03-08,GT-GS202,Oversized Shovel,high,44800,"Jinhua D&D Garden Tools Co., Ltd.",0,1000,1000,500,0.75,0.0,120.0,1.0,10.0,0.0,0.0,0.0,low,678.0,13824.0,,,13146.0,999.0,0.0,long,high,Low,8.21721627169524e-06,0.0,Inventory position currently adequate relative to projected demand and replenishment window.
7806,2026-03-08,GT-PHD205,Oversized Shovel,high,44800,"Jinhua D&D Garden Tools Co., Ltd.",0,1000,1000,500,0.75,0.0,120.0,1.0,10.0,0.0,0.0,0.0,low,968.0,12948.0,,,11980.0,999.0,0.0,long,high,Low,2.1403905914001456e-05,0.0,Inventory position currently adequate relative to projected demand and replenishment window.
7807,2026-03-08,GT-RPS204,Shovel,high,2059,Tangshan Changzhi Farm Impls And Tools Dml Ltd,0,1000,1000,500,0.75,0.0,120.0,1.0,10.0,0.0,0.0,0.0,low,300.0,17844.0,,,17544.0,999.0,0.0,long,high,Low,4.018772896801545e-06,0.0,Inventory position currently adequate relative to projected demand and replenishment window.
7808,2026-03-08,GT-RPS202,Shovel,high,2059,Tangshan Changzhi Farm Impls And Tools Dml Ltd,0,1000,1000,500,0.75,0.0,120.0,1.0,10.0,0.0,0.0,0.0,low,1032.0,25182.0,,,24150.0,999.0,0.0,long,high,Low,2.1629634874510557e-05,0.0,Inventory position currently adequate relative to projected demand and replenishment window.
7809,2026-03-08,GT-ST209,Shovel,high,2059,Tangshan Changzhi Farm Impls And Tools Dml Ltd,0,1000,1000,500,0.75,0.0,120.0,1.0,10.0,0.0,0.0,0.0,low,0.0,13356.0,,,13356.0,999.0,0.0,long,high,Low,3.96886502376907e-06,0.0,Inventory position currently adequate relative to projected demand and replenishment window.
7810,2026-03-08,GT-ST211,Shovel,high,2059,Tangshan Changzhi Farm Impls And Tools Dml Ltd,0,1000,1000,500,0.75,0.0,120.0,1.0,10.0,0.0,0.0,0.0,low,1716.0,22524.0,,,20808.0,999.0,0.0,long,high,Low,0.0012688528669706734,0.0,Inventory position currently adequate relative to projected demand and replenishment window.
7811,2026-03-08,GT-ST212,Shovel,high,2059,Tangshan Changzhi Farm Impls And Tools Dml Ltd,0,1000,1000,500,0.75,0.0,120.0,1.0,10.0,0.0,0.0,0.0,low,300.0,16254.0,,,15954.0,999.0,0.0,long,high,Low,4.120534003923857e-06,0.0,Inventory position currently adequate relative to projected demand and replenishment window.
7812,2026-03-08,GT-ST217,Shovel,high,2059,Tangshan Changzhi Farm Impls And Tools Dml Ltd,0,1000,1000,500,0.75,0.0,120.0,1.0,10.0,0.0,0.0,0.0,low,414.0,12048.0,,,11634.0,999.0,0.0,long,high,Low,4.846141495495649e-06,0.0,Inventory position currently adequate relative to projected demand and replenishment window.
7815,2026-03-08,GT-ST226,Shovel,high,2059,Tangshan Changzhi Farm Impls And Tools Dml Ltd,0,1000,1000,500,0.75,0.0,120.0,1.0,10.0,0.0,0.0,0.0,low,0.0,13740.0,,,13740.0,999.0,0.0,long,high,Low,3.959927464064699e-06,0.0,Inventory position currently adequate relative to projected demand and replenishment window.
7816,2026-03-08,GT-TS202,Shovel,high,2059,Tangshan Changzhi Farm Impls And Tools Dml Ltd,0,1000,1000,500,0.75,0.0,120.0,1.0,10.0,0.0,0.0,0.0,low,336.0,18402.0,,,18066.0,999.0,0.0,long,high,Low,4.120678420521616e-06,0.0,Inventory position currently adequate relative to projected demand and replenishment window.
7818,2026-03-08,GT-MRP001,Shovel,high,2059,Tangshan Changzhi Farm Impls And Tools Dml Ltd,0,1000,1000,500,0.75,0.0,120.0,1.0,10.0,0.0,0.0,0.0,low,0.0,43740.0,,,43740.0,999.0,0.0,long,high,Low,8.686236729655431e-07,0.0,Inventory position currently adequate relative to projected demand and replenishment window.
7819,2026-03-08,GT-ST405,Shovel,high,2059,Tangshan Changzhi Farm Impls And Tools Dml Ltd,0,1000,1000,500,0.75,0.0,120.0,1.0,10.0,0.0,0.0,0.0,low,0.0,24180.0,,,24180.0,999.0,0.0,long,high,Low,3.1540719180880927e-06,0.0,Inventory position currently adequate relative to projected demand and replenishment window.
7820,2026-03-08,GT-BRK406,Oversized Shovel,high,44800,"Jinhua D&D Garden Tools Co., Ltd.",0,1000,1000,500,0.75,0.0,120.0,1.0,10.0,0.0,0.0,0.0,low,0.0,52542.0,,,52542.0,999.0,0.0,long,high,Low,3.3675846964891793e-07,0.0,Inventory position currently adequate relative to projected demand and replenishment window.
7821,2026-03-08,GT-RPS402,Shovel,high,2059,Tangshan Changzhi Farm Impls And Tools Dml Ltd,0,1000,1000,500,0.75,0.0,120.0,1.0,10.0,0.0,0.0,0.0,low,0.0,60372.0,,,60372.0,999.0,0.0,long,high,Low,1.1968679075899164e-07,0.0,Inventory position currently adequate relative to projected demand and replenishment window.
7822,2026-03-08,GT-TS402,Shovel,high,2059,Tangshan Changzhi Farm Impls And Tools Dml Ltd,0,1000,1000,500,0.75,0.0,120.0,1.0,10.0,0.0,0.0,0.0,low,0.0,46668.0,,,46668.0,999.0,0.0,long,high,Low,6.500242062543792e-07,0.0,Inventory position currently adequate relative to projected demand and replenishment window.
7898,2026-03-08,MRP001EW,Whole Good,high,1959,"Yuyao Norton Electric Appliance Co., Ltd.",-2412,1000,998,500,1.5,0.0,120.0,1.0,10.0,0.0,0.0,0.0,low,0.0,12108.0,,,9696.0,999.0,0.0,long,high,Low,5.686437372970896e-07,0.0,Inventory position currently adequate relative to projected demand and replenishment window.
7899,2026-03-08,LRK208EW,Oversized Shovel,high,44800,"Jinhua D&D Garden Tools Co., Ltd.",-1098,1000,999,500,0.75,0.0,120.0,1.0,10.0,0.0,0.0,0.0,low,0.0,5856.0,,,4758.0,999.0,0.0,long,high,Low,2.4935434200709757e-06,0.0,Inventory position currently adequate relative to projected demand and replenishment window.
7900,2026-03-08,LRK206EW,Oversized Shovel,high,44800,"Jinhua D&D Garden Tools Co., Ltd.",-2340,1000,998,500,0.75,0.0,120.0,1.0,10.0,0.0,0.0,0.0,low,0.0,10350.0,,,8010.0,999.0,0.0,long,high,Low,6.321081935315715e-07,0.0,Inventory position currently adequate relative to projected demand and replenishment window.
7901,2026-03-08,BRK204EW,Rake,high,2031,Foshan City Nanhai Yiqing Metal Product Co. Ltd,-2880,1000,997,500,0.75,0.0,120.0,1.0,10.0,2880.0,0.0,2880.0,low,0.0,12954.0,,,10074.0,3.497916666666667,345600.0,long,high,High,1.0,86400.0,High projected stockout exposure based on inventory position and lead-time demand.
7902,2026-03-08,TS201EW,Shovel,high,2059,Tangshan Changzhi Farm Impls And Tools Dml Ltd,-1278,1000,999,500,0.75,0.0,120.0,1.0,10.0,0.0,0.0,0.0,low,0.0,6468.0,,,5190.0,999.0,0.0,long,high,Low,2.1808473112526773e-06,0.0,Inventory position currently adequate relative to projected demand and replenishment window.
7903,2026-03-08,RPS201EW,Shovel,high,2059,Tangshan Changzhi Farm Impls And Tools Dml Ltd,-2046,1000,998,500,0.75,0.0,120.0,1.0,10.0,0.0,0.0,0.0,low,0.0,10356.0,,,8310.0,999.0,0.0,long,high,Low,9.70895122691809e-07,0.0,Inventory position currently adequate relative to projected demand and replenishment window.
7904,2026-03-08,ST216EW,Shovel,high,2059,Tangshan Changzhi Farm Impls And Tools Dml Ltd,-1404,1000,999,500,0.75,0.0,120.0,1.0,10.0,0.0,0.0,0.0,low,0.0,6510.0,,,5106.0,999.0,0.0,long,high,Low,1.9473170486306613e-06,0.0,Inventory position currently adequate relative to projected demand and replenishment window.
7905,2026-03-08,ELF001,Rake,high,2031,Foshan City Nanhai Yiqing Metal Product Co. Ltd,-3150,1000,997,500,0.75,0.0,120.0,1.0,10.0,0.0,0.0,0.0,low,0.0,13272.0,,,10122.0,999.0,0.0,long,high,Low,1.46045511913492e-07,0.0,Inventory position currently adequate relative to projected demand and replenishment window.
7906,2026-03-08,LSTM2012-4S,Mower,low,44801,"Chongqing Dajiang Power Equipment Co., Ltd. (Ducar)",0,500,500,500,1.5,0.0,90.0,1.0,15.0,0.0,0.0,0.0,low,0.0,0.0,,,0.0,999.0,0.0,medium,high,High,0.9999986438666001,0.0,High projected stockout exposure based on inventory position and lead-time demand.
7911,2026-03-08,GS005G,Boxed Shovel,high,2031,Foshan City Nanhai Yiqing Metal Product Co. Ltd,0,1000,1000,500,0.75,0.0,120.0,1.0,10.0,0.0,0.0,0.0,low,0.0,1296.0,,,1296.0,999.0,0.0,long,high,Low,3.4161327374055474e-06,0.0,Inventory position currently adequate relative to projected demand and replenishment window.
7912,2026-03-08,ST031G,Shovel,high,2059,Tangshan Changzhi Farm Impls And Tools Dml Ltd,0,1000,1000,500,0.75,0.0,120.0,1.0,10.0,0.0,0.0,0.0,low,0.0,1248.0,,,1248.0,999.0,0.0,long,high,Low,3.411176517934758e-06,0.0,Inventory position currently adequate relative to projected demand and replenishment window.
7913,2026-03-08,6GPNSH-1,wheelbarrow,high,44832,Bellota Mexico,0,1000,1000,500,2.0,0.0,45.0,0.5,25.0,0.0,0.0,0.0,low,0.0,500.0,,,500.0,999.0,0.0,short,low,High,1.0,0.0,High projected stockout exposure based on inventory position and lead-time demand.
7920,2026-03-08,BDTSRP33STL,Shovel,high,2059,Tangshan Changzhi Farm Impls And Tools Dml Ltd,0,1000,1000,500,0.75,0.0,120.0,1.0,10.0,0.0,0.0,0.0,low,0.0,19524.0,,,19524.0,999.0,0.0,long,high,Low,3.6320067727806994e-06,0.0,Inventory position currently adequate relative to projected demand and replenishment window.
7921,2026-03-08,BDTTSP33STL,Shovel,high,2059,Tangshan Changzhi Farm Impls And Tools Dml Ltd,6,1000,1000,500,0.75,0.0,120.0,1.0,10.0,0.0,0.0,0.0,low,0.0,14454.0,,,14460.0,999.0,0.0,long,high,Low,3.939009079601046e-06,0.0,Inventory position currently adequate relative to projected demand and replenishment window.
7922,2026-03-08,BDPLR26TSTL,Oversized Shovel,high,44800,"Jinhua D&D Garden Tools Co., Ltd.",1,1000,1000,500,0.75,0.0,120.0,1.0,10.0,0.0,0.0,0.0,low,0.0,17226.0,,,17227.0,999.0,0.0,long,high,Low,3.803488750563447e-06,0.0,Inventory position currently adequate relative to projected demand and replenishment window.
7923,2026-03-08,BDPLR30TSTL,Oversized Shovel,high,44800,"Jinhua D&D Garden Tools Co., Ltd.",0,1000,1000,500,0.75,0.0,120.0,1.0,10.0,0.0,0.0,0.0,low,0.0,12174.0,,,12174.0,999.0,0.0,long,high,Low,3.985634976554729e-06,0.0,Inventory position currently adequate relative to projected demand and replenishment window.
7924,2026-03-08,BDSFR25TSTL,Oversized Shovel,high,44800,"Jinhua D&D Garden Tools Co., Ltd.",0,1000,1000,500,0.75,0.0,120.0,1.0,10.0,0.0,0.0,0.0,low,0.0,6036.0,,,6036.0,999.0,0.0,long,high,Low,3.8133021279660523e-06,0.0,Inventory position currently adequate relative to projected demand and replenishment window.
7925,2026-03-08,BDSSR11TSTL,Oversized Shovel,high,44800,"Jinhua D&D Garden Tools Co., Ltd.",0,1000,1000,500,0.75,0.0,120.0,1.0,10.0,0.0,0.0,0.0,low,0.0,7260.0,,,7260.0,999.0,0.0,long,high,Low,3.881253252316752e-06,0.0,Inventory position currently adequate relative to projected demand and replenishment window.
7928,2026-03-08,RM-GRIP,Part,low,1913,Taizhou Oute Tools Manufacturing Co. Ltd,75,500,500,1000,0.02,0.0,120.0,1.0,10.0,0.0,0.0,0.0,low,0.0,100.0,,,175.0,999.0,0.0,long,high,Low,3.2897565478544905e-06,0.0,Inventory position currently adequate relative to projected demand and replenishment window.
7929,2026-03-08,LS21/26-JK,Part,high,1913,Taizhou Oute Tools Manufacturing Co. Ltd,18,1000,1000,1000,0.02,0.0,120.0,1.0,10.0,1.3793103448275863,0.4938039737912401,40.0,low,2.0,1300.0,,,1316.0,954.0999999999999,165.51724137931035,long,high,Low,5.838009802220626e-06,41.37931034482759,Inventory position currently adequate relative to projected demand and replenishment window.
7930,2026-03-08,RM-PAWL,Part,med,1913,Taizhou Oute Tools Manufacturing Co. Ltd,149,250,251,1000,0.02,0.0,120.0,1.0,10.0,1.0,0.0,3.0,low,0.0,0.0,,,149.0,149.0,120.0,long,high,Low,0.0007671644847802498,30.0,Inventory position currently adequate relative to projected demand and replenishment window.
7936,2026-03-08,1000LEW,Shovel,high,2059,Tangshan Changzhi Farm Impls And Tools Dml Ltd,-1500,1000,999,500,0.75,0.0,120.0,1.0,10.0,1500.0,0.0,1500.0,low,0.0,5034.0,,,3534.0,2.356,180000.0,long,high,High,1.0,45000.0,High projected stockout exposure based on inventory position and lead-time demand.
7937,2026-03-08,CF12HDW,Rake,low,2031,Foshan City Nanhai Yiqing Metal Product Co. Ltd,0,500,500,500,0.75,0.0,120.0,1.0,10.0,0.0,0.0,0.0,low,0.0,12000.0,,,12000.0,999.0,0.0,long,high,Low,3.986725602840093e-06,0.0,Inventory position currently adequate relative to projected demand and replenishment window.
0,2026-03-08,LSTM2012-4 : LSTM2012-4MW,String Trimmer,low,44836,"Zhongshang Baishun Hardware Manufacturer Co.,Ltd",0,500,500,500,1.12,0.0,120.0,1.0,10.0,0.0,0.0,0.0,low,0.0,0.0,,,0.0,999.0,0.0,long,high,Low,3.2770019659521374e-06,0.0,Inventory position currently adequate relative to projected demand and replenishment window.
7942,2026-03-08,R-CSTC-R22,Shovel,low,2059,Tangshan Changzhi Farm Impls And Tools Dml Ltd,0,500,500,500,0.75,0.0,120.0,1.0,10.0,0.0,0.0,0.0,low,0.0,0.0,,,0.0,999.0,0.0,long,high,Low,3.2770019659521374e-06,0.0,Inventory position currently adequate relative to projected demand and replenishment window.
7943,2026-03-08,RMC01-B01,Whole Good,high,1959,"Yuyao Norton Electric Appliance Co., Ltd.",1185,1000,1001,500,1.5,0.0,120.0,1.0,10.0,0.0,0.0,0.0,low,0.0,4755.0,,,5940.0,999.0,0.0,long,high,Low,2.416075486692665e-06,0.0,Inventory position currently adequate relative to projected demand and replenishment window.
7944,2026-03-08,ODP01-W01,Whole Good,low,1959,"Yuyao Norton Electric Appliance Co., Ltd.",0,500,500,500,1.5,0.0,120.0,1.0,10.0,0.0,0.0,0.0,low,0.0,0.0,,,0.0,999.0,0.0,long,high,Low,3.2770019659521374e-06,0.0,Inventory position currently adequate relative to projected demand and replenishment window.
7946,2026-03-08,GS002G,Oversized Shovel,low,44800,"Jinhua D&D Garden Tools Co., Ltd.",0,500,500,500,0.75,0.0,120.0,1.0,10.0,0.0,0.0,0.0,low,0.0,504.0,,,504.0,999.0,0.0,long,high,Low,3.332378291849412e-06,0.0,Inventory position currently adequate relative to projected demand and replenishment window.
7947,2026-03-08,LRK005G,Oversized Shovel,low,44800,"Jinhua D&D Garden Tools Co., Ltd.",0,500,500,500,0.75,0.0,120.0,1.0,10.0,0.0,0.0,0.0,low,0.0,504.0,,,504.0,999.0,0.0,long,high,Low,3.332378291849412e-06,0.0,Inventory position currently adequate relative to projected demand and replenishment window.
7952,2026-03-08,GT-WD005,Shovel,low,2059,Tangshan Changzhi Farm Impls And Tools Dml Ltd,0,500,500,500,0.75,0.0,120.0,1.0,10.0,0.0,0.0,0.0,low,0.0,0.0,,,0.0,999.0,0.0,long,high,Low,3.2770019659521374e-06,0.0,Inventory position currently adequate relative to projected demand and replenishment window.
7953,2026-03-08,TV-TS203,Shovel,low,2059,Tangshan Changzhi Farm Impls And Tools Dml Ltd,0,500,500,500,0.75,0.0,120.0,1.0,10.0,0.0,0.0,0.0,low,0.0,0.0,,,0.0,999.0,0.0,long,high,Low,3.2770019659521374e-06,0.0,Inventory position currently adequate relative to projected demand and replenishment window.
7954,2026-03-08,TV-GS201,Oversized Shovel,high,44800,"Jinhua D&D Garden Tools Co., Ltd.",0,1000,1000,500,0.75,0.0,120.0,1.0,10.0,0.0,0.0,0.0,low,300.0,1824.0,,,1524.0,999.0,0.0,long,high,Low,3.6797800436823118e-06,0.0,Inventory position currently adequate relative to projected demand and replenishment window.
7955,2026-03-08,GT-TS003,Shovel,low,2059,Tangshan Changzhi Farm Impls And Tools Dml Ltd,0,500,500,500,0.75,0.0,120.0,1.0,10.0,0.0,0.0,0.0,low,300.0,1500.0,,,1200.0,999.0,0.0,long,high,Low,3.6447236531423762e-06,0.0,Inventory position currently adequate relative to projected demand and replenishment window.
7957,2026-03-08,GT-RPS010,Shovel,high,2059,Tangshan Changzhi Farm Impls And Tools Dml Ltd,0,1000,1000,500,0.75,0.0,120.0,1.0,10.0,0.0,0.0,0.0,low,300.0,2100.0,,,1800.0,999.0,0.0,long,high,Low,3.7090050466439736e-06,0.0,Inventory position currently adequate relative to projected demand and replenishment window.
7958,2026-03-08,TV-TS201,Shovel,high,2059,Tangshan Changzhi Farm Impls And Tools Dml Ltd,0,1000,1000,500,0.75,0.0,120.0,1.0,10.0,0.0,0.0,0.0,low,600.0,4080.0,,,3480.0,999.0,0.0,long,high,Low,6.24660321889698e-06,0.0,Inventory position currently adequate relative to projected demand and replenishment window.
7959,2026-03-08,TV-RPS203,Shovel,low,2059,Tangshan Changzhi Farm Impls And Tools Dml Ltd,0,500,500,500,0.75,0.0,120.0,1.0,10.0,0.0,0.0,0.0,low,0.0,0.0,,,0.0,999.0,0.0,long,high,Low,3.2770019659521374e-06,0.0,Inventory position currently adequate relative to projected demand and replenishment window.
7960,2026-03-08,TV-ST034,Shovel,low,2059,Tangshan Changzhi Farm Impls And Tools Dml Ltd,0,500,500,500,0.75,0.0,120.0,1.0,10.0,0.0,0.0,0.0,low,0.0,0.0,,,0.0,999.0,0.0,long,high,Low,3.2770019659521374e-06,0.0,Inventory position currently adequate relative to projected demand and replenishment window.
7961,2026-03-08,TV-RPS201,Shovel,high,2059,Tangshan Changzhi Farm Impls And Tools Dml Ltd,0,1000,1000,500,0.75,0.0,120.0,1.0,10.0,0.0,0.0,0.0,low,1140.0,10722.0,,,9582.0,999.0,0.0,long,high,Low,4.509327539425033e-05,0.0,Inventory position currently adequate relative to projected demand and replenishment window.
7962,2026-03-08,TV-BRK506,Shovel,high,2059,Tangshan Changzhi Farm Impls And Tools Dml Ltd,0,1000,1000,500,0.75,0.0,120.0,1.0,10.0,0.0,0.0,0.0,low,918.0,8808.0,,,7890.0,999.0,0.0,long,high,Low,1.742512714266854e-05,0.0,Inventory position currently adequate relative to projected demand and replenishment window.
7963,2026-03-08,GT-ST033,Shovel,low,2059,Tangshan Changzhi Farm Impls And Tools Dml Ltd,0,500,500,500,0.75,0.0,120.0,1.0,10.0,0.0,0.0,0.0,low,0.0,0.0,,,0.0,999.0,0.0,long,high,Low,3.2770019659521374e-06,0.0,Inventory position currently adequate relative to projected demand and replenishment window.
7964,2026-03-08,GT-TS201,Shovel,high,2059,Tangshan Changzhi Farm Impls And Tools Dml Ltd,0,1000,1000,500,0.75,0.0,120.0,1.0,10.0,0.0,0.0,0.0,low,0.0,174.0,,,174.0,999.0,0.0,long,high,Low,3.2962936215840162e-06,0.0,Inventory position currently adequate relative to projected demand and replenishment window.
7966,2026-03-08,GT-BRK204,Oversized Shovel,low,44800,"Jinhua D&D Garden Tools Co., Ltd.",0,500,500,500,0.75,0.0,120.0,1.0,10.0,0.0,0.0,0.0,low,0.0,300.0,,,300.0,999.0,0.0,long,high,Low,3.3101502243813e-06,0.0,Inventory position currently adequate relative to projected demand and replenishment window.
7967,2026-03-08,TV-TS502,Shovel,high,2059,Tangshan Changzhi Farm Impls And Tools Dml Ltd,0,1000,1000,500,0.75,0.0,120.0,1.0,10.0,0.0,0.0,0.0,low,594.0,14436.0,,,13842.0,999.0,0.0,long,high,Low,6.66995813304245e-06,0.0,Inventory position currently adequate relative to projected demand and replenishment window.
7968,2026-03-08,TV-BRK204,Shovel,low,2059,Tangshan Changzhi Farm Impls And Tools Dml Ltd,0,500,500,500,0.75,0.0,120.0,1.0,10.0,0.0,0.0,0.0,low,1278.0,8730.0,,,7452.0,999.0,0.0,long,high,Low,8.92030223876263e-05,0.0,Inventory position currently adequate relative to projected demand and replenishment window.
7969,2026-03-08,GT-RPS201,Shovel,high,2059,Tangshan Changzhi Farm Impls And Tools Dml Ltd,0,1000,1000,500,0.75,0.0,120.0,1.0,10.0,0.0,0.0,0.0,low,0.0,480.0,,,480.0,999.0,0.0,long,high,Low,3.3297766583561965e-06,0.0,Inventory position currently adequate relative to projected demand and replenishment window.
7970,2026-03-08,TV-RPS502,Whole Good,high,1959,"Yuyao Norton Electric Appliance Co., Ltd.",0,1000,1000,500,1.5,0.0,120.0,1.0,10.0,0.0,0.0,0.0,low,0.0,21030.0,,,21030.0,999.0,0.0,long,high,Low,3.4942812062525945e-06,0.0,Inventory position currently adequate relative to projected demand and replenishment window.
7971,2026-03-08,ST030G,Shovel,low,2059,Tangshan Changzhi Farm Impls And Tools Dml Ltd,0,500,500,500,0.75,0.0,120.0,1.0,10.0,0.0,0.0,0.0,low,0.0,500.0,,,500.0,999.0,0.0,long,high,Low,3.331944937280189e-06,0.0,Inventory position currently adequate relative to projected demand and replenishment window.
7972,2026-03-08,TV-ST035,Shovel,low,2059,Tangshan Changzhi Farm Impls And Tools Dml Ltd,0,500,500,500,0.75,0.0,120.0,1.0,10.0,300.0,0.0,300.0,low,300.0,5280.0,,,4980.0,16.6,36000.0,long,high,High,0.9999362875103703,9000.0,High projected stockout exposure based on inventory position and lead-time demand.
7973,2026-03-08,TR001,Rake,low,2031,Foshan City Nanhai Yiqing Metal Product Co. Ltd,0,500,500,500,0.75,0.0,120.0,1.0,10.0,300.0,0.0,300.0,low,0.0,1200.0,,,1200.0,4.0,36000.0,long,high,High,0.9999239515489144,9000.0,High projected stockout exposure based on inventory position and lead-time demand.
7974,2026-03-08,6757SP,pet scoop,high,44791,"United Jumbo Co., Ltd",240,1000,1000,500,0.75,0.0,90.0,1.0,15.0,0.0,0.0,0.0,low,234.0,1152.0,,,1158.0,999.0,0.0,medium,high,High,0.9999986916124219,0.0,High projected stockout exposure based on inventory position and lead-time demand.
7975,2026-03-08,DHK-001,Display,high,1971,"Te Sheng Blacksmith Works Co., Ltd.",0,1000,1000,500,2.0,0.0,120.0,1.0,10.0,0.0,0.0,0.0,low,0.0,5004.0,,,5004.0,999.0,0.0,long,high,Low,3.7440897015342238e-06,0.0,Inventory position currently adequate relative to projected demand and replenishment window.
7976,2026-03-08,LRM-BELT,Part,low,1913,Taizhou Oute Tools Manufacturing Co. Ltd,47,500,500,1000,0.02,0.0,120.0,1.0,10.0,0.0,0.0,0.0,low,0.0,60.0,,,107.0,999.0,0.0,long,high,Low,3.286136225231202e-06,0.0,Inventory position currently adequate relative to projected demand and replenishment window.
7977,2026-03-08,SN722016,Snow Thrower,med,1977,"Cixi Huazhijie Plastic Product Co., Ltd",10,250,250,500,1.62,0.0,120.0,1.0,10.0,1.0,0.0,170.0,low,1.0,500.0,,,509.0,509.0,120.0,long,high,Low,0.0002608432302073325,30.0,Inventory position currently adequate relative to projected demand and replenishment window.
7979,2026-03-08,RTC70040EW-KEY,Kit,low,2061,"Jiangmen Shun Ming Household Co., Ltd (Alibec)",20,500,500,1000,0.5,0.0,120.0,1.0,10.0,0.0,0.0,0.0,low,0.0,20.0,,,40.0,999.0,0.0,long,high,Low,3.2808612780955764e-06,0.0,Inventory position currently adequate relative to projected demand and replenishment window.
7980,2026-03-08,RM1416-BRACKET,Kit,low,2061,"Jiangmen Shun Ming Household Co., Ltd (Alibec)",0,500,500,1000,0.5,0.0,120.0,1.0,10.0,0.0,0.0,0.0,low,0.0,0.0,,,0.0,999.0,0.0,long,high,Low,3.2770019659521374e-06,0.0,Inventory position currently adequate relative to projected demand and replenishment window.
7981,2026-03-08,RM18-BRACKET,Kit,low,2061,"Jiangmen Shun Ming Household Co., Ltd (Alibec)",0,500,500,1000,0.5,0.0,120.0,1.0,10.0,0.0,0.0,0.0,low,0.0,0.0,,,0.0,999.0,0.0,long,high,Low,3.2770019659521374e-06,0.0,Inventory position currently adequate relative to projected demand and replenishment window.
7982,2026-03-08,RS220-001,Shovel,med,2059,Tangshan Changzhi Farm Impls And Tools Dml Ltd,5132,250,271,500,0.75,0.0,120.0,1.0,10.0,1.1888888888888889,0.7479476705309565,107.0,med,554.0,8050.0,,,12628.0,10621.682242990655,142.66666666666666,long,high,Low,0.0,35.666666666666664,Inventory position currently adequate relative to projected demand and replenishment window.
7983,2026-03-08,RS225-001,Shovel,high,2059,Tangshan Changzhi Farm Impls And Tools Dml Ltd,1281,1000,1001,500,0.75,0.0,120.0,1.0,10.0,2.1,3.4785054261852175,21.0,high,31.0,1752.0,,,3002.0,1429.5238095238094,252.0,long,high,Low,2.940365057832151e-09,63.0,Inventory position currently adequate relative to projected demand and replenishment window.
7984,2026-03-08,RS241-001,Shovel,high,2059,Tangshan Changzhi Farm Impls And Tools Dml Ltd,1618,1000,1002,500,0.75,0.0,120.0,1.0,10.0,1.0,0.0,12.0,low,11.0,2000.0,,,3607.0,3607.0,120.0,long,high,Low,8.696499621974342e-41,30.0,Inventory position currently adequate relative to projected demand and replenishment window.
7985,2026-03-08,RS233-001,Shovel,high,2059,Tangshan Changzhi Farm Impls And Tools Dml Ltd,3138,1000,1003,500,0.75,0.0,120.0,1.0,10.0,1.0,0.0,33.0,low,380.0,5380.0,,,8138.0,8138.0,120.0,long,high,Low,6.183965533943265e-198,30.0,Inventory position currently adequate relative to projected demand and replenishment window.
7986,2026-03-08,RS801-001,Shovel,low,2059,Tangshan Changzhi Farm Impls And Tools Dml Ltd,1317,500,503,500,0.75,0.0,120.0,1.0,10.0,1.0,0.0,9.0,low,12.0,1500.0,,,2805.0,2805.0,120.0,long,high,Low,8.28581154635233e-26,30.0,Inventory position currently adequate relative to projected demand and replenishment window.
7987,2026-03-08,RS226-001,Shovel,high,2059,Tangshan Changzhi Farm Impls And Tools Dml Ltd,1164,1000,1001,500,0.75,0.0,120.0,1.0,10.0,1.0,0.0,2.0,low,67.0,1750.0,,,2847.0,2847.0,120.0,long,high,Low,1.9204688772243418e-26,30.0,Inventory position currently adequate relative to projected demand and replenishment window.
7988,2026-03-08,RS223-001,Shovel,high,2059,Tangshan Changzhi Farm Impls And Tools Dml Ltd,2445,1000,1002,500,0.75,0.0,120.0,1.0,10.0,1.1666666666666667,0.5144957554275265,21.0,low,33.0,3300.0,,,5712.0,4896.0,140.0,long,high,Low,3.4002399608328844e-73,35.0,Inventory position currently adequate relative to projected demand and replenishment window.
7989,2026-03-08,RS224-001,Shovel,high,2059,Tangshan Changzhi Farm Impls And Tools Dml Ltd,1312,1000,1001,500,0.75,0.0,120.0,1.0,10.0,1.0,0.0,10.0,low,104.0,2185.0,,,3393.0,3393.0,120.0,long,high,Low,2.5050264559136403e-36,30.0,Inventory position currently adequate relative to projected demand and replenishment window.
7990,2026-03-08,SN70112-BELT,Part,low,1913,Taizhou Oute Tools Manufacturing Co. Ltd,42,500,500,1000,0.02,0.0,120.0,1.0,10.0,1.5,0.5773502691896257,6.0,low,0.0,50.0,,,92.0,61.333333333333336,180.0,long,high,Low,0.0007696494419122553,45.0,Inventory position currently adequate relative to projected demand and replenishment window.
7991,2026-03-08,RS220-002,Shovel,high,2059,Tangshan Changzhi Farm Impls And Tools Dml Ltd,0,1000,1000,500,0.75,0.0,120.0,1.0,10.0,0.0,0.0,0.0,low,0.0,12395.0,,,12395.0,999.0,0.0,long,high,Low,3.983738562100095e-06,0.0,Inventory position currently adequate relative to projected demand and replenishment window.
7992,2026-03-08,RS233-002,Shovel,high,2059,Tangshan Changzhi Farm Impls And Tools Dml Ltd,0,1000,1000,500,0.75,0.0,120.0,1.0,10.0,0.0,0.0,0.0,low,0.0,8620.0,,,8620.0,999.0,0.0,long,high,Low,3.937765378332919e-06,0.0,Inventory position currently adequate relative to projected demand and replenishment window.
7994,2026-03-08,SN2216-WHL-1,Kit,low,2061,"Jiangmen Shun Ming Household Co., Ltd (Alibec)",0,500,500,1000,0.5,0.0,120.0,1.0,10.0,0.0,0.0,0.0,low,0.0,0.0,,,0.0,999.0,0.0,long,high,Low,3.2770019659521374e-06,0.0,Inventory position currently adequate relative to projected demand and replenishment window.
7997,2026-03-08,SN2216-SB-1,Kit,low,2061,"Jiangmen Shun Ming Household Co., Ltd (Alibec)",0,500,500,1000,0.5,0.0,120.0,1.0,10.0,0.0,0.0,0.0,low,0.0,0.0,,,0.0,999.0,0.0,long,high,Low,3.2770019659521374e-06,0.0,Inventory position currently adequate relative to projected demand and replenishment window.
7998,2026-03-08,SN2216-AK-1,Kit,low,2061,"Jiangmen Shun Ming Household Co., Ltd (Alibec)",0,500,500,1000,0.5,0.0,120.0,1.0,10.0,0.0,0.0,0.0,low,0.0,0.0,,,0.0,999.0,0.0,long,high,Low,3.2770019659521374e-06,0.0,Inventory position currently adequate relative to projected demand and replenishment window.
7999,2026-03-08,MC01-R01,hand tool,low,44837,"Shenzhen Qusart Technology Co., Ltd.",1503,500,503,500,0.25,0.0,120.0,1.0,10.0,0.0,0.0,0.0,low,13.0,1608.0,,,3098.0,999.0,0.0,long,high,Low,1.7026110969790947e-06,0.0,Inventory position currently adequate relative to projected demand and replenishment window.
8000,2026-03-08,SW03-R01,hand tool,low,44837,"Shenzhen Qusart Technology Co., Ltd.",1100,500,502,500,0.25,0.0,120.0,1.0,10.0,0.0,0.0,0.0,low,14.0,1200.0,,,2286.0,999.0,0.0,long,high,Low,2.348304399318459e-06,0.0,Inventory position currently adequate relative to projected demand and replenishment window.
8001,2026-03-08,SW02-R01,hand tool,low,44837,"Shenzhen Qusart Technology Co., Ltd.",1059,500,502,500,0.25,0.0,120.0,1.0,10.0,0.0,0.0,0.0,low,26.0,1200.0,,,2233.0,999.0,0.0,long,high,Low,2.4032865106972965e-06,0.0,Inventory position currently adequate relative to projected demand and replenishment window.
8002,2026-03-08,SW01-R01,hand tool,low,44837,"Shenzhen Qusart Technology Co., Ltd.",1534,500,503,500,0.25,0.0,120.0,1.0,10.0,1.0,0.0,7.0,low,15.0,1608.0,,,3127.0,3127.0,120.0,long,high,Low,2.129882277458156e-31,30.0,Inventory position currently adequate relative to projected demand and replenishment window.
8003,2026-03-08,SC01-R01,hand tool,low,44837,"Shenzhen Qusart Technology Co., Ltd.",869,500,502,500,0.25,0.0,120.0,1.0,10.0,0.0,0.0,0.0,low,14.0,1224.0,,,2079.0,999.0,0.0,long,high,Low,2.7107042394004695e-06,0.0,Inventory position currently adequate relative to projected demand and replenishment window.
8004,2026-03-08,GS01-R01,hand tool,low,44837,"Shenzhen Qusart Technology Co., Ltd.",1084,500,502,500,0.25,0.0,120.0,1.0,10.0,0.0,0.0,0.0,low,14.0,1224.0,,,2294.0,999.0,0.0,long,high,Low,2.375979369283975e-06,0.0,Inventory position currently adequate relative to projected demand and replenishment window.
8005,2026-03-08,FP03-R01,hand tool,low,44837,"Shenzhen Qusart Technology Co., Ltd.",1076,500,502,500,0.25,0.0,120.0,1.0,10.0,1.0,0.0,1.0,low,38.0,1224.0,,,2262.0,2262.0,120.0,long,high,Low,7.393008698021375e-18,30.0,Inventory position currently adequate relative to projected demand and replenishment window.
8006,2026-03-08,FP02-R01,hand tool,low,44837,"Shenzhen Qusart Technology Co., Ltd.",1050,500,502,500,0.25,0.0,120.0,1.0,10.0,1.0,0.0,1.0,low,38.0,1224.0,,,2236.0,2236.0,120.0,long,high,Low,1.6195613175256462e-17,30.0,Inventory position currently adequate relative to projected demand and replenishment window.
8007,2026-03-08,FP01-R01,hand tool,low,44837,"Shenzhen Qusart Technology Co., Ltd.",1033,500,502,500,0.25,0.0,120.0,1.0,10.0,1.0,0.0,1.0,low,26.0,1224.0,,,2231.0,2231.0,120.0,long,high,Low,1.9037115566813147e-17,30.0,Inventory position currently adequate relative to projected demand and replenishment window.
8008,2026-03-08,AP03-R01,hand tool,high,44837,"Shenzhen Qusart Technology Co., Ltd.",466,1000,1000,500,0.25,0.0,120.0,1.0,10.0,18.0,8.48528137423857,36.0,low,27.0,1224.0,,,1663.0,92.38888888888889,2160.0,long,high,Low,0.000792738341768675,540.0,Inventory position currently adequate relative to projected demand and replenishment window.
8009,2026-03-08,AP02-R01,hand tool,low,44837,"Shenzhen Qusart Technology Co., Ltd.",1172,500,502,500,0.25,0.0,120.0,1.0,10.0,0.0,0.0,0.0,low,14.0,1224.0,,,2382.0,999.0,0.0,long,high,Low,2.2315337630223374e-06,0.0,Inventory position currently adequate relative to projected demand and replenishment window.
8010,2026-03-08,AP01-R01,hand tool,low,44837,"Shenzhen Qusart Technology Co., Ltd.",1138,500,502,500,0.25,0.0,120.0,1.0,10.0,0.0,0.0,0.0,low,14.0,1200.0,,,2324.0,999.0,0.0,long,high,Low,2.2860743778200233e-06,0.0,Inventory position currently adequate relative to projected demand and replenishment window.
8011,2026-03-08,BP06-R01,hand tool,low,44837,"Shenzhen Qusart Technology Co., Ltd.",865,500,502,500,0.25,0.0,120.0,1.0,10.0,0.0,0.0,0.0,low,63.0,1224.0,,,2026.0,999.0,0.0,long,high,Low,2.675221882993693e-06,0.0,Inventory position currently adequate relative to projected demand and replenishment window.
8012,2026-03-08,BP05-R01,hand tool,med,44837,"Shenzhen Qusart Technology Co., Ltd.",751,250,253,500,0.25,0.0,120.0,1.0,10.0,1.0,0.0,3.0,low,135.0,1224.0,,,1840.0,1840.0,120.0,long,high,Low,7.093106665174834e-13,30.0,Inventory position currently adequate relative to projected demand and replenishment window.
8013,2026-03-08,BP04-R01,hand tool,high,44837,"Shenzhen Qusart Technology Co., Ltd.",461,1000,1000,500,0.25,0.0,120.0,1.0,10.0,3.0,0.0,3.0,low,39.0,1224.0,,,1646.0,548.6666666666666,360.0,long,high,Low,0.00019678817449709187,90.0,Inventory position currently adequate relative to projected demand and replenishment window.
8014,2026-03-08,BP03-R01,hand tool,low,44837,"Shenzhen Qusart Technology Co., Ltd.",1109,500,502,500,0.25,0.0,120.0,1.0,10.0,1.0,0.0,1.0,low,14.0,1224.0,,,2319.0,2319.0,120.0,long,high,Low,1.3139680450787241e-18,30.0,Inventory position currently adequate relative to projected demand and replenishment window.
8015,2026-03-08,BP02-R01,hand tool,low,44837,"Shenzhen Qusart Technology Co., Ltd.",1572,500,503,500,0.25,0.0,120.0,1.0,10.0,1.0,0.0,1.0,low,15.0,1656.0,,,3213.0,3213.0,120.0,long,high,Low,5.4614882121521056e-33,30.0,Inventory position currently adequate relative to projected demand and replenishment window.
8016,2026-03-08,BP01-R01,hand tool,low,44837,"Shenzhen Qusart Technology Co., Ltd.",1037,500,502,500,0.25,0.0,120.0,1.0,10.0,12.0,0.0,12.0,low,26.0,1224.0,,,2235.0,186.25,1440.0,long,high,Low,0.0005575170950662032,360.0,Inventory position currently adequate relative to projected demand and replenishment window.
8017,2026-03-08,HS03-R01,hand tool,med,44837,"Shenzhen Qusart Technology Co., Ltd.",584,250,252,500,0.25,0.0,120.0,1.0,10.0,0.0,0.0,0.0,low,106.0,1200.0,,,1678.0,999.0,0.0,long,high,Low,3.0177393944185616e-06,0.0,Inventory position currently adequate relative to projected demand and replenishment window.
8018,2026-03-08,HS02-R01,hand tool,low,44837,"Shenzhen Qusart Technology Co., Ltd.",1118,500,502,500,0.25,0.0,120.0,1.0,10.0,0.0,0.0,0.0,low,17.0,1200.0,,,2301.0,999.0,0.0,long,high,Low,2.3159885070367264e-06,0.0,Inventory position currently adequate relative to projected demand and replenishment window.
8019,2026-03-08,HS01-R01,hand tool,low,44837,"Shenzhen Qusart Technology Co., Ltd.",1128,500,502,500,0.25,0.0,120.0,1.0,10.0,0.0,0.0,0.0,low,18.0,1200.0,,,2310.0,999.0,0.0,long,high,Low,2.2986773646302947e-06,0.0,Inventory position currently adequate relative to projected demand and replenishment window.
8020,2026-03-08,AL03-R01,hand tool,low,44837,"Shenzhen Qusart Technology Co., Ltd.",1408,500,503,500,0.25,0.0,120.0,1.0,10.0,52.0,62.22539674441618,104.0,high,10.0,1600.0,,,2998.0,57.65384615384615,6240.0,long,high,Low,0.0007023366694660212,1560.0,Inventory position currently adequate relative to projected demand and replenishment window.
8021,2026-03-08,AL02-R01,hand tool,low,44837,"Shenzhen Qusart Technology Co., Ltd.",1170,500,502,500,0.25,0.0,120.0,1.0,10.0,0.0,0.0,0.0,low,10.0,1200.0,,,2360.0,999.0,0.0,long,high,Low,2.2371821339220786e-06,0.0,Inventory position currently adequate relative to projected demand and replenishment window.
8022,2026-03-08,AL01-R01,hand tool,low,44837,"Shenzhen Qusart Technology Co., Ltd.",1131,500,502,500,0.25,0.0,120.0,1.0,10.0,1.0,0.0,1.0,low,10.0,1200.0,,,2321.0,2321.0,120.0,long,high,Low,1.218466124931546e-18,30.0,Inventory position currently adequate relative to projected demand and replenishment window.
8023,2026-03-08,BL06-R01,hand tool,low,44837,"Shenzhen Qusart Technology Co., Ltd.",1328,500,503,500,0.25,0.0,120.0,1.0,10.0,0.0,0.0,0.0,low,26.0,1600.0,,,2902.0,999.0,0.0,long,high,Low,1.9831882761352853e-06,0.0,Inventory position currently adequate relative to projected demand and replenishment window.
8024,2026-03-08,BL05-R01,hand tool,low,44837,"Shenzhen Qusart Technology Co., Ltd.",1180,500,502,500,0.25,0.0,120.0,1.0,10.0,0.0,0.0,0.0,low,10.0,1200.0,,,2370.0,999.0,0.0,long,high,Low,2.220607270693105e-06,0.0,Inventory position currently adequate relative to projected demand and replenishment window.
8025,2026-03-08,BL04-R01,hand tool,low,44837,"Shenzhen Qusart Technology Co., Ltd.",1110,500,502,500,0.25,0.0,120.0,1.0,10.0,0.0,0.0,0.0,low,74.0,1200.0,,,2236.0,999.0,0.0,long,high,Low,2.292085254329887e-06,0.0,Inventory position currently adequate relative to projected demand and replenishment window.
8026,2026-03-08,BL03-R01,hand tool,low,44837,"Shenzhen Qusart Technology Co., Ltd.",1148,500,502,500,0.25,0.0,120.0,1.0,10.0,0.0,0.0,0.0,low,18.0,1200.0,,,2330.0,999.0,0.0,long,high,Low,2.265846480863319e-06,0.0,Inventory position currently adequate relative to projected demand and replenishment window.
8027,2026-03-08,BL02-R01,hand tool,low,44837,"Shenzhen Qusart Technology Co., Ltd.",1088,500,502,500,0.25,0.0,120.0,1.0,10.0,8.5,10.606601717798213,17.0,high,17.0,1200.0,,,2271.0,267.1764705882353,1020.0,long,high,Low,0.0004843249576781984,255.0,Inventory position currently adequate relative to projected demand and replenishment window.
8028,2026-03-08,BL01-R01,hand tool,low,44837,"Shenzhen Qusart Technology Co., Ltd.",1132,500,502,500,0.25,0.0,120.0,1.0,10.0,12.0,5.656854249492381,24.0,low,34.0,1200.0,,,2298.0,191.5,1440.0,long,high,Low,0.0005262990628011505,360.0,Inventory position currently adequate relative to projected demand and replenishment window.
8029,2026-03-08,PP02-R01,hand tool,low,44837,"Shenzhen Qusart Technology Co., Ltd.",971,500,502,500,0.25,0.0,120.0,1.0,10.0,0.0,0.0,0.0,low,8.0,1020.0,,,1983.0,999.0,0.0,long,high,Low,2.5475594391582625e-06,0.0,Inventory position currently adequate relative to projected demand and replenishment window.
8030,2026-03-08,PP01-R01,hand tool,low,44837,"Shenzhen Qusart Technology Co., Ltd.",966,500,502,500,0.25,0.0,120.0,1.0,10.0,0.0,0.0,0.0,low,8.0,1020.0,,,1978.0,999.0,0.0,long,high,Low,2.5553088853246367e-06,0.0,Inventory position currently adequate relative to projected demand and replenishment window.
8099,2026-03-08,916-16EWG,Reel Mower,high,1039,Zhejiang Saige Garden Machinery Co,0,1000,1000,500,1.5,0.0,120.0,1.0,10.0,0.0,0.0,0.0,low,0.0,532.0,,,532.0,999.0,0.0,long,high,Low,3.3354089559527853e-06,0.0,Inventory position currently adequate relative to projected demand and replenishment window.
8100,2026-03-08,916-18EWG,Reel Mower,high,1039,Zhejiang Saige Garden Machinery Co,0,1000,1000,500,1.5,0.0,120.0,1.0,10.0,0.0,0.0,0.0,low,0.0,532.0,,,532.0,999.0,0.0,long,high,Low,3.3354089559527853e-06,0.0,Inventory position currently adequate relative to projected demand and replenishment window.
8101,2026-03-08,1895-9EWG,Reel Mower,low,1039,Zhejiang Saige Garden Machinery Co,0,500,500,500,1.5,0.0,120.0,1.0,10.0,0.0,0.0,0.0,low,0.0,0.0,,,0.0,999.0,0.0,long,high,Low,3.2770019659521374e-06,0.0,Inventory position currently adequate relative to projected demand and replenishment window.
8103,2026-03-08,BM49,Misc.,low,3514,Jiaxing Yat Trading Co. Ltd,0,500,500,500,0.02,0.0,120.0,1.0,10.0,0.0,0.0,0.0,low,0.0,0.0,,,0.0,999.0,0.0,long,high,Low,3.2770019659521374e-06,0.0,Inventory position currently adequate relative to projected demand and replenishment window.
8105,2026-03-08,BM61,Misc.,low,3514,Jiaxing Yat Trading Co. Ltd,0,500,500,500,0.02,0.0,120.0,1.0,10.0,0.0,0.0,0.0,low,0.0,0.0,,,0.0,999.0,0.0,long,high,Low,3.2770019659521374e-06,0.0,Inventory position currently adequate relative to projected demand and replenishment window.
8107,2026-03-08,ELF001-1,Rake,low,2031,Foshan City Nanhai Yiqing Metal Product Co. Ltd,258,500,501,500,0.75,0.0,120.0,1.0,10.0,1.0,0.0,1.0,low,0.0,300.0,,,558.0,558.0,120.0,long,high,Low,0.00019176268375873073,30.0,Inventory position currently adequate relative to projected demand and replenishment window.
8108,2026-03-08,BXGTLM1524V,Rake,high,2031,Foshan City Nanhai Yiqing Metal Product Co. Ltd,0,1000,1000,500,0.75,0.0,120.0,1.0,10.0,0.0,0.0,0.0,low,0.0,9012.0,,,9012.0,999.0,0.0,long,high,Low,3.950213375159117e-06,0.0,Inventory position currently adequate relative to projected demand and replenishment window.
8109,2026-03-08,BXGTLM1301V,hand tool,high,44837,"Shenzhen Qusart Technology Co., Ltd.",0,1000,1000,500,0.25,0.0,120.0,1.0,10.0,0.0,0.0,0.0,low,0.0,4608.0,,,4608.0,999.0,0.0,long,high,Low,3.7147746286164704e-06,0.0,Inventory position currently adequate relative to projected demand and replenishment window.
8110,2026-03-08,BXGTLM2736V,Shovel,high,2059,Tangshan Changzhi Farm Impls And Tools Dml Ltd,0,1000,1000,500,0.75,0.0,120.0,1.0,10.0,0.0,0.0,0.0,low,0.0,12024.0,,,12024.0,999.0,0.0,long,high,Low,3.9865962667089775e-06,0.0,Inventory position currently adequate relative to projected demand and replenishment window.
8111,2026-03-08,BXGTLM1515V,Shovel,high,2059,Tangshan Changzhi Farm Impls And Tools Dml Ltd,0,1000,1000,500,0.75,0.0,120.0,1.0,10.0,0.0,0.0,0.0,low,0.0,18036.0,,,18036.0,999.0,0.0,long,high,Low,3.748767225149109e-06,0.0,Inventory position currently adequate relative to projected demand and replenishment window.
8112,2026-03-08,BXGTLM1111V,hand tool,high,44837,"Shenzhen Qusart Technology Co., Ltd.",0,1000,1000,500,0.25,0.0,120.0,1.0,10.0,0.0,0.0,0.0,low,0.0,10080.0,,,10080.0,999.0,0.0,long,high,Low,3.975198815159855e-06,0.0,Inventory position currently adequate relative to projected demand and replenishment window.
8113,2026-03-08,BXGTLM1119V,hand tool,high,44837,"Shenzhen Qusart Technology Co., Ltd.",0,1000,1000,500,0.25,0.0,120.0,1.0,10.0,0.0,0.0,0.0,low,0.0,18144.0,,,18144.0,999.0,0.0,long,high,Low,3.740987906443111e-06,0.0,Inventory position currently adequate relative to projected demand and replenishment window.
8114,2026-03-08,BXGTLM1117V,hand tool,high,44837,"Shenzhen Qusart Technology Co., Ltd.",0,1000,1000,500,0.25,0.0,120.0,1.0,10.0,0.0,0.0,0.0,low,0.0,12096.0,,,12096.0,999.0,0.0,long,high,Low,3.986167750916293e-06,0.0,Inventory position currently adequate relative to projected demand and replenishment window.
8115,2026-03-08,BXGTLM1112V,hand tool,high,44837,"Shenzhen Qusart Technology Co., Ltd.",0,1000,1000,500,0.25,0.0,120.0,1.0,10.0,0.0,0.0,0.0,low,0.0,6144.0,,,6144.0,999.0,0.0,long,high,Low,3.8199269023247304e-06,0.0,Inventory position currently adequate relative to projected demand and replenishment window.
8116,2026-03-08,BXGTLM1824V,hand tool,high,44837,"Shenzhen Qusart Technology Co., Ltd.",0,1000,1000,500,0.25,0.0,120.0,1.0,10.0,0.0,0.0,0.0,low,0.0,6006.0,,,6006.0,999.0,0.0,long,high,Low,3.8114407395528018e-06,0.0,Inventory position currently adequate relative to projected demand and replenishment window.
8117,2026-03-08,BXGTLM1206V,hand tool,high,44837,"Shenzhen Qusart Technology Co., Ltd.",0,1000,1000,500,0.25,0.0,120.0,1.0,10.0,2004.0,0.0,4008.0,low,0.0,16032.0,,,16032.0,8.0,240480.0,long,high,High,1.0,60120.0,High projected stockout exposure based on inventory position and lead-time demand.
8118,2026-03-08,BXGTLM1411V,hand tool,high,44837,"Shenzhen Qusart Technology Co., Ltd.",0,1000,1000,500,0.25,0.0,120.0,1.0,10.0,2004.0,0.0,12024.0,low,0.0,19524.0,,,19524.0,9.74251497005988,240480.0,long,high,High,1.0,60120.0,High projected stockout exposure based on inventory position and lead-time demand.
8119,2026-03-08,BXGTLM1143V,hand tool,high,44837,"Shenzhen Qusart Technology Co., Ltd.",0,1000,1000,500,0.25,0.0,120.0,1.0,10.0,0.0,0.0,0.0,low,0.0,6048.0,,,6048.0,999.0,0.0,long,high,Low,3.8140441099697156e-06,0.0,Inventory position currently adequate relative to projected demand and replenishment window.
8120,2026-03-08,BXGTLM1126V,hand tool,high,44837,"Shenzhen Qusart Technology Co., Ltd.",0,1000,1000,500,0.25,0.0,120.0,1.0,10.0,0.0,0.0,0.0,low,0.0,13728.0,,,13728.0,999.0,0.0,long,high,Low,3.960232464671699e-06,0.0,Inventory position currently adequate relative to projected demand and replenishment window.
8121,2026-03-08,BXGTLM965A7V,hand tool,high,44837,"Shenzhen Qusart Technology Co., Ltd.",0,1000,1000,500,0.25,0.0,120.0,1.0,10.0,0.0,0.0,0.0,low,0.0,8064.0,,,8064.0,999.0,0.0,long,high,Low,3.917138264978085e-06,0.0,Inventory position currently adequate relative to projected demand and replenishment window.
8122,2026-03-08,BXGTLM1732V,hand tool,high,44837,"Shenzhen Qusart Technology Co., Ltd.",0,1000,1000,500,0.25,0.0,120.0,1.0,10.0,0.0,0.0,0.0,low,0.0,7560.0,,,7560.0,999.0,0.0,long,high,Low,3.89547094859608e-06,0.0,Inventory position currently adequate relative to projected demand and replenishment window.
8123,2026-03-08,BXGTLM1701V,hand tool,high,44837,"Shenzhen Qusart Technology Co., Ltd.",0,1000,1000,500,0.25,0.0,120.0,1.0,10.0,0.0,0.0,0.0,low,0.0,4608.0,,,4608.0,999.0,0.0,long,high,Low,3.7147746286164704e-06,0.0,Inventory position currently adequate relative to projected demand and replenishment window.
8124,2026-03-08,BXGTLM1703V,hand tool,high,44837,"Shenzhen Qusart Technology Co., Ltd.",0,1000,1000,500,0.25,0.0,120.0,1.0,10.0,0.0,0.0,0.0,low,0.0,7500.0,,,7500.0,999.0,0.0,long,high,Low,3.892705710580966e-06,0.0,Inventory position currently adequate relative to projected demand and replenishment window.
8125,2026-03-08,BXGTLM1546V,hand tool,high,44837,"Shenzhen Qusart Technology Co., Ltd.",0,1000,1000,500,0.25,0.0,120.0,1.0,10.0,0.0,0.0,0.0,low,0.0,15096.0,,,15096.0,999.0,0.0,long,high,Low,3.914915235176162e-06,0.0,Inventory position currently adequate relative to projected demand and replenishment window.
8126,2026-03-08,BXGTLM1545V,hand tool,high,44837,"Shenzhen Qusart Technology Co., Ltd.",0,1000,1000,500,0.25,0.0,120.0,1.0,10.0,0.0,0.0,0.0,low,0.0,15096.0,,,15096.0,999.0,0.0,long,high,Low,3.914915235176162e-06,0.0,Inventory position currently adequate relative to projected demand and replenishment window.
8127,2026-03-08,BXGTLM1538V,hand tool,high,44837,"Shenzhen Qusart Technology Co., Ltd.",0,1000,1000,500,0.25,0.0,120.0,1.0,10.0,0.0,0.0,0.0,low,0.0,12096.0,,,12096.0,999.0,0.0,long,high,Low,3.986167750916293e-06,0.0,Inventory position currently adequate relative to projected demand and replenishment window.
8128,2026-03-08,BXGTLM1540V,hand tool,high,44837,"Shenzhen Qusart Technology Co., Ltd.",0,1000,1000,500,0.25,0.0,120.0,1.0,10.0,0.0,0.0,0.0,low,0.0,18144.0,,,18144.0,999.0,0.0,long,high,Low,3.740987906443111e-06,0.0,Inventory position currently adequate relative to projected demand and replenishment window.
8129,2026-03-08,BXGTLM1534V,hand tool,high,44837,"Shenzhen Qusart Technology Co., Ltd.",0,1000,1000,500,0.25,0.0,120.0,1.0,10.0,0.0,0.0,0.0,low,0.0,27168.0,,,27168.0,999.0,0.0,long,high,Low,2.7858368733363406e-06,0.0,Inventory position currently adequate relative to projected demand and replenishment window.
8130,2026-03-08,BXGTLM1535V,hand tool,high,44837,"Shenzhen Qusart Technology Co., Ltd.",0,1000,1000,500,0.25,0.0,120.0,1.0,10.0,2016.0,0.0,6048.0,low,0.0,27168.0,,,27168.0,13.476190476190476,241920.0,long,high,High,1.0,60480.0,High projected stockout exposure based on inventory position and lead-time demand.
8131,2026-03-08,BXGTLM1717,hand tool,high,44837,"Shenzhen Qusart Technology Co., Ltd.",0,1000,1000,500,0.25,0.0,120.0,1.0,10.0,0.0,0.0,0.0,low,0.0,6048.0,,,6048.0,999.0,0.0,long,high,Low,3.8140441099697156e-06,0.0,Inventory position currently adequate relative to projected demand and replenishment window.
8132,2026-03-08,RPS203EW,Shovel,high,2059,Tangshan Changzhi Farm Impls And Tools Dml Ltd,-600,1000,999,500,0.75,0.0,120.0,1.0,10.0,0.0,0.0,0.0,low,0.0,2580.0,,,1980.0,999.0,0.0,long,high,Low,3.094879968434717e-06,0.0,Inventory position currently adequate relative to projected demand and replenishment window.
8133,2026-03-08,ST208EW,Shovel,high,2059,Tangshan Changzhi Farm Impls And Tools Dml Ltd,-1212,1000,999,500,0.75,0.0,120.0,1.0,10.0,0.0,0.0,0.0,low,0.0,2676.0,,,1464.0,999.0,0.0,long,high,Low,2.118171558006624e-06,0.0,Inventory position currently adequate relative to projected demand and replenishment window.
8134,2026-03-08,TS203EW,Shovel,high,2059,Tangshan Changzhi Farm Impls And Tools Dml Ltd,-180,1000,1000,500,0.75,0.0,120.0,1.0,10.0,0.0,0.0,0.0,low,0.0,1530.0,,,1350.0,999.0,0.0,long,high,Low,3.3857149482262963e-06,0.0,Inventory position currently adequate relative to projected demand and replenishment window.
8135,2026-03-08,LRK009EW,Shovel,high,2059,Tangshan Changzhi Farm Impls And Tools Dml Ltd,-1860,1000,998,500,0.75,0.0,120.0,1.0,10.0,0.0,0.0,0.0,low,0.0,3804.0,,,1944.0,999.0,0.0,long,high,Low,1.1143677835095773e-06,0.0,Inventory position currently adequate relative to projected demand and replenishment window.
8136,2026-03-08,51319-1,Mower,high,44801,"Chongqing Dajiang Power Equipment Co., Ltd. (Ducar)",840,1000,1001,500,1.5,0.0,90.0,1.0,15.0,420.0,0.0,420.0,low,2940.0,8820.0,,,6720.0,16.0,37800.0,medium,high,High,1.0,12600.0,High projected stockout exposure based on inventory position and lead-time demand.
8138,2026-03-08,RM14/16-BRACKET,Kit,low,2061,"Jiangmen Shun Ming Household Co., Ltd (Alibec)",0,500,500,1000,0.5,0.0,120.0,1.0,10.0,0.0,0.0,0.0,low,0.0,0.0,,,0.0,999.0,0.0,long,high,Low,3.2770019659521374e-06,0.0,Inventory position currently adequate relative to projected demand and replenishment window.
8139,2026-03-08,RM14-UHS,Kit,low,2061,"Jiangmen Shun Ming Household Co., Ltd (Alibec)",0,500,500,1000,0.5,0.0,120.0,1.0,10.0,0.0,0.0,0.0,low,0.0,0.0,,,0.0,999.0,0.0,long,high,Low,3.2770019659521374e-06,0.0,Inventory position currently adequate relative to projected demand and replenishment window.
8140,2026-03-08,RM14-LHS,Kit,low,2061,"Jiangmen Shun Ming Household Co., Ltd (Alibec)",0,500,500,1000,0.5,0.0,120.0,1.0,10.0,0.0,0.0,0.0,low,0.0,0.0,,,0.0,999.0,0.0,long,high,Low,3.2770019659521374e-06,0.0,Inventory position currently adequate relative to projected demand and replenishment window.
8141,2026-03-08,RM16-T-HNDL,Kit,low,2061,"Jiangmen Shun Ming Household Co., Ltd (Alibec)",0,500,500,1000,0.5,0.0,120.0,1.0,10.0,0.0,0.0,0.0,low,0.0,0.0,,,0.0,999.0,0.0,long,high,Low,3.2770019659521374e-06,0.0,Inventory position currently adequate relative to projected demand and replenishment window.
8142,2026-03-08,RM16-T-UPHNDL,Kit,low,2061,"Jiangmen Shun Ming Household Co., Ltd (Alibec)",0,500,500,1000,0.5,0.0,120.0,1.0,10.0,0.0,0.0,0.0,low,0.0,0.0,,,0.0,999.0,0.0,long,high,Low,3.2770019659521374e-06,0.0,Inventory position currently adequate relative to projected demand and replenishment window.
8143,2026-03-08,RM16-T-LOHNDL,Kit,low,2061,"Jiangmen Shun Ming Household Co., Ltd (Alibec)",0,500,500,1000,0.5,0.0,120.0,1.0,10.0,0.0,0.0,0.0,low,0.0,0.0,,,0.0,999.0,0.0,long,high,Low,3.2770019659521374e-06,0.0,Inventory position currently adequate relative to projected demand and replenishment window.
8144,2026-03-08,RM16-U-UPHNDL,Kit,low,2061,"Jiangmen Shun Ming Household Co., Ltd (Alibec)",0,500,500,1000,0.5,0.0,120.0,1.0,10.0,0.0,0.0,0.0,low,0.0,0.0,,,0.0,999.0,0.0,long,high,Low,3.2770019659521374e-06,0.0,Inventory position currently adequate relative to projected demand and replenishment window.
8145,2026-03-08,RM16-U-LOHNDL,Kit,low,2061,"Jiangmen Shun Ming Household Co., Ltd (Alibec)",0,500,500,1000,0.5,0.0,120.0,1.0,10.0,0.0,0.0,0.0,low,0.0,0.0,,,0.0,999.0,0.0,long,high,Low,3.2770019659521374e-06,0.0,Inventory position currently adequate relative to projected demand and replenishment window.
8146,2026-03-08,RM18-U-UPHNDL,Kit,low,2061,"Jiangmen Shun Ming Household Co., Ltd (Alibec)",0,500,500,1000,0.5,0.0,120.0,1.0,10.0,0.0,0.0,0.0,low,0.0,0.0,,,0.0,999.0,0.0,long,high,Low,3.2770019659521374e-06,0.0,Inventory position currently adequate relative to projected demand and replenishment window.
8147,2026-03-08,RM18-U-LOHNDL,Kit,low,2061,"Jiangmen Shun Ming Household Co., Ltd (Alibec)",0,500,500,1000,0.5,0.0,120.0,1.0,10.0,0.0,0.0,0.0,low,0.0,0.0,,,0.0,999.0,0.0,long,high,Low,3.2770019659521374e-06,0.0,Inventory position currently adequate relative to projected demand and replenishment window.
8148,2026-03-08,RM20-U-UPHNDL,Kit,low,2061,"Jiangmen Shun Ming Household Co., Ltd (Alibec)",0,500,500,1000,0.5,0.0,120.0,1.0,10.0,0.0,0.0,0.0,low,0.0,0.0,,,0.0,999.0,0.0,long,high,Low,3.2770019659521374e-06,0.0,Inventory position currently adequate relative to projected demand and replenishment window.
8149,2026-03-08,RM20-U-LOHNDL,Kit,low,2061,"Jiangmen Shun Ming Household Co., Ltd (Alibec)",0,500,500,1000,0.5,0.0,120.0,1.0,10.0,0.0,0.0,0.0,low,0.0,0.0,,,0.0,999.0,0.0,long,high,Low,3.2770019659521374e-06,0.0,Inventory position currently adequate relative to projected demand and replenishment window.
8151,2026-03-08,RM-U-MIDHNDL,Kit,low,2061,"Jiangmen Shun Ming Household Co., Ltd (Alibec)",0,500,500,1000,0.5,0.0,120.0,1.0,10.0,0.0,0.0,0.0,low,0.0,0.0,,,0.0,999.0,0.0,long,high,Low,3.2770019659521374e-06,0.0,Inventory position currently adequate relative to projected demand and replenishment window.
8152,2026-03-08,A30300A,Kit,low,2061,"Jiangmen Shun Ming Household Co., Ltd (Alibec)",0,500,500,1000,0.5,0.0,120.0,1.0,10.0,0.0,0.0,0.0,low,0.0,0.0,,,0.0,999.0,0.0,long,high,Low,3.2770019659521374e-06,0.0,Inventory position currently adequate relative to projected demand and replenishment window.
8153,2026-03-08,RS231-G04,Shovel,high,2059,Tangshan Changzhi Farm Impls And Tools Dml Ltd,0,1000,1000,500,0.75,0.0,120.0,1.0,10.0,0.0,0.0,0.0,low,0.0,1680.0,,,1680.0,999.0,0.0,long,high,Low,3.455199307836608e-06,0.0,Inventory position currently adequate relative to projected demand and replenishment window.
8154,2026-03-08,RS231-B04,Shovel,high,2059,Tangshan Changzhi Farm Impls And Tools Dml Ltd,0,1000,1000,500,0.75,0.0,120.0,1.0,10.0,0.0,0.0,0.0,low,0.0,1040.0,,,1040.0,999.0,0.0,long,high,Low,3.3895170020492494e-06,0.0,Inventory position currently adequate relative to projected demand and replenishment window.
8155,2026-03-08,RS231-004,Shovel,high,2059,Tangshan Changzhi Farm Impls And Tools Dml Ltd,0,1000,1000,500,0.75,0.0,120.0,1.0,10.0,0.0,0.0,0.0,low,0.0,1280.0,,,1280.0,999.0,0.0,long,high,Low,3.414482436451474e-06,0.0,Inventory position currently adequate relative to projected demand and replenishment window.
8156,2026-03-08,TC722011-KEY,Kit,low,2061,"Jiangmen Shun Ming Household Co., Ltd (Alibec)",0,500,500,1000,0.5,0.0,120.0,1.0,10.0,0.0,0.0,0.0,low,0.0,0.0,,,0.0,999.0,0.0,long,high,Low,3.2770019659521374e-06,0.0,Inventory position currently adequate relative to projected demand and replenishment window.
8157,2026-03-08,1304-14SK2,Reel Mower,high,1039,Zhejiang Saige Garden Machinery Co,1118,1000,1001,500,1.5,0.0,120.0,1.0,10.0,1.0,0.0,8.0,low,1086.0,5909.0,,,5941.0,5941.0,120.0,long,high,Low,9.287611903068525e-105,30.0,Inventory position currently adequate relative to projected demand and replenishment window.
8158,2026-03-08,1415-16SK2,Reel Mower,high,1039,Zhejiang Saige Garden Machinery Co,1092,1000,1001,500,1.5,0.0,120.0,1.0,10.0,1.0,0.0,10.0,low,776.0,5793.0,,,6109.0,6109.0,120.0,long,high,Low,3.3211859669121284e-111,30.0,Inventory position currently adequate relative to projected demand and replenishment window.
8159,2026-03-08,2002-20,Reel Mower,high,1039,Zhejiang Saige Garden Machinery Co,8,1000,1000,500,1.5,0.0,120.0,1.0,10.0,99.33333333333333,90.12398866746486,298.0,med,451.0,3353.0,,,2910.0,29.29530201342282,11920.0,long,high,Low,0.005759266819844341,2980.0,Inventory position currently adequate relative to projected demand and replenishment window.
8160,2026-03-08,1604-16,Reel Mower,high,1039,Zhejiang Saige Garden Machinery Co,2,1000,1000,500,1.5,0.0,120.0,1.0,10.0,0.0,0.0,0.0,low,600.0,3750.0,,,3152.0,999.0,0.0,long,high,Low,6.198958661191954e-06,0.0,Inventory position currently adequate relative to projected demand and replenishment window.
8161,2026-03-08,1804-18,Reel Mower,high,1039,Zhejiang Saige Garden Machinery Co,1,1000,1000,500,1.5,0.0,120.0,1.0,10.0,0.0,0.0,0.0,low,804.0,4133.0,,,3330.0,999.0,0.0,long,high,Low,1.0897673490610699e-05,0.0,Inventory position currently adequate relative to projected demand and replenishment window.
8162,2026-03-08,51319,Mower,high,44801,"Chongqing Dajiang Power Equipment Co., Ltd. (Ducar)",200,1000,1000,500,1.5,0.0,90.0,1.0,15.0,1.0,0.0,4.0,low,450.0,2740.0,,,2490.0,2490.0,90.0,medium,high,Low,2.551315551588848e-09,30.0,Inventory position currently adequate relative to projected demand and replenishment window.
8164,2026-03-08,R3601-001,Shovel,low,2059,Tangshan Changzhi Farm Impls And Tools Dml Ltd,0,500,500,500,0.75,0.0,120.0,1.0,10.0,0.0,0.0,0.0,low,0.0,1590.0,,,1590.0,999.0,0.0,long,high,Low,3.4461373233043096e-06,0.0,Inventory position currently adequate relative to projected demand and replenishment window.
8165,2026-03-08,R3602-001,Shovel,low,2059,Tangshan Changzhi Farm Impls And Tools Dml Ltd,0,500,500,500,0.75,0.0,120.0,1.0,10.0,0.0,0.0,0.0,low,0.0,966.0,,,966.0,999.0,0.0,long,high,Low,3.381740608297896e-06,0.0,Inventory position currently adequate relative to projected demand and replenishment window.
8166,2026-03-08,R6303-001,Shovel,low,2059,Tangshan Changzhi Farm Impls And Tools Dml Ltd,0,500,500,500,0.75,0.0,120.0,1.0,10.0,0.0,0.0,0.0,low,0.0,0.0,,,0.0,999.0,0.0,long,high,Low,3.2770019659521374e-06,0.0,Inventory position currently adequate relative to projected demand and replenishment window.
8167,2026-03-08,R3604-001,Shovel,low,2059,Tangshan Changzhi Farm Impls And Tools Dml Ltd,0,500,500,500,0.75,0.0,120.0,1.0,10.0,0.0,0.0,0.0,low,0.0,0.0,,,0.0,999.0,0.0,long,high,Low,3.2770019659521374e-06,0.0,Inventory position currently adequate relative to projected demand and replenishment window.
8168,2026-03-08,R3605-001,Shovel,low,2059,Tangshan Changzhi Farm Impls And Tools Dml Ltd,0,500,500,500,0.75,0.0,120.0,1.0,10.0,0.0,0.0,0.0,low,0.0,0.0,,,0.0,999.0,0.0,long,high,Low,3.2770019659521374e-06,0.0,Inventory position currently adequate relative to projected demand and replenishment window.
8169,2026-03-08,R3606-001,Shovel,low,2059,Tangshan Changzhi Farm Impls And Tools Dml Ltd,0,500,500,500,0.75,0.0,120.0,1.0,10.0,0.0,0.0,0.0,low,0.0,0.0,,,0.0,999.0,0.0,long,high,Low,3.2770019659521374e-06,0.0,Inventory position currently adequate relative to projected demand and replenishment window.
8170,2026-03-08,R3607-001,Shovel,low,2059,Tangshan Changzhi Farm Impls And Tools Dml Ltd,0,500,500,500,0.75,0.0,120.0,1.0,10.0,0.0,0.0,0.0,low,0.0,0.0,,,0.0,999.0,0.0,long,high,Low,3.2770019659521374e-06,0.0,Inventory position currently adequate relative to projected demand and replenishment window.
8171,2026-03-08,R3608-001,Shovel,low,2059,Tangshan Changzhi Farm Impls And Tools Dml Ltd,0,500,500,500,0.75,0.0,120.0,1.0,10.0,0.0,0.0,0.0,low,0.0,0.0,,,0.0,999.0,0.0,long,high,Low,3.2770019659521374e-06,0.0,Inventory position currently adequate relative to projected demand and replenishment window.
8172,2026-03-08,R3609-001,Shovel,low,2059,Tangshan Changzhi Farm Impls And Tools Dml Ltd,0,500,500,500,0.75,0.0,120.0,1.0,10.0,0.0,0.0,0.0,low,0.0,0.0,,,0.0,999.0,0.0,long,high,Low,3.2770019659521374e-06,0.0,Inventory position currently adequate relative to projected demand and replenishment window.
8173,2026-03-08,R3610-001,Shovel,low,2059,Tangshan Changzhi Farm Impls And Tools Dml Ltd,0,500,500,500,0.75,0.0,120.0,1.0,10.0,0.0,0.0,0.0,low,0.0,0.0,,,0.0,999.0,0.0,long,high,Low,3.2770019659521374e-06,0.0,Inventory position currently adequate relative to projected demand and replenishment window.
8174,2026-03-08,R3681-001,Shovel,low,2059,Tangshan Changzhi Farm Impls And Tools Dml Ltd,0,500,500,500,0.75,0.0,120.0,1.0,10.0,0.0,0.0,0.0,low,0.0,0.0,,,0.0,999.0,0.0,long,high,Low,3.2770019659521374e-06,0.0,Inventory position currently adequate relative to projected demand and replenishment window.
8175,2026-03-08,ELF001R,Shovel,low,2059,Tangshan Changzhi Farm Impls And Tools Dml Ltd,300,500,501,500,0.75,0.0,120.0,1.0,10.0,0.0,0.0,0.0,low,2.0,300.0,,,598.0,999.0,0.0,long,high,Low,3.2404707964472093e-06,0.0,Inventory position currently adequate relative to projected demand and replenishment window.
8176,2026-03-08,MRP001,Shovel,low,2059,Tangshan Changzhi Farm Impls And Tools Dml Ltd,0,500,500,500,0.75,0.0,120.0,1.0,10.0,0.0,0.0,0.0,low,0.0,0.0,,,0.0,999.0,0.0,long,high,Low,3.2770019659521374e-06,0.0,Inventory position currently adequate relative to projected demand and replenishment window.
8177,2026-03-08,LRK011,Shovel,low,2059,Tangshan Changzhi Farm Impls And Tools Dml Ltd,1008,500,502,500,0.75,0.0,120.0,1.0,10.0,0.0,0.0,0.0,low,8.0,1008.0,,,2008.0,999.0,0.0,long,high,Low,2.4887837463746197e-06,0.0,Inventory position currently adequate relative to projected demand and replenishment window.
8178,2026-03-08,LRK012,Shovel,low,2059,Tangshan Changzhi Farm Impls And Tools Dml Ltd,1008,500,502,500,0.75,0.0,120.0,1.0,10.0,0.0,0.0,0.0,low,8.0,2598.0,,,3598.0,999.0,0.0,long,high,Low,2.5987949526267374e-06,0.0,Inventory position currently adequate relative to projected demand and replenishment window.
8179,2026-03-08,ST045,Shovel,low,2059,Tangshan Changzhi Farm Impls And Tools Dml Ltd,300,500,501,500,0.75,0.0,120.0,1.0,10.0,0.0,0.0,0.0,low,1.0,300.0,,,599.0,999.0,0.0,long,high,Low,3.2420406801993693e-06,0.0,Inventory position currently adequate relative to projected demand and replenishment window.
8183,2026-03-08,R3603-001,Shovel,low,2059,Tangshan Changzhi Farm Impls And Tools Dml Ltd,0,500,500,500,0.75,0.0,120.0,1.0,10.0,0.0,0.0,0.0,low,0.0,1590.0,,,1590.0,999.0,0.0,long,high,Low,3.4461373233043096e-06,0.0,Inventory position currently adequate relative to projected demand and replenishment window.
8191,2026-03-08,R3602-002,Shovel,high,2059,Tangshan Changzhi Farm Impls And Tools Dml Ltd,0,1000,1000,500,0.75,0.0,120.0,1.0,10.0,0.0,0.0,0.0,low,0.0,3864.0,,,3864.0,999.0,0.0,long,high,Low,3.6557528756907254e-06,0.0,Inventory position currently adequate relative to projected demand and replenishment window.
8192,2026-03-08,1415-16BDSK2,Reel Mower,low,1039,Zhejiang Saige Garden Machinery Co,0,500,500,500,1.5,0.0,120.0,1.0,10.0,0.0,0.0,0.0,low,0.0,0.0,,,0.0,999.0,0.0,long,high,Low,3.2770019659521374e-06,0.0,Inventory position currently adequate relative to projected demand and replenishment window.
8193,2026-03-08,1304-14BDSK2,Reel Mower,low,1039,Zhejiang Saige Garden Machinery Co,0,500,500,500,1.5,0.0,120.0,1.0,10.0,0.0,0.0,0.0,low,0.0,0.0,,,0.0,999.0,0.0,long,high,Low,3.2770019659521374e-06,0.0,Inventory position currently adequate relative to projected demand and replenishment window.
8194,2026-03-08,1204-14BD,Reel Mower,low,1039,Zhejiang Saige Garden Machinery Co,3278,500,507,500,1.5,0.0,120.0,1.0,10.0,0.0,0.0,0.0,low,0.0,3340.0,,,6618.0,999.0,0.0,long,high,Low,1.1473169999168306e-07,0.0,Inventory position currently adequate relative to projected demand and replenishment window.
8199,2026-03-08,CS33114-SC-1,Part,low,1913,Taizhou Oute Tools Manufacturing Co. Ltd,0,500,500,1000,0.02,0.0,120.0,1.0,10.0,0.0,0.0,0.0,low,0.0,0.0,,,0.0,999.0,0.0,long,high,Low,3.2770019659521374e-06,0.0,Inventory position currently adequate relative to projected demand and replenishment window.
8200,2026-03-08,CS34014S-SC-1,Part,low,1913,Taizhou Oute Tools Manufacturing Co. Ltd,0,500,500,1000,0.02,0.0,120.0,1.0,10.0,0.0,0.0,0.0,low,0.0,0.0,,,0.0,999.0,0.0,long,high,Low,3.2770019659521374e-06,0.0,Inventory position currently adequate relative to projected demand and replenishment window.
8201,2026-03-08,CS34018-SC-1,Part,low,1913,Taizhou Oute Tools Manufacturing Co. Ltd,0,500,500,1000,0.02,0.0,120.0,1.0,10.0,0.0,0.0,0.0,low,0.0,0.0,,,0.0,999.0,0.0,long,high,Low,3.2770019659521374e-06,0.0,Inventory position currently adequate relative to projected demand and replenishment window.
8202,2026-03-08,PS45010-SRK-1,Part,low,1913,Taizhou Oute Tools Manufacturing Co. Ltd,0,500,500,1000,0.02,0.0,120.0,1.0,10.0,0.0,0.0,0.0,low,0.0,0.0,,,0.0,999.0,0.0,long,high,Low,3.2770019659521374e-06,0.0,Inventory position currently adequate relative to projected demand and replenishment window.
8205,2026-03-08,1415-16BD,Reel Mower,low,1039,Zhejiang Saige Garden Machinery Co,0,500,500,500,1.5,0.0,120.0,1.0,10.0,0.0,0.0,0.0,low,0.0,0.0,,,0.0,999.0,0.0,long,high,Low,3.2770019659521374e-06,0.0,Inventory position currently adequate relative to projected demand and replenishment window.
8207,2026-03-08,RS220-004,Shovel,low,2059,Tangshan Changzhi Farm Impls And Tools Dml Ltd,0,500,500,500,0.75,0.0,120.0,1.0,10.0,0.0,0.0,0.0,low,0.0,0.0,,,0.0,999.0,0.0,long,high,Low,3.2770019659521374e-06,0.0,Inventory position currently adequate relative to projected demand and replenishment window.
8208,2026-03-08,RS233-004,Shovel,low,2059,Tangshan Changzhi Farm Impls And Tools Dml Ltd,0,500,500,500,0.75,0.0,120.0,1.0,10.0,0.0,0.0,0.0,low,0.0,0.0,,,0.0,999.0,0.0,long,high,Low,3.2770019659521374e-06,0.0,Inventory position currently adequate relative to projected demand and replenishment window.
8209,2026-03-08,RS226-004,Shovel,low,2059,Tangshan Changzhi Farm Impls And Tools Dml Ltd,0,500,500,500,0.75,0.0,120.0,1.0,10.0,0.0,0.0,0.0,low,0.0,0.0,,,0.0,999.0,0.0,long,high,Low,3.2770019659521374e-06,0.0,Inventory position currently adequate relative to projected demand and replenishment window.
8210,2026-03-08,RS220-005,Shovel,low,2059,Tangshan Changzhi Farm Impls And Tools Dml Ltd,0,500,500,500,0.75,0.0,120.0,1.0,10.0,0.0,0.0,0.0,low,0.0,0.0,,,0.0,999.0,0.0,long,high,Low,3.2770019659521374e-06,0.0,Inventory position currently adequate relative to projected demand and replenishment window.
8211,2026-03-08,RS233-005,Shovel,low,2059,Tangshan Changzhi Farm Impls And Tools Dml Ltd,0,500,500,500,0.75,0.0,120.0,1.0,10.0,0.0,0.0,0.0,low,0.0,0.0,,,0.0,999.0,0.0,long,high,Low,3.2770019659521374e-06,0.0,Inventory position currently adequate relative to projected demand and replenishment window.
8212,2026-03-08,TC8-10EW,Tiller/Cultivator,low,4279,Ningbo Joyo Garden Tools Co Ltd,0,500,500,500,1.75,0.0,120.0,1.0,10.0,0.0,0.0,0.0,low,0.0,0.0,,,0.0,999.0,0.0,long,high,Low,3.2770019659521374e-06,0.0,Inventory position currently adequate relative to projected demand and replenishment window.
8213,2026-03-08,TC8-10-1,Tiller/Cultivator,low,4279,Ningbo Joyo Garden Tools Co Ltd,4175,500,508,500,1.75,0.0,120.0,1.0,10.0,835.0,0.0,835.0,low,9185.0,11690.0,,,6680.0,8.0,100200.0,long,high,High,1.0,25050.0,High projected stockout exposure based on inventory position and lead-time demand.
8214,2026-03-08,TC8-135EW,Tiller/Cultivator,low,4279,Ningbo Joyo Garden Tools Co Ltd,0,500,500,500,1.75,0.0,120.0,1.0,10.0,0.0,0.0,0.0,low,0.0,1600.0,,,1600.0,999.0,0.0,long,high,Low,3.447147092542962e-06,0.0,Inventory position currently adequate relative to projected demand and replenishment window.
8215,2026-03-08,TC8-2075EW,Tiller/Cultivator,low,4279,Ningbo Joyo Garden Tools Co Ltd,0,500,500,500,1.75,0.0,120.0,1.0,10.0,0.0,0.0,0.0,low,0.0,0.0,,,0.0,999.0,0.0,long,high,Low,3.2770019659521374e-06,0.0,Inventory position currently adequate relative to projected demand and replenishment window.
8216,2026-03-08,TC8-25EW,Tiller/Cultivator,low,4279,Ningbo Joyo Garden Tools Co Ltd,0,500,500,500,1.75,0.0,120.0,1.0,10.0,0.0,0.0,0.0,low,0.0,0.0,,,0.0,999.0,0.0,long,high,Low,3.2770019659521374e-06,0.0,Inventory position currently adequate relative to projected demand and replenishment window.
8232,2026-03-08,SKP97006,Weeder,high,44783,"Qingdao Eagle Power Industrial Co., Limited",24263,1000,1024,500,1.12,0.0,120.0,1.0,10.0,95.79591836734694,512.741931012298,9388.0,high,1324.0,12986.0,,,35925.0,375.01597784405624,11495.510204081633,long,high,Low,8.201440265167373e-89,2873.877551020408,Inventory position currently adequate relative to projected demand and replenishment window.
8233,2026-03-08,SKP97020,Weeder,high,44783,"Qingdao Eagle Power Industrial Co., Limited",17292,1000,1017,500,1.12,0.0,120.0,1.0,10.0,96.0,106.65833300778706,288.0,high,787.0,0.0,,,16505.0,171.92708333333334,11520.0,long,high,Low,3.1660047965687236e-45,2880.0,Inventory position currently adequate relative to projected demand and replenishment window.
8234,2026-03-08,SKP97051,Weeder,high,44783,"Qingdao Eagle Power Industrial Co., Limited",12736,1000,1013,500,1.12,0.0,120.0,1.0,10.0,48.0,62.353829072479584,144.0,high,769.0,0.0,,,11967.0,249.3125,5760.0,long,high,Low,2.689384306986916e-26,1440.0,Inventory position currently adequate relative to projected demand and replenishment window.
8254,2026-03-08,2120-16-UHK,Part,high,1913,Taizhou Oute Tools Manufacturing Co. Ltd,8,1000,1000,1000,0.02,0.0,120.0,1.0,10.0,0.0,0.0,0.0,low,0.0,10.0,,,18.0,999.0,0.0,long,high,Low,3.278872295545111e-06,0.0,Inventory position currently adequate relative to projected demand and replenishment window.
8260,2026-03-08,1204-14GC,Reel Mower,high,1039,Zhejiang Saige Garden Machinery Co,0,1000,1000,500,1.5,0.0,120.0,1.0,10.0,0.0,0.0,0.0,low,0.0,200.0,,,200.0,999.0,0.0,long,high,Low,3.299160781681592e-06,0.0,Inventory position currently adequate relative to projected demand and replenishment window.
8261,2026-03-08,1815-18GC,Reel Mower,high,1039,Zhejiang Saige Garden Machinery Co,0,1000,1000,500,1.5,0.0,120.0,1.0,10.0,0.0,0.0,0.0,low,0.0,150.0,,,150.0,999.0,0.0,long,high,Low,3.2936434095467953e-06,0.0,Inventory position currently adequate relative to projected demand and replenishment window.
8262,2026-03-08,MRP001R,Shovel,low,2059,Tangshan Changzhi Farm Impls And Tools Dml Ltd,0,500,500,500,0.75,0.0,120.0,1.0,10.0,0.0,0.0,0.0,low,0.0,0.0,,,0.0,999.0,0.0,long,high,Low,3.2770019659521374e-06,0.0,Inventory position currently adequate relative to projected demand and replenishment window.
8263,2026-03-08,LRK207-002,Oversized Shovel,high,44800,"Jinhua D&D Garden Tools Co., Ltd.",0,1000,1000,500,0.75,0.0,120.0,1.0,10.0,0.0,0.0,0.0,low,0.0,0.0,,,0.0,999.0,0.0,long,high,Low,3.2770019659521374e-06,0.0,Inventory position currently adequate relative to projected demand and replenishment window.
8264,2026-03-08,ST217,Tiller/Cultivator,high,4279,Ningbo Joyo Garden Tools Co Ltd,0,1000,1000,500,1.75,0.0,120.0,1.0,10.0,0.0,0.0,0.0,low,0.0,0.0,,,0.0,999.0,0.0,long,high,Low,3.2770019659521374e-06,0.0,Inventory position currently adequate relative to projected demand and replenishment window.
8265,2026-03-08,WD003-002,Weeder,high,44783,"Qingdao Eagle Power Industrial Co., Limited",0,1000,1000,500,1.12,0.0,120.0,1.0,10.0,0.0,0.0,0.0,low,0.0,0.0,,,0.0,999.0,0.0,long,high,Low,3.2770019659521374e-06,0.0,Inventory position currently adequate relative to projected demand and replenishment window.
8266,2026-03-08,LRK208-002,Rake,high,2031,Foshan City Nanhai Yiqing Metal Product Co. Ltd,0,1000,1000,500,0.75,0.0,120.0,1.0,10.0,0.0,0.0,0.0,low,0.0,0.0,,,0.0,999.0,0.0,long,high,Low,3.2770019659521374e-06,0.0,Inventory position currently adequate relative to projected demand and replenishment window.
8267,2026-03-08,SKP97013 ,Display,high,1971,"Te Sheng Blacksmith Works Co., Ltd.",0,1000,1000,500,2.0,0.0,120.0,1.0,10.0,0.0,0.0,0.0,low,4.0,0.0,,,-4.0,999.0,0.0,long,high,Low,3.270677584776573e-06,0.0,Inventory position currently adequate relative to projected demand and replenishment window.
8268,2026-03-08,HH97013,Display,high,1971,"Te Sheng Blacksmith Works Co., Ltd.",300,1000,1000,500,2.0,0.0,120.0,1.0,10.0,0.0,0.0,0.0,low,3.0,300.0,,,597.0,999.0,0.0,long,high,Low,3.2389164736924418e-06,0.0,Inventory position currently adequate relative to projected demand and replenishment window.
8269,2026-03-08,FLXSK97013,Display,high,1971,"Te Sheng Blacksmith Works Co., Ltd.",300,1000,1000,500,2.0,0.0,120.0,1.0,10.0,0.0,0.0,0.0,low,6.0,300.0,,,594.0,999.0,0.0,long,high,Low,3.2343466558675634e-06,0.0,Inventory position currently adequate relative to projected demand and replenishment window.
8270,2026-03-08,RA97013,Display,high,1971,"Te Sheng Blacksmith Works Co., Ltd.",300,1000,1000,500,2.0,0.0,120.0,1.0,10.0,0.0,0.0,0.0,low,4.0,300.0,,,596.0,999.0,0.0,long,high,Low,3.2373776902689527e-06,0.0,Inventory position currently adequate relative to projected demand and replenishment window.
8271,2026-03-08,FLX97013,Display,high,1971,"Te Sheng Blacksmith Works Co., Ltd.",0,1000,1000,500,2.0,0.0,120.0,1.0,10.0,0.0,0.0,0.0,low,0.0,0.0,,,0.0,999.0,0.0,long,high,Low,3.2770019659521374e-06,0.0,Inventory position currently adequate relative to projected demand and replenishment window.
8283,2026-03-08,70433,Display,med,1971,"Te Sheng Blacksmith Works Co., Ltd.",200,250,251,500,2.0,0.0,120.0,1.0,10.0,0.0,0.0,0.0,low,0.0,200.0,,,400.0,999.0,0.0,long,high,Low,3.2763999066826907e-06,0.0,Inventory position currently adequate relative to projected demand and replenishment window.
