plan_id,plan_date,item_id,item_name,current_on_hand,net_available_inventory,stockout_risk_class,stockout_risk_probability,recommended_action,recommended_order_qty,recommended_order_multiple,expected_arrival_date,projected_days_of_supply,expected_holding_cost,expected_stockout_penalty,expected_total_cost,algorithm_used,reason_code,explanation,constraint_flags,approval_status,review_notes
1,2026-03-08,81,415-16S,46082,559915.0,Low,0.0,WAIT,0,0,,10736.844145246838,0.0,0.0,0.0,Naive Bayes + Rule-Based Planning,SUFFICIENT_COVERAGE,"Wait recommended because available and inbound supply are sufficient for projected demand, and current stockout risk is Low (0.00).",HIGH_CRITICALITY; OPEN_PO_EXISTS; OPEN_SO_EXISTS,Pending,
2,2026-03-08,183,1304-14,870,66577.0,Low,0.0,WAIT,0,0,,35455.20710059172,0.0,0.0,0.0,Naive Bayes + Rule-Based Planning,SUFFICIENT_COVERAGE,"Wait recommended because available and inbound supply are sufficient for projected demand, and current stockout risk is Low (0.00).",HIGH_CRITICALITY; OPEN_PO_EXISTS; OPEN_SO_EXISTS,Pending,
3,2026-03-08,186,1815-18,629,53584.0,Low,0.0,WAIT,0,0,,13512.486956521738,0.0,0.0,0.0,Naive Bayes + Rule-Based Planning,SUFFICIENT_COVERAGE,"Wait recommended because available and inbound supply are sufficient for projected demand, and current stockout risk is Low (0.00).",HIGH_CRITICALITY; OPEN_PO_EXISTS; OPEN_SO_EXISTS,Pending,
4,2026-03-08,306,GS70015,728,83837.0,Low,0.0,WAIT,0,0,,21232.23589001447,0.0,0.0,0.0,Naive Bayes + Rule-Based Planning,SUFFICIENT_COVERAGE,"Wait recommended because available and inbound supply are sufficient for projected demand, and current stockout risk is Low (0.00).",HIGH_CRITICALITY; OPEN_PO_EXISTS; OPEN_SO_EXISTS,Pending,
5,2026-03-08,337,SN70016,11,75742.0,Low,1.8911829826331695e-53,WAIT,0,0,,4075.5653389238296,0.0,0.0,0.0,Naive Bayes + Rule-Based Planning,SUFFICIENT_COVERAGE,"Wait recommended because available and inbound supply are sufficient for projected demand, and current stockout risk is Low (0.00).",HIGH_CRITICALITY; OPEN_PO_EXISTS; OPEN_SO_EXISTS,Pending,
6,2026-03-08,349,204-14,0,41739.0,Low,0.0022874890887519274,WAIT,0,0,,442.85411140583557,0.0,0.0,0.0,Naive Bayes + Rule-Based Planning,SUFFICIENT_COVERAGE,"Wait recommended because available and inbound supply are sufficient for projected demand, and current stockout risk is Low (0.00).",HIGH_CRITICALITY; OPEN_PO_EXISTS; OPEN_SO_EXISTS,Pending,
7,2026-03-08,350,1204-14,4851,283455.0,Low,5.6838123664192915e-59,WAIT,0,0,,2113.36439888164,0.0,0.0,0.0,Naive Bayes + Rule-Based Planning,SUFFICIENT_COVERAGE,"Wait recommended because available and inbound supply are sufficient for projected demand, and current stockout risk is Low (0.00).",HIGH_CRITICALITY; OPEN_PO_EXISTS; OPEN_SO_EXISTS,Pending,
8,2026-03-08,352,304-14S,4173,102436.0,Low,0.0,WAIT,0,0,,24212.145454545454,0.0,0.0,0.0,Naive Bayes + Rule-Based Planning,SUFFICIENT_COVERAGE,"Wait recommended because available and inbound supply are sufficient for projected demand, and current stockout risk is Low (0.00).",HIGH_CRITICALITY; OPEN_PO_EXISTS; OPEN_SO_EXISTS,Pending,
9,2026-03-08,354,815-18,1347,55197.0,Low,0.0,WAIT,0,0,,21598.826086956524,0.0,0.0,0.0,Naive Bayes + Rule-Based Planning,SUFFICIENT_COVERAGE,"Wait recommended because available and inbound supply are sufficient for projected demand, and current stockout risk is Low (0.00).",HIGH_CRITICALITY; OPEN_PO_EXISTS; OPEN_SO_EXISTS,Pending,
10,2026-03-08,355,815-18S,415,5857.0,Low,6.415229294481557e-47,WAIT,0,0,,3904.6666666666665,0.0,0.0,0.0,Naive Bayes + Rule-Based Planning,SUFFICIENT_COVERAGE,"Wait recommended because available and inbound supply are sufficient for projected demand, and current stockout risk is Low (0.00).",HIGH_CRITICALITY; OPEN_PO_EXISTS; OPEN_SO_EXISTS,Pending,
11,2026-03-08,357,415-16,1230,51807.0,Low,1.258548363782288e-110,WAIT,0,0,,6058.575178997613,0.0,0.0,0.0,Naive Bayes + Rule-Based Planning,SUFFICIENT_COVERAGE,"Wait recommended because available and inbound supply are sufficient for projected demand, and current stockout risk is Low (0.00).",HIGH_CRITICALITY; OPEN_PO_EXISTS; OPEN_SO_EXISTS,Pending,
12,2026-03-08,358,1415-16,113,26404.0,Low,0.0,WAIT,0,0,,26404.0,0.0,0.0,0.0,Naive Bayes + Rule-Based Planning,SUFFICIENT_COVERAGE,"Wait recommended because available and inbound supply are sufficient for projected demand, and current stockout risk is Low (0.00).",HIGH_CRITICALITY; OPEN_PO_EXISTS; OPEN_SO_EXISTS,Pending,
13,2026-03-08,361,2000-20S,1829,53846.0,Low,9.687831833883266e-13,WAIT,0,0,,1753.9413680781759,0.0,0.0,0.0,Naive Bayes + Rule-Based Planning,SUFFICIENT_COVERAGE,"Wait recommended because available and inbound supply are sufficient for projected demand, and current stockout risk is Low (0.00).",HIGH_CRITICALITY; OPEN_PO_EXISTS; OPEN_SO_EXISTS,Pending,
14,2026-03-08,363,1304-14LV,0,5620.0,Low,3.7866771655000944e-06,WAIT,0,0,,999.0,0.0,0.0,0.0,Naive Bayes + Rule-Based Planning,SUFFICIENT_COVERAGE,"Wait recommended because available and inbound supply are sufficient for projected demand, and current stockout risk is Low (0.00).",HIGH_CRITICALITY; OPEN_PO_EXISTS,Pending,
15,2026-03-08,364,1314-14EW,442,23883.0,Low,0.2655037654468029,WAIT,500,1,,125.36246786632391,750.0,0.0,750.0,Naive Bayes + Rule-Based Planning,SUFFICIENT_COVERAGE,"Wait recommended because available and inbound supply are sufficient for projected demand, and current stockout risk is Low (0.27).",MOQ_APPLIED; HIGH_CRITICALITY; OPEN_PO_EXISTS; OPEN_SO_EXISTS,Pending,
16,2026-03-08,366,1816-16EW,430,303187.0,Low,0.0,WAIT,0,0,,90956.09999999999,0.0,0.0,0.0,Naive Bayes + Rule-Based Planning,SUFFICIENT_COVERAGE,"Wait recommended because available and inbound supply are sufficient for projected demand, and current stockout risk is Low (0.00).",HIGH_CRITICALITY; OPEN_PO_EXISTS; OPEN_SO_EXISTS,Pending,
17,2026-03-08,367,1816-18EW,287,2974.0,Low,2.214806081546582e-28,WAIT,0,0,,2974.0,0.0,0.0,0.0,Naive Bayes + Rule-Based Planning,SUFFICIENT_COVERAGE,"Wait recommended because available and inbound supply are sufficient for projected demand, and current stockout risk is Low (0.00).",HIGH_CRITICALITY; OPEN_PO_EXISTS; OPEN_SO_EXISTS,Pending,
18,2026-03-08,369,2000-20LV,0,4600.0,Low,3.7141671168594573e-06,WAIT,0,0,,999.0,0.0,0.0,0.0,Naive Bayes + Rule-Based Planning,SUFFICIENT_COVERAGE,"Wait recommended because available and inbound supply are sufficient for projected demand, and current stockout risk is Low (0.00).",HIGH_CRITICALITY; OPEN_PO_EXISTS,Pending,
19,2026-03-08,371,2001-20EW,274,2607.0,Low,1.7058724362478057e-22,WAIT,0,0,,2607.0,0.0,0.0,0.0,Naive Bayes + Rule-Based Planning,SUFFICIENT_COVERAGE,"Wait recommended because available and inbound supply are sufficient for projected demand, and current stockout risk is Low (0.00).",HIGH_CRITICALITY; OPEN_PO_EXISTS,Pending,
20,2026-03-08,372,2002-20EW,0,17538.0,Low,3.7831683769649837e-06,WAIT,0,0,,999.0,0.0,0.0,0.0,Naive Bayes + Rule-Based Planning,SUFFICIENT_COVERAGE,"Wait recommended because available and inbound supply are sufficient for projected demand, and current stockout risk is Low (0.00).",OPEN_PO_EXISTS,Pending,
21,2026-03-08,373,2010-20SG,6191,98134.0,Low,4.611964942170003e-54,WAIT,0,0,,3787.6280701754386,0.0,0.0,0.0,Naive Bayes + Rule-Based Planning,SUFFICIENT_COVERAGE,"Wait recommended because available and inbound supply are sufficient for projected demand, and current stockout risk is Low (0.00).",HIGH_CRITICALITY; OPEN_PO_EXISTS; OPEN_SO_EXISTS,Pending,
22,2026-03-08,389,CVPS43010,1116,46404.0,Low,3.66057821948842e-05,WAIT,0,0,,604.21875,0.0,0.0,0.0,Naive Bayes + Rule-Based Planning,SUFFICIENT_COVERAGE,"Wait recommended because available and inbound supply are sufficient for projected demand, and current stockout risk is Low (0.00).",HIGH_CRITICALITY; OPEN_PO_EXISTS; OPEN_SO_EXISTS,Pending,
23,2026-03-08,392,SN74016,182,40697.0,Low,0.0,WAIT,0,0,,39849.145833333336,0.0,0.0,0.0,Naive Bayes + Rule-Based Planning,SUFFICIENT_COVERAGE,"Wait recommended because available and inbound supply are sufficient for projected demand, and current stockout risk is Low (0.00).",HIGH_CRITICALITY; OPEN_PO_EXISTS; OPEN_SO_EXISTS,Pending,
24,2026-03-08,393,SN74018,0,10341.0,Low,1.4102759531055536e-07,WAIT,0,0,,1243.3460410557186,0.0,0.0,0.0,Naive Bayes + Rule-Based Planning,SUFFICIENT_COVERAGE,"Wait recommended because available and inbound supply are sufficient for projected demand, and current stockout risk is Low (0.00).",HIGH_CRITICALITY; OPEN_PO_EXISTS,Pending,
25,2026-03-08,396,TC70016,0,56418.0,Low,2.0640092424370322e-07,WAIT,0,0,,999.0,0.0,0.0,0.0,Naive Bayes + Rule-Based Planning,SUFFICIENT_COVERAGE,"Wait recommended because available and inbound supply are sufficient for projected demand, and current stockout risk is Low (0.00).",HIGH_CRITICALITY; OPEN_PO_EXISTS,Pending,
26,2026-03-08,400,415-16SK,364,2872.0,Low,0.00012723790594652297,WAIT,0,0,,624.3478260869566,0.0,0.0,0.0,Naive Bayes + Rule-Based Planning,SUFFICIENT_COVERAGE,"Wait recommended because available and inbound supply are sufficient for projected demand, and current stockout risk is Low (0.00).",OPEN_PO_EXISTS; OPEN_SO_EXISTS,Pending,
27,2026-03-08,401,1715-16EW,1425,35631.0,Low,1.3755923380607893e-14,WAIT,0,0,,2055.6346153846157,0.0,0.0,0.0,Naive Bayes + Rule-Based Planning,SUFFICIENT_COVERAGE,"Wait recommended because available and inbound supply are sufficient for projected demand, and current stockout risk is Low (0.00).",HIGH_CRITICALITY; OPEN_PO_EXISTS; OPEN_SO_EXISTS,Pending,
28,2026-03-08,505,SK-1,13582,111351.0,Low,0.0,WAIT,0,0,,17568.713333333333,0.0,0.0,0.0,Naive Bayes + Rule-Based Planning,SUFFICIENT_COVERAGE,"Wait recommended because available and inbound supply are sufficient for projected demand, and current stockout risk is Low (0.00).",OPEN_PO_EXISTS; OPEN_SO_EXISTS,Pending,
29,2026-03-08,606,BL84040,402,6135.0,Low,2.211382043625015e-105,WAIT,0,0,,5936.027027027027,0.0,0.0,0.0,Naive Bayes + Rule-Based Planning,SUFFICIENT_COVERAGE,"Wait recommended because available and inbound supply are sufficient for projected demand, and current stockout risk is Low (0.00).",HIGH_CRITICALITY; OPEN_PO_EXISTS; OPEN_SO_EXISTS,Pending,
30,2026-03-08,618,CHL80040,0,350.0,Low,0.0005371361589764555,REORDER,1000,2,2026-07-06,1324.5283018867926,150.0,0.0,150.0,Naive Bayes + Rule-Based Planning,REORDER_TRIGGER,"Reorder recommended because net available inventory (350.0) is at or below the reorder trigger, stockout risk is Low (0.00), and MOQ rules require an order quantity of 1000 units.",MOQ_APPLIED; HIGH_CRITICALITY; OPEN_PO_EXISTS,Pending,
31,2026-03-08,627,ED7-12,168,593.0,Low,0.0006138660511291912,REORDER,1000,1,2026-07-06,796.5,20.0,0.0,20.0,Naive Bayes + Rule-Based Planning,REORDER_TRIGGER,"Reorder recommended because net available inventory (593.0) is at or below the reorder trigger, stockout risk is Low (0.00), and MOQ rules require an order quantity of 1000 units.",MOQ_APPLIED; HIGH_CRITICALITY; OPEN_PO_EXISTS,Pending,
32,2026-03-08,671,RLSS10163-1,127,577.0,Low,0.0006287132074072081,REORDER,1000,1,2026-07-06,788.5,500.0,0.0,500.0,Naive Bayes + Rule-Based Planning,REORDER_TRIGGER,"Reorder recommended because net available inventory (577.0) is at or below the reorder trigger, stockout risk is Low (0.00), and MOQ rules require an order quantity of 1000 units.",MOQ_APPLIED; HIGH_CRITICALITY; OPEN_PO_EXISTS,Pending,
33,2026-03-08,673,RLSS10163-2,20,45.0,Low,3.281417335692474e-06,REORDER,1000,1,2026-07-06,999.0,500.0,0.0,500.0,Naive Bayes + Rule-Based Planning,REORDER_TRIGGER,"Reorder recommended because net available inventory (45.0) is at or below the reorder trigger, stockout risk is Low (0.00), and MOQ rules require an order quantity of 1000 units.",MOQ_APPLIED; HIGH_CRITICALITY; OPEN_PO_EXISTS,Pending,
34,2026-03-08,678,RP17205,3,3.0,Low,3.277301961397943e-06,REORDER,1000,1,2026-07-06,999.0,20.0,0.0,20.0,Naive Bayes + Rule-Based Planning,REORDER_TRIGGER,"Reorder recommended because net available inventory (3.0) is at or below the reorder trigger, stockout risk is Low (0.00), and MOQ rules require an order quantity of 1000 units.",MOQ_APPLIED,Pending,
35,2026-03-08,689,RS90109,6084,34584.0,Low,1.2546444334705302e-11,WAIT,0,0,,999.0,0.0,0.0,0.0,Naive Bayes + Rule-Based Planning,SUFFICIENT_COVERAGE,"Wait recommended because available and inbound supply are sufficient for projected demand, and current stockout risk is Low (0.00).",HIGH_CRITICALITY; OPEN_PO_EXISTS,Pending,
36,2026-03-08,699,RTC00020,0,50.0,Low,3.2825638951641585e-06,REORDER,1000,1,2026-07-06,999.0,20.0,0.0,20.0,Naive Bayes + Rule-Based Planning,REORDER_TRIGGER,"Reorder recommended because net available inventory (50.0) is at or below the reorder trigger, stockout risk is Low (0.00), and MOQ rules require an order quantity of 1000 units.",MOQ_APPLIED; HIGH_CRITICALITY; OPEN_PO_EXISTS,Pending,
37,2026-03-08,704,RTC70040-1,0,10.0,Low,3.278115526338515e-06,REORDER,1000,1,2026-07-06,999.0,20.0,0.0,20.0,Naive Bayes + Rule-Based Planning,REORDER_TRIGGER,"Reorder recommended because net available inventory (10.0) is at or below the reorder trigger, stockout risk is Low (0.00), and MOQ rules require an order quantity of 1000 units.",MOQ_APPLIED; OPEN_PO_EXISTS,Pending,
38,2026-03-08,713,RTC70040-3,8,18.0,Low,3.278872295545111e-06,REORDER,1000,1,2026-07-06,999.0,20.0,0.0,20.0,Naive Bayes + Rule-Based Planning,REORDER_TRIGGER,"Reorder recommended because net available inventory (18.0) is at or below the reorder trigger, stockout risk is Low (0.00), and MOQ rules require an order quantity of 1000 units.",MOQ_APPLIED; HIGH_CRITICALITY; OPEN_PO_EXISTS,Pending,
39,2026-03-08,715,RTC70040-31A,0,10.0,Low,3.278115526338515e-06,REORDER,1000,1,2026-07-06,999.0,20.0,0.0,20.0,Naive Bayes + Rule-Based Planning,REORDER_TRIGGER,"Reorder recommended because net available inventory (10.0) is at or below the reorder trigger, stockout risk is Low (0.00), and MOQ rules require an order quantity of 1000 units.",MOQ_APPLIED; OPEN_PO_EXISTS,Pending,
40,2026-03-08,765,R8102-629901,6,56.0,Low,3.2831440240326036e-06,REORDER,1000,1,2026-07-06,999.0,20.0,0.0,20.0,Naive Bayes + Rule-Based Planning,REORDER_TRIGGER,"Reorder recommended because net available inventory (56.0) is at or below the reorder trigger, stockout risk is Low (0.00), and MOQ rules require an order quantity of 1000 units.",MOQ_APPLIED; HIGH_CRITICALITY; OPEN_PO_EXISTS,Pending,
41,2026-03-08,1114,SN71018,2,461.0,Low,3.32769800913118e-06,REORDER,1000,2,2026-07-06,999.0,1620.0,0.0,1620.0,Naive Bayes + Rule-Based Planning,REORDER_TRIGGER,"Reorder recommended because net available inventory (461.0) is at or below the reorder trigger, stockout risk is Low (0.00), and MOQ rules require an order quantity of 1000 units.",MOQ_APPLIED; HIGH_CRITICALITY; OPEN_PO_EXISTS,Pending,
42,2026-03-08,1142,CVP41810,993,19612.0,Low,0.0,WAIT,0,0,,19612.0,0.0,0.0,0.0,Naive Bayes + Rule-Based Planning,SUFFICIENT_COVERAGE,"Wait recommended because available and inbound supply are sufficient for projected demand, and current stockout risk is Low (0.00).",HIGH_CRITICALITY; OPEN_PO_EXISTS; OPEN_SO_EXISTS,Pending,
43,2026-03-08,1147,R8020-740206,72,2420.0,Low,2.8913278333712746e-05,WAIT,0,0,,806.6666666666666,0.0,0.0,0.0,Naive Bayes + Rule-Based Planning,SUFFICIENT_COVERAGE,"Wait recommended because available and inbound supply are sufficient for projected demand, and current stockout risk is Low (0.00).",HIGH_CRITICALITY; OPEN_PO_EXISTS; OPEN_SO_EXISTS,Pending,
44,2026-03-08,1159,31035,3725,16604.0,Low,1.6012320692724572e-206,WAIT,0,0,,8302.0,0.0,0.0,0.0,Naive Bayes + Rule-Based Planning,SUFFICIENT_COVERAGE,"Wait recommended because available and inbound supply are sufficient for projected demand, and current stockout risk is Low (0.00).",OPEN_PO_EXISTS; OPEN_SO_EXISTS,Pending,
45,2026-03-08,1325,CHL90040,0,25.0,Low,3.2797847671175045e-06,REORDER,500,1,2026-07-06,999.0,75.0,0.0,75.0,Naive Bayes + Rule-Based Planning,REORDER_TRIGGER,"Reorder recommended because net available inventory (25.0) is at or below the reorder trigger, stockout risk is Low (0.00), and MOQ rules require an order quantity of 500 units.",MOQ_APPLIED; OPEN_PO_EXISTS,Pending,
46,2026-03-08,1985,HD-PD,51,150.0,Low,3.2889445297793567e-06,REORDER,1000,2,2026-07-06,999.0,20.0,0.0,20.0,Naive Bayes + Rule-Based Planning,REORDER_TRIGGER,"Reorder recommended because net available inventory (150.0) is at or below the reorder trigger, stockout risk is Low (0.00), and MOQ rules require an order quantity of 1000 units.",MOQ_APPLIED; HIGH_CRITICALITY; OPEN_PO_EXISTS; OPEN_SO_EXISTS,Pending,
47,2026-03-08,2010,1815-18LV,0,7400.0,Low,3.888009826312483e-06,WAIT,0,0,,999.0,0.0,0.0,0.0,Naive Bayes + Rule-Based Planning,SUFFICIENT_COVERAGE,"Wait recommended because available and inbound supply are sufficient for projected demand, and current stockout risk is Low (0.00).",HIGH_CRITICALITY; OPEN_PO_EXISTS,Pending,
48,2026-03-08,2080,RTC00043,36,86.0,Low,3.2848784739952966e-06,REORDER,1000,1,2026-07-06,999.0,20.0,0.0,20.0,Naive Bayes + Rule-Based Planning,REORDER_TRIGGER,"Reorder recommended because net available inventory (86.0) is at or below the reorder trigger, stockout risk is Low (0.00), and MOQ rules require an order quantity of 1000 units.",MOQ_APPLIED; OPEN_PO_EXISTS,Pending,
49,2026-03-08,2194,1819-18EW,0,3799.0,Low,3.6503587699173266e-06,WAIT,0,0,,999.0,0.0,0.0,0.0,Naive Bayes + Rule-Based Planning,SUFFICIENT_COVERAGE,"Wait recommended because available and inbound supply are sufficient for projected demand, and current stockout risk is Low (0.00).",OPEN_PO_EXISTS,Pending,
50,2026-03-08,2195,TC70025,4062,65206.0,Low,0.0,WAIT,0,0,,18391.4358974359,0.0,0.0,0.0,Naive Bayes + Rule-Based Planning,SUFFICIENT_COVERAGE,"Wait recommended because available and inbound supply are sufficient for projected demand, and current stockout risk is Low (0.00).",OPEN_PO_EXISTS; OPEN_SO_EXISTS,Pending,
51,2026-03-08,2290,SN18-SBK-1,7,457.0,Low,0.0003408866906564275,REORDER,1000,1,2026-07-06,1457.0,500.0,0.0,500.0,Naive Bayes + Rule-Based Planning,REORDER_TRIGGER,"Reorder recommended because net available inventory (457.0) is at or below the reorder trigger, stockout risk is Low (0.00), and MOQ rules require an order quantity of 1000 units.",MOQ_APPLIED; HIGH_CRITICALITY; OPEN_PO_EXISTS,Pending,
52,2026-03-08,2291,SN18-AK-1,0,175.0,Low,0.0007587694245997897,REORDER,1000,1,2026-07-06,1175.0,500.0,0.0,500.0,Naive Bayes + Rule-Based Planning,REORDER_TRIGGER,"Reorder recommended because net available inventory (175.0) is at or below the reorder trigger, stockout risk is Low (0.00), and MOQ rules require an order quantity of 1000 units.",MOQ_APPLIED; HIGH_CRITICALITY; OPEN_PO_EXISTS,Pending,
53,2026-03-08,2292,SN4018-BELT,24,230.0,Low,0.0007726018441644132,REORDER,1000,1,2026-07-06,820.0,500.0,0.0,500.0,Naive Bayes + Rule-Based Planning,REORDER_TRIGGER,"Reorder recommended because net available inventory (230.0) is at or below the reorder trigger, stockout risk is Low (0.00), and MOQ rules require an order quantity of 1000 units.",MOQ_APPLIED; HIGH_CRITICALITY; OPEN_PO_EXISTS; OPEN_SO_EXISTS,Pending,
54,2026-03-08,2355,SK-NC,0,12200.0,Low,3.985441547370066e-06,WAIT,0,0,,999.0,0.0,0.0,0.0,Naive Bayes + Rule-Based Planning,SUFFICIENT_COVERAGE,"Wait recommended because available and inbound supply are sufficient for projected demand, and current stockout risk is Low (0.00).",OPEN_PO_EXISTS,Pending,
55,2026-03-08,2383,RTC70010-16-2,0,50.0,Low,3.2825638951641585e-06,REORDER,1000,1,2026-07-06,999.0,20.0,0.0,20.0,Naive Bayes + Rule-Based Planning,REORDER_TRIGGER,"Reorder recommended because net available inventory (50.0) is at or below the reorder trigger, stockout risk is Low (0.00), and MOQ rules require an order quantity of 1000 units.",MOQ_APPLIED; OPEN_PO_EXISTS,Pending,
56,2026-03-08,2390,RTC700SET,14,184.0,Low,0.0007521844675941115,REORDER,1000,1,2026-07-06,1184.0,20.0,0.0,20.0,Naive Bayes + Rule-Based Planning,REORDER_TRIGGER,"Reorder recommended because net available inventory (184.0) is at or below the reorder trigger, stockout risk is Low (0.00), and MOQ rules require an order quantity of 1000 units.",MOQ_APPLIED; OPEN_PO_EXISTS,Pending,
57,2026-03-08,2392,RTC70016SET,35,194.0,Low,3.295412323118951e-06,REORDER,1000,1,2026-07-06,999.0,500.0,0.0,500.0,Naive Bayes + Rule-Based Planning,REORDER_TRIGGER,"Reorder recommended because net available inventory (194.0) is at or below the reorder trigger, stockout risk is Low (0.00), and MOQ rules require an order quantity of 1000 units.",MOQ_APPLIED; HIGH_CRITICALITY; OPEN_PO_EXISTS; OPEN_SO_EXISTS,Pending,
58,2026-03-08,2393,RTC70025-1,0,75.0,Low,3.2853393367544354e-06,REORDER,1000,1,2026-07-06,999.0,20.0,0.0,20.0,Naive Bayes + Rule-Based Planning,REORDER_TRIGGER,"Reorder recommended because net available inventory (75.0) is at or below the reorder trigger, stockout risk is Low (0.00), and MOQ rules require an order quantity of 1000 units.",MOQ_APPLIED; OPEN_PO_EXISTS,Pending,
59,2026-03-08,2631,LSW70021,1628,192314.0,Low,5.173804322872358e-27,WAIT,0,0,,1202.4993300580618,0.0,0.0,0.0,Naive Bayes + Rule-Based Planning,SUFFICIENT_COVERAGE,"Wait recommended because available and inbound supply are sufficient for projected demand, and current stockout risk is Low (0.00).",HIGH_CRITICALITY; OPEN_PO_EXISTS; OPEN_SO_EXISTS,Pending,
60,2026-03-08,2632,LSW70026S,1949,64742.0,Low,1.2213974909938179e-158,WAIT,0,0,,7251.802968960863,0.0,0.0,0.0,Naive Bayes + Rule-Based Planning,SUFFICIENT_COVERAGE,"Wait recommended because available and inbound supply are sufficient for projected demand, and current stockout risk is Low (0.00).",HIGH_CRITICALITY; OPEN_PO_EXISTS; OPEN_SO_EXISTS,Pending,
61,2026-03-08,2685,LS21-HK-2,130,329.0,Low,0.0005579150701132362,WAIT,1000,1,,1329.0,500.0,0.0,500.0,Naive Bayes + Rule-Based Planning,SUFFICIENT_COVERAGE,"Wait recommended because available and inbound supply are sufficient for projected demand, and current stockout risk is Low (0.00).",MOQ_APPLIED; OPEN_PO_EXISTS; OPEN_SO_EXISTS,Pending,
62,2026-03-08,2693,LS21-HBK-2,29,459.0,Low,0.0003804093210722113,REORDER,1000,1,2026-07-06,1377.9444444444443,500.0,0.0,500.0,Naive Bayes + Rule-Based Planning,REORDER_TRIGGER,"Reorder recommended because net available inventory (459.0) is at or below the reorder trigger, stockout risk is Low (0.00), and MOQ rules require an order quantity of 1000 units.",MOQ_APPLIED; HIGH_CRITICALITY; OPEN_PO_EXISTS,Pending,
63,2026-03-08,2696,LS26-BK-1,20,435.0,Low,0.0007673421831727636,REORDER,2000,2,2026-07-06,243.5,1000.0,0.0,1000.0,Naive Bayes + Rule-Based Planning,REORDER_TRIGGER,"Reorder recommended because net available inventory (435.0) is at or below the reorder trigger, stockout risk is Low (0.00), and MOQ rules require an order quantity of 2000 units.",MOQ_APPLIED; HIGH_CRITICALITY; OPEN_PO_EXISTS,Pending,
64,2026-03-08,2704,RM16-HK-1,51,1181.0,Low,2.892507301474865e-07,WAIT,0,0,,1181.0,0.0,0.0,0.0,Naive Bayes + Rule-Based Planning,SUFFICIENT_COVERAGE,"Wait recommended because available and inbound supply are sufficient for projected demand, and current stockout risk is Low (0.00).",HIGH_CRITICALITY; OPEN_PO_EXISTS,Pending,
65,2026-03-08,2726,RM-WK8.5-1,7,7.0,Low,3.2776717951447137e-06,REORDER,1000,1,2026-07-06,999.0,500.0,0.0,500.0,Naive Bayes + Rule-Based Planning,REORDER_TRIGGER,"Reorder recommended because net available inventory (7.0) is at or below the reorder trigger, stockout risk is Low (0.00), and MOQ rules require an order quantity of 1000 units.",MOQ_APPLIED; HIGH_CRITICALITY,Pending,
66,2026-03-08,2728,RM-WK10A-1,39,344.0,Low,0.0005354527347270165,REORDER,1000,1,2026-07-06,1344.0,500.0,0.0,500.0,Naive Bayes + Rule-Based Planning,REORDER_TRIGGER,"Reorder recommended because net available inventory (344.0) is at or below the reorder trigger, stockout risk is Low (0.00), and MOQ rules require an order quantity of 1000 units.",MOQ_APPLIED; HIGH_CRITICALITY; OPEN_PO_EXISTS,Pending,
67,2026-03-08,2732,RM-GPK-1,444,4568.0,Low,1.3454580380473212e-05,WAIT,0,0,,884.1290322580645,0.0,0.0,0.0,Naive Bayes + Rule-Based Planning,SUFFICIENT_COVERAGE,"Wait recommended because available and inbound supply are sufficient for projected demand, and current stockout risk is Low (0.00).",HIGH_CRITICALITY; OPEN_PO_EXISTS; OPEN_SO_EXISTS,Pending,
68,2026-03-08,2734,RM-APK-1,81,326.0,Low,3.305313105208041e-06,REORDER,1000,1,2026-07-06,999.0,500.0,0.0,500.0,Naive Bayes + Rule-Based Planning,REORDER_TRIGGER,"Reorder recommended because net available inventory (326.0) is at or below the reorder trigger, stockout risk is Low (0.00), and MOQ rules require an order quantity of 1000 units.",MOQ_APPLIED; HIGH_CRITICALITY; OPEN_PO_EXISTS,Pending,
69,2026-03-08,2745,BVM22-VTK-1,0,0.0,Low,3.2770019659521374e-06,REORDER,1000,1,2026-07-06,999.0,500.0,0.0,500.0,Naive Bayes + Rule-Based Planning,REORDER_TRIGGER,"Reorder recommended because net available inventory (0.0) is at or below the reorder trigger, stockout risk is Low (0.00), and MOQ rules require an order quantity of 1000 units.",MOQ_APPLIED,Pending,
70,2026-03-08,2756,CVPH43-PCK,15,40.0,Low,3.2810901010090326e-06,REORDER,1000,1,2026-07-06,999.0,500.0,0.0,500.0,Naive Bayes + Rule-Based Planning,REORDER_TRIGGER,"Reorder recommended because net available inventory (40.0) is at or below the reorder trigger, stockout risk is Low (0.00), and MOQ rules require an order quantity of 1000 units.",MOQ_APPLIED; HIGH_CRITICALITY; OPEN_PO_EXISTS,Pending,
71,2026-03-08,2766,CS33/120-SCK,11,11.0,Low,3.278007149469457e-06,REORDER,1000,1,2026-07-06,999.0,500.0,0.0,500.0,Naive Bayes + Rule-Based Planning,REORDER_TRIGGER,"Reorder recommended because net available inventory (11.0) is at or below the reorder trigger, stockout risk is Low (0.00), and MOQ rules require an order quantity of 1000 units.",MOQ_APPLIED; HIGH_CRITICALITY,Pending,
72,2026-03-08,2767,CS33/120-CWK,7,7.0,Low,0.0007262867599709286,REORDER,2000,2,2026-07-06,2007.0,1000.0,0.0,1000.0,Naive Bayes + Rule-Based Planning,REORDER_TRIGGER,"Reorder recommended because net available inventory (7.0) is at or below the reorder trigger, stockout risk is Low (0.00), and MOQ rules require an order quantity of 2000 units.",MOQ_APPLIED; HIGH_CRITICALITY,Pending,
73,2026-03-08,2795,RTC70040-U,2,12.0,Low,3.2783176488301186e-06,REORDER,1000,1,2026-07-06,999.0,500.0,0.0,500.0,Naive Bayes + Rule-Based Planning,REORDER_TRIGGER,"Reorder recommended because net available inventory (12.0) is at or below the reorder trigger, stockout risk is Low (0.00), and MOQ rules require an order quantity of 1000 units.",MOQ_APPLIED; HIGH_CRITICALITY; OPEN_PO_EXISTS,Pending,
74,2026-03-08,2807,RTC01/85-HDW,10,10.0,Low,3.2779265439319758e-06,REORDER,1000,1,2026-07-06,999.0,500.0,0.0,500.0,Naive Bayes + Rule-Based Planning,REORDER_TRIGGER,"Reorder recommended because net available inventory (10.0) is at or below the reorder trigger, stockout risk is Low (0.00), and MOQ rules require an order quantity of 1000 units.",MOQ_APPLIED; HIGH_CRITICALITY,Pending,
75,2026-03-08,2808,RTC10/16-HDW,0,25.0,Low,3.2797847671175045e-06,REORDER,1000,1,2026-07-06,999.0,500.0,0.0,500.0,Naive Bayes + Rule-Based Planning,REORDER_TRIGGER,"Reorder recommended because net available inventory (25.0) is at or below the reorder trigger, stockout risk is Low (0.00), and MOQ rules require an order quantity of 1000 units.",MOQ_APPLIED; HIGH_CRITICALITY; OPEN_PO_EXISTS,Pending,
76,2026-03-08,2815,CVPS41-OTC,31,81.0,Low,3.2847244564913247e-06,REORDER,1000,1,2026-07-06,999.0,500.0,0.0,500.0,Naive Bayes + Rule-Based Planning,REORDER_TRIGGER,"Reorder recommended because net available inventory (81.0) is at or below the reorder trigger, stockout risk is Low (0.00), and MOQ rules require an order quantity of 1000 units.",MOQ_APPLIED; HIGH_CRITICALITY; OPEN_PO_EXISTS,Pending,
77,2026-03-08,2826,CVPS43-SCK,8,8.0,Low,0.0007273058430782494,REORDER,2000,2,2026-07-06,2008.0,1000.0,0.0,1000.0,Naive Bayes + Rule-Based Planning,REORDER_TRIGGER,"Reorder recommended because net available inventory (8.0) is at or below the reorder trigger, stockout risk is Low (0.00), and MOQ rules require an order quantity of 2000 units.",MOQ_APPLIED; HIGH_CRITICALITY,Pending,
78,2026-03-08,2848,SN1416-AHK-1,9,184.0,Low,3.297243078805622e-06,REORDER,1000,1,2026-07-06,999.0,500.0,0.0,500.0,Naive Bayes + Rule-Based Planning,REORDER_TRIGGER,"Reorder recommended because net available inventory (184.0) is at or below the reorder trigger, stockout risk is Low (0.00), and MOQ rules require an order quantity of 1000 units.",MOQ_APPLIED; HIGH_CRITICALITY; OPEN_PO_EXISTS,Pending,
79,2026-03-08,2927,RM14-HK-1,56,456.0,Low,0.00034213922035571196,REORDER,1000,1,2026-07-06,1456.0,500.0,0.0,500.0,Naive Bayes + Rule-Based Planning,REORDER_TRIGGER,"Reorder recommended because net available inventory (456.0) is at or below the reorder trigger, stockout risk is Low (0.00), and MOQ rules require an order quantity of 1000 units.",MOQ_APPLIED; HIGH_CRITICALITY; OPEN_PO_EXISTS,Pending,
80,2026-03-08,2928,RM18-HK-1,22,527.0,Low,0.0002358209957968672,REORDER,1000,1,2026-07-06,1527.0,500.0,0.0,500.0,Naive Bayes + Rule-Based Planning,REORDER_TRIGGER,"Reorder recommended because net available inventory (527.0) is at or below the reorder trigger, stockout risk is Low (0.00), and MOQ rules require an order quantity of 1000 units.",MOQ_APPLIED; HIGH_CRITICALITY; OPEN_PO_EXISTS,Pending,
81,2026-03-08,2937,RM20-HK-1,0,727.0,Low,3.3563772264117185e-06,REORDER,1000,1,2026-07-06,999.0,500.0,0.0,500.0,Naive Bayes + Rule-Based Planning,REORDER_TRIGGER,"Reorder recommended because net available inventory (727.0) is at or below the reorder trigger, stockout risk is Low (0.00), and MOQ rules require an order quantity of 1000 units.",MOQ_APPLIED; HIGH_CRITICALITY; OPEN_PO_EXISTS,Pending,
82,2026-03-08,2938,RM-THR-1,53,552.0,Low,0.00020314079381171011,REORDER,1000,1,2026-07-06,1552.0,500.0,0.0,500.0,Naive Bayes + Rule-Based Planning,REORDER_TRIGGER,"Reorder recommended because net available inventory (552.0) is at or below the reorder trigger, stockout risk is Low (0.00), and MOQ rules require an order quantity of 1000 units.",MOQ_APPLIED; HIGH_CRITICALITY; OPEN_PO_EXISTS; OPEN_SO_EXISTS,Pending,
83,2026-03-08,2939,RM-UHP-1,38,763.0,Low,4.140882601466932e-05,REORDER,1000,1,2026-07-06,1763.0,500.0,0.0,500.0,Naive Bayes + Rule-Based Planning,REORDER_TRIGGER,"Reorder recommended because net available inventory (763.0) is at or below the reorder trigger, stockout risk is Low (0.00), and MOQ rules require an order quantity of 1000 units.",MOQ_APPLIED; HIGH_CRITICALITY; OPEN_PO_EXISTS,Pending,
84,2026-03-08,2941,RM-WK10-1,0,0.0,Low,3.2770019659521374e-06,REORDER,1000,1,2026-07-06,999.0,500.0,0.0,500.0,Naive Bayes + Rule-Based Planning,REORDER_TRIGGER,"Reorder recommended because net available inventory (0.0) is at or below the reorder trigger, stockout risk is Low (0.00), and MOQ rules require an order quantity of 1000 units.",MOQ_APPLIED,Pending,
85,2026-03-08,2942,RM-TWK-1,23,325.0,Low,3.3121579467461775e-06,REORDER,1000,1,2026-07-06,999.0,500.0,0.0,500.0,Naive Bayes + Rule-Based Planning,REORDER_TRIGGER,"Reorder recommended because net available inventory (325.0) is at or below the reorder trigger, stockout risk is Low (0.00), and MOQ rules require an order quantity of 1000 units.",MOQ_APPLIED; HIGH_CRITICALITY; OPEN_PO_EXISTS,Pending,
86,2026-03-08,2944,RM16-RAK-1,0,830.0,Low,2.198587368693975e-05,REORDER,1000,1,2026-07-06,1830.0,500.0,0.0,500.0,Naive Bayes + Rule-Based Planning,REORDER_TRIGGER,"Reorder recommended because net available inventory (830.0) is at or below the reorder trigger, stockout risk is Low (0.00), and MOQ rules require an order quantity of 1000 units.",MOQ_APPLIED; HIGH_CRITICALITY; OPEN_PO_EXISTS,Pending,
87,2026-03-08,2945,RM18-RAK-1,58,767.0,Low,3.989639511301956e-05,REORDER,1000,1,2026-07-06,1767.0,500.0,0.0,500.0,Naive Bayes + Rule-Based Planning,REORDER_TRIGGER,"Reorder recommended because net available inventory (767.0) is at or below the reorder trigger, stockout risk is Low (0.00), and MOQ rules require an order quantity of 1000 units.",MOQ_APPLIED; HIGH_CRITICALITY; OPEN_PO_EXISTS; OPEN_SO_EXISTS,Pending,
88,2026-03-08,2954,PS43-CASK,23,48.0,Low,3.2815877730534483e-06,REORDER,1000,1,2026-07-06,999.0,500.0,0.0,500.0,Naive Bayes + Rule-Based Planning,REORDER_TRIGGER,"Reorder recommended because net available inventory (48.0) is at or below the reorder trigger, stockout risk is Low (0.00), and MOQ rules require an order quantity of 1000 units.",MOQ_APPLIED; HIGH_CRITICALITY; OPEN_PO_EXISTS,Pending,
89,2026-03-08,2965,LS-SLK-1,5,5.0,Low,3.277491187494598e-06,REORDER,1000,1,2026-07-06,999.0,500.0,0.0,500.0,Naive Bayes + Rule-Based Planning,REORDER_TRIGGER,"Reorder recommended because net available inventory (5.0) is at or below the reorder trigger, stockout risk is Low (0.00), and MOQ rules require an order quantity of 1000 units.",MOQ_APPLIED; HIGH_CRITICALITY,Pending,
90,2026-03-08,2972,BVM22-CBK-1,16,691.0,Low,0.0002660357822099617,REORDER,1000,1,2026-07-06,1240.0666666666668,500.0,0.0,500.0,Naive Bayes + Rule-Based Planning,REORDER_TRIGGER,"Reorder recommended because net available inventory (691.0) is at or below the reorder trigger, stockout risk is Low (0.00), and MOQ rules require an order quantity of 1000 units.",MOQ_APPLIED; HIGH_CRITICALITY; OPEN_PO_EXISTS,Pending,
91,2026-03-08,2983,RB85821,0,30.0,Low,3.280340887003278e-06,REORDER,500,1,2026-07-06,999.0,250.0,0.0,250.0,Naive Bayes + Rule-Based Planning,REORDER_TRIGGER,"Reorder recommended because net available inventory (30.0) is at or below the reorder trigger, stockout risk is Low (0.00), and MOQ rules require an order quantity of 500 units.",MOQ_APPLIED; OPEN_PO_EXISTS,Pending,
92,2026-03-08,2985,SN1416-BELT,164,1730.0,Low,1.0730668069913206e-11,WAIT,0,0,,1730.0,0.0,0.0,0.0,Naive Bayes + Rule-Based Planning,SUFFICIENT_COVERAGE,"Wait recommended because available and inbound supply are sufficient for projected demand, and current stockout risk is Low (0.00).",HIGH_CRITICALITY; OPEN_PO_EXISTS; OPEN_SO_EXISTS,Pending,
93,2026-03-08,2414,SAMPLE,15858,15861.0,Low,6.168116680409903e-42,WAIT,0,0,,999.0,0.0,0.0,0.0,Naive Bayes + Rule-Based Planning,SUFFICIENT_COVERAGE,"Wait recommended because available and inbound supply are sufficient for projected demand, and current stockout risk is Low (0.00).",OPEN_PO_EXISTS,Pending,
94,2026-03-08,2998,ST9-SC,93,293.0,Low,0.0007809603165394384,REORDER,2000,2,2026-07-06,764.3333333333334,1000.0,0.0,1000.0,Naive Bayes + Rule-Based Planning,REORDER_TRIGGER,"Reorder recommended because net available inventory (293.0) is at or below the reorder trigger, stockout risk is Low (0.00), and MOQ rules require an order quantity of 2000 units.",MOQ_APPLIED; HIGH_CRITICALITY; OPEN_PO_EXISTS,Pending,
95,2026-03-08,3011,LPHT12022,1448,42626.0,Low,0.0,WAIT,0,0,,38671.01030927835,0.0,0.0,0.0,Naive Bayes + Rule-Based Planning,SUFFICIENT_COVERAGE,"Wait recommended because available and inbound supply are sufficient for projected demand, and current stockout risk is Low (0.00).",HIGH_CRITICALITY; OPEN_PO_EXISTS; OPEN_SO_EXISTS,Pending,
96,2026-03-08,3014,RM-HA,9,184.0,Low,3.297243078805622e-06,REORDER,1000,1,2026-07-06,999.0,500.0,0.0,500.0,Naive Bayes + Rule-Based Planning,REORDER_TRIGGER,"Reorder recommended because net available inventory (184.0) is at or below the reorder trigger, stockout risk is Low (0.00), and MOQ rules require an order quantity of 1000 units.",MOQ_APPLIED; HIGH_CRITICALITY; OPEN_PO_EXISTS,Pending,
97,2026-03-08,3039,BL82040,0,800.0,Low,2.9422426016411368e-05,REORDER,500,1,2026-07-06,1300.0,125.0,0.0,125.0,Naive Bayes + Rule-Based Planning,REORDER_TRIGGER,"Reorder recommended because net available inventory (800.0) is at or below the reorder trigger, stockout risk is Low (0.00), and MOQ rules require an order quantity of 500 units.",MOQ_APPLIED; HIGH_CRITICALITY; OPEN_PO_EXISTS,Pending,
98,2026-03-08,3041,CHL84000,47,606.0,Low,0.00014334490419678144,REORDER,1000,2,2026-07-06,1606.0,150.0,0.0,150.0,Naive Bayes + Rule-Based Planning,REORDER_TRIGGER,"Reorder recommended because net available inventory (606.0) is at or below the reorder trigger, stockout risk is Low (0.00), and MOQ rules require an order quantity of 1000 units.",MOQ_APPLIED; HIGH_CRITICALITY; OPEN_PO_EXISTS; OPEN_SO_EXISTS,Pending,
99,2026-03-08,3045,BL85040,0,550.0,Low,3.3373546301907903e-06,REORDER,500,1,2026-07-06,999.0,125.0,0.0,125.0,Naive Bayes + Rule-Based Planning,REORDER_TRIGGER,"Reorder recommended because net available inventory (550.0) is at or below the reorder trigger, stockout risk is Low (0.00), and MOQ rules require an order quantity of 500 units.",MOQ_APPLIED; HIGH_CRITICALITY; OPEN_PO_EXISTS,Pending,
100,2026-03-08,3072,LSS10272PS,559,28455.0,High,0.9999998130764173,REORDER,0,0,2026-06-06,1008.248031496063,0.0,0.0,0.0,Naive Bayes + Rule-Based Planning,REORDER_TRIGGER,"Reorder recommended because net available inventory (28455.0) is at or below the reorder trigger, stockout risk is High (1.00), and MOQ rules require an order quantity of 0 units.",HIGH_CRITICALITY; OPEN_PO_EXISTS; OPEN_SO_EXISTS,Pending,
101,2026-03-08,3073,PR17215S,180,25229.0,Low,0.0,WAIT,0,0,,14692.182352941178,0.0,0.0,0.0,Naive Bayes + Rule-Based Planning,SUFFICIENT_COVERAGE,"Wait recommended because available and inbound supply are sufficient for projected demand, and current stockout risk is Low (0.00).",HIGH_CRITICALITY; OPEN_PO_EXISTS; OPEN_SO_EXISTS,Pending,
102,2026-03-08,3074,PR17216PS,208,14171.0,Low,0.0,WAIT,0,0,,13869.489361702126,0.0,0.0,0.0,Naive Bayes + Rule-Based Planning,SUFFICIENT_COVERAGE,"Wait recommended because available and inbound supply are sufficient for projected demand, and current stockout risk is Low (0.00).",HIGH_CRITICALITY; OPEN_PO_EXISTS; OPEN_SO_EXISTS,Pending,
103,2026-03-08,3088,50514,45,60653.0,Low,0.0,WAIT,0,0,,60653.0,0.0,0.0,0.0,Naive Bayes + Rule-Based Planning,SUFFICIENT_COVERAGE,"Wait recommended because available and inbound supply are sufficient for projected demand, and current stockout risk is Low (0.00).",HIGH_CRITICALITY; OPEN_PO_EXISTS; OPEN_SO_EXISTS,Pending,
104,2026-03-08,3094,PS44008,162,7783.0,Low,6.138405997600054e-180,WAIT,0,0,,7783.0,0.0,0.0,0.0,Naive Bayes + Rule-Based Planning,SUFFICIENT_COVERAGE,"Wait recommended because available and inbound supply are sufficient for projected demand, and current stockout risk is Low (0.00).",HIGH_CRITICALITY; OPEN_PO_EXISTS,Pending,
105,2026-03-08,3108,PS45010S,1958,61358.0,Low,0.0,WAIT,0,0,,61358.0,0.0,0.0,0.0,Naive Bayes + Rule-Based Planning,SUFFICIENT_COVERAGE,"Wait recommended because available and inbound supply are sufficient for projected demand, and current stockout risk is Low (0.00).",HIGH_CRITICALITY; OPEN_PO_EXISTS; OPEN_SO_EXISTS,Pending,
106,2026-03-08,3112,CVPS43010MW,0,9066.0,High,1.0,EXPEDITE,63000,126,2026-07-06,122.1457627118644,70560.0,0.0,70560.0,Naive Bayes + Rule-Based Planning,HIGH_RISK_LATE_INBOUND,"Expedite recommended because stockout risk is High (1.00), net available inventory is below lead-time demand, and existing inbound supply arrives too late.",MOQ_APPLIED; HIGH_CRITICALITY; OPEN_PO_EXISTS,Pending,
107,2026-03-08,3154,ED-HHK,0,55.0,Low,3.2831192788253292e-06,REORDER,1000,1,2026-07-06,999.0,500.0,0.0,500.0,Naive Bayes + Rule-Based Planning,REORDER_TRIGGER,"Reorder recommended because net available inventory (55.0) is at or below the reorder trigger, stockout risk is Low (0.00), and MOQ rules require an order quantity of 1000 units.",MOQ_APPLIED; OPEN_PO_EXISTS,Pending,
108,2026-03-08,3186,RTC105S-TK,7,27.0,Low,3.279898104262592e-06,REORDER,1000,1,2026-07-06,999.0,500.0,0.0,500.0,Naive Bayes + Rule-Based Planning,REORDER_TRIGGER,"Reorder recommended because net available inventory (27.0) is at or below the reorder trigger, stockout risk is Low (0.00), and MOQ rules require an order quantity of 1000 units.",MOQ_APPLIED; HIGH_CRITICALITY; OPEN_PO_EXISTS,Pending,
109,2026-03-08,3247,PS0810-PAK-1,0,35.0,Low,3.280896859857497e-06,REORDER,1000,1,2026-07-06,999.0,500.0,0.0,500.0,Naive Bayes + Rule-Based Planning,REORDER_TRIGGER,"Reorder recommended because net available inventory (35.0) is at or below the reorder trigger, stockout risk is Low (0.00), and MOQ rules require an order quantity of 1000 units.",MOQ_APPLIED; OPEN_PO_EXISTS,Pending,
110,2026-03-08,3248,PS0810-RHK-1,2,47.0,Low,3.2822103861478067e-06,REORDER,1000,1,2026-07-06,999.0,500.0,0.0,500.0,Naive Bayes + Rule-Based Planning,REORDER_TRIGGER,"Reorder recommended because net available inventory (47.0) is at or below the reorder trigger, stockout risk is Low (0.00), and MOQ rules require an order quantity of 1000 units.",MOQ_APPLIED; HIGH_CRITICALITY; OPEN_PO_EXISTS,Pending,
111,2026-03-08,3249,PS0810-SCA-1,6,41.0,Low,3.2814771316868433e-06,REORDER,1000,1,2026-07-06,999.0,500.0,0.0,500.0,Naive Bayes + Rule-Based Planning,REORDER_TRIGGER,"Reorder recommended because net available inventory (41.0) is at or below the reorder trigger, stockout risk is Low (0.00), and MOQ rules require an order quantity of 1000 units.",MOQ_APPLIED; HIGH_CRITICALITY; OPEN_PO_EXISTS,Pending,
112,2026-03-08,3331,BL14-CBK-1,218,618.0,Low,3.291645742635372e-06,REORDER,1000,1,2026-07-06,999.0,500.0,0.0,500.0,Naive Bayes + Rule-Based Planning,REORDER_TRIGGER,"Reorder recommended because net available inventory (618.0) is at or below the reorder trigger, stockout risk is Low (0.00), and MOQ rules require an order quantity of 1000 units.",MOQ_APPLIED; HIGH_CRITICALITY; OPEN_PO_EXISTS,Pending,
113,2026-03-08,3336,LSS-GSA,14,763.0,Low,0.00037964451530169286,REORDER,1000,1,2026-07-06,1007.4285714285714,500.0,0.0,500.0,Naive Bayes + Rule-Based Planning,REORDER_TRIGGER,"Reorder recommended because net available inventory (763.0) is at or below the reorder trigger, stockout risk is Low (0.00), and MOQ rules require an order quantity of 1000 units.",MOQ_APPLIED; HIGH_CRITICALITY; OPEN_PO_EXISTS; OPEN_SO_EXISTS,Pending,
114,2026-03-08,3337,LSS-HTA,1,76.0,Low,3.2854413839598677e-06,REORDER,1000,1,2026-07-06,999.0,500.0,0.0,500.0,Naive Bayes + Rule-Based Planning,REORDER_TRIGGER,"Reorder recommended because net available inventory (76.0) is at or below the reorder trigger, stockout risk is Low (0.00), and MOQ rules require an order quantity of 1000 units.",MOQ_APPLIED; HIGH_CRITICALITY; OPEN_PO_EXISTS,Pending,
115,2026-03-08,3338,LSS-PAK,0,60.0,Low,3.283674514921649e-06,REORDER,1000,1,2026-07-06,999.0,500.0,0.0,500.0,Naive Bayes + Rule-Based Planning,REORDER_TRIGGER,"Reorder recommended because net available inventory (60.0) is at or below the reorder trigger, stockout risk is Low (0.00), and MOQ rules require an order quantity of 1000 units.",MOQ_APPLIED; HIGH_CRITICALITY; OPEN_PO_EXISTS,Pending,
116,2026-03-08,3339,CHL90072,19,1618.0,Low,1.2308068857377653e-10,WAIT,0,0,,1618.0,0.0,0.0,0.0,Naive Bayes + Rule-Based Planning,SUFFICIENT_COVERAGE,"Wait recommended because available and inbound supply are sufficient for projected demand, and current stockout risk is Low (0.00).",HIGH_CRITICALITY; OPEN_PO_EXISTS; OPEN_SO_EXISTS,Pending,
117,2026-03-08,3432,CVPS43-THK-1,71,491.0,Low,0.00028695751117007075,WAIT,0,0,,491.0,0.0,0.0,0.0,Naive Bayes + Rule-Based Planning,SUFFICIENT_COVERAGE,"Wait recommended because available and inbound supply are sufficient for projected demand, and current stockout risk is Low (0.00).",OPEN_PO_EXISTS,Pending,
118,2026-03-08,3434,RTC70020/25-TK-1,0,10.0,Low,3.278115526338515e-06,REORDER,1000,1,2026-07-06,999.0,500.0,0.0,500.0,Naive Bayes + Rule-Based Planning,REORDER_TRIGGER,"Reorder recommended because net available inventory (10.0) is at or below the reorder trigger, stockout risk is Low (0.00), and MOQ rules require an order quantity of 1000 units.",MOQ_APPLIED; OPEN_PO_EXISTS,Pending,
119,2026-03-08,3441,CHL82000,3434,5848.0,Low,1.340216631706253e-95,WAIT,0,0,,5598.08547008547,0.0,0.0,0.0,Naive Bayes + Rule-Based Planning,SUFFICIENT_COVERAGE,"Wait recommended because available and inbound supply are sufficient for projected demand, and current stockout risk is Low (0.00).",HIGH_CRITICALITY; OPEN_PO_EXISTS; OPEN_SO_EXISTS,Pending,
120,2026-03-08,3510,LS21/26-HK,0,1200.0,Low,3.4062043988655247e-06,WAIT,0,0,,999.0,0.0,0.0,0.0,Naive Bayes + Rule-Based Planning,SUFFICIENT_COVERAGE,"Wait recommended because available and inbound supply are sufficient for projected demand, and current stockout risk is Low (0.00).",HIGH_CRITICALITY; OPEN_PO_EXISTS,Pending,
121,2026-03-08,3517,TCT-70016-1,10,45.0,Low,3.28182083488237e-06,REORDER,1000,1,2026-07-06,999.0,20.0,0.0,20.0,Naive Bayes + Rule-Based Planning,REORDER_TRIGGER,"Reorder recommended because net available inventory (45.0) is at or below the reorder trigger, stockout risk is Low (0.00), and MOQ rules require an order quantity of 1000 units.",MOQ_APPLIED; OPEN_PO_EXISTS,Pending,
122,2026-03-08,5127,SN74022,0,2698.0,Low,7.217833927743657e-24,WAIT,0,0,,2698.0,0.0,0.0,0.0,Naive Bayes + Rule-Based Planning,SUFFICIENT_COVERAGE,"Wait recommended because available and inbound supply are sufficient for projected demand, and current stockout risk is Low (0.00).",HIGH_CRITICALITY; OPEN_PO_EXISTS,Pending,
123,2026-03-08,5309,100,433,18819.0,Low,0.0,WAIT,0,0,,16728.0,0.0,0.0,0.0,Naive Bayes + Rule-Based Planning,SUFFICIENT_COVERAGE,"Wait recommended because available and inbound supply are sufficient for projected demand, and current stockout risk is Low (0.00).",HIGH_CRITICALITY; OPEN_PO_EXISTS; OPEN_SO_EXISTS,Pending,
124,2026-03-08,5310,101,42,9378.0,Low,3.5753270784922284e-14,WAIT,0,0,,1974.3157894736842,0.0,0.0,0.0,Naive Bayes + Rule-Based Planning,SUFFICIENT_COVERAGE,"Wait recommended because available and inbound supply are sufficient for projected demand, and current stockout risk is Low (0.00).",HIGH_CRITICALITY; OPEN_PO_EXISTS,Pending,
125,2026-03-08,5311,102,2690,33572.0,Low,0.0,WAIT,0,0,,25179.0,0.0,0.0,0.0,Naive Bayes + Rule-Based Planning,SUFFICIENT_COVERAGE,"Wait recommended because available and inbound supply are sufficient for projected demand, and current stockout risk is Low (0.00).",HIGH_CRITICALITY; OPEN_PO_EXISTS; OPEN_SO_EXISTS,Pending,
126,2026-03-08,5312,103,494,8294.0,Low,3.325461299831938e-204,WAIT,0,0,,8294.0,0.0,0.0,0.0,Naive Bayes + Rule-Based Planning,SUFFICIENT_COVERAGE,"Wait recommended because available and inbound supply are sufficient for projected demand, and current stockout risk is Low (0.00).",HIGH_CRITICALITY; OPEN_PO_EXISTS,Pending,
127,2026-03-08,5313,106,403,6331.0,Low,7.582673805485801e-05,WAIT,0,0,,703.4444444444445,0.0,0.0,0.0,Naive Bayes + Rule-Based Planning,SUFFICIENT_COVERAGE,"Wait recommended because available and inbound supply are sufficient for projected demand, and current stockout risk is Low (0.00).",OPEN_PO_EXISTS,Pending,
128,2026-03-08,5314,200,4,4050.0,Low,3.6710112489021505e-06,WAIT,0,0,,999.0,0.0,0.0,0.0,Naive Bayes + Rule-Based Planning,SUFFICIENT_COVERAGE,"Wait recommended because available and inbound supply are sufficient for projected demand, and current stockout risk is Low (0.00).",HIGH_CRITICALITY; OPEN_PO_EXISTS,Pending,
129,2026-03-08,5317,203,7,11351.0,Low,0.0,WAIT,0,0,,11351.0,0.0,0.0,0.0,Naive Bayes + Rule-Based Planning,SUFFICIENT_COVERAGE,"Wait recommended because available and inbound supply are sufficient for projected demand, and current stockout risk is Low (0.00).",HIGH_CRITICALITY; OPEN_PO_EXISTS,Pending,
130,2026-03-08,5319,205,0,8120.0,Low,3.919372352157573e-06,WAIT,0,0,,999.0,0.0,0.0,0.0,Naive Bayes + Rule-Based Planning,SUFFICIENT_COVERAGE,"Wait recommended because available and inbound supply are sufficient for projected demand, and current stockout risk is Low (0.00).",OPEN_PO_EXISTS,Pending,
131,2026-03-08,5322,208,0,438.0,Low,3.32521512627125e-06,REORDER,500,1,2026-07-06,999.0,375.0,0.0,375.0,Naive Bayes + Rule-Based Planning,REORDER_TRIGGER,"Reorder recommended because net available inventory (438.0) is at or below the reorder trigger, stockout risk is Low (0.00), and MOQ rules require an order quantity of 500 units.",MOQ_APPLIED; OPEN_PO_EXISTS,Pending,
132,2026-03-08,5323,212,0,2658.0,Low,3.5497639887755113e-06,WAIT,0,0,,999.0,0.0,0.0,0.0,Naive Bayes + Rule-Based Planning,SUFFICIENT_COVERAGE,"Wait recommended because available and inbound supply are sufficient for projected demand, and current stockout risk is Low (0.00).",OPEN_PO_EXISTS,Pending,
133,2026-03-08,5329,10011,0,5415.0,Low,1.0381529164847761e-71,WAIT,0,0,,4873.5,0.0,0.0,0.0,Naive Bayes + Rule-Based Planning,SUFFICIENT_COVERAGE,"Wait recommended because available and inbound supply are sufficient for projected demand, and current stockout risk is Low (0.00).",HIGH_CRITICALITY; OPEN_PO_EXISTS; OPEN_SO_EXISTS,Pending,
134,2026-03-08,5330,10023,222,2011.0,Low,0.000565311363953477,WAIT,0,0,,335.1666666666667,0.0,0.0,0.0,Naive Bayes + Rule-Based Planning,SUFFICIENT_COVERAGE,"Wait recommended because available and inbound supply are sufficient for projected demand, and current stockout risk is Low (0.00).",OPEN_PO_EXISTS; OPEN_SO_EXISTS,Pending,
135,2026-03-08,5534,10111,0,3659.0,Low,3.5562918577202285e-06,WAIT,0,0,,999.0,0.0,0.0,0.0,Naive Bayes + Rule-Based Planning,SUFFICIENT_COVERAGE,"Wait recommended because available and inbound supply are sufficient for projected demand, and current stockout risk is Low (0.00).",OPEN_PO_EXISTS; OPEN_SO_EXISTS,Pending,
136,2026-03-08,5535,10123,328,1523.0,Low,7.995169295820367e-10,WAIT,0,0,,1523.0,0.0,0.0,0.0,Naive Bayes + Rule-Based Planning,SUFFICIENT_COVERAGE,"Wait recommended because available and inbound supply are sufficient for projected demand, and current stockout risk is Low (0.00).",OPEN_PO_EXISTS; OPEN_SO_EXISTS,Pending,
137,2026-03-08,5536,10201,5,2496.0,Low,3.534601592302051e-06,WAIT,0,0,,999.0,0.0,0.0,0.0,Naive Bayes + Rule-Based Planning,SUFFICIENT_COVERAGE,"Wait recommended because available and inbound supply are sufficient for projected demand, and current stockout risk is Low (0.00).",HIGH_CRITICALITY; OPEN_PO_EXISTS,Pending,
138,2026-03-08,5539,10211,0,9817.0,Low,3.882664766740268e-06,WAIT,0,0,,999.0,0.0,0.0,0.0,Naive Bayes + Rule-Based Planning,SUFFICIENT_COVERAGE,"Wait recommended because available and inbound supply are sufficient for projected demand, and current stockout risk is Low (0.00).",HIGH_CRITICALITY; OPEN_PO_EXISTS; OPEN_SO_EXISTS,Pending,
139,2026-03-08,5540,10223,45,1340.0,Low,0.00080706629224403,WAIT,500,1,,167.27272727272728,125.0,0.0,125.0,Naive Bayes + Rule-Based Planning,SUFFICIENT_COVERAGE,"Wait recommended because available and inbound supply are sufficient for projected demand, and current stockout risk is Low (0.00).",MOQ_APPLIED; OPEN_PO_EXISTS; OPEN_SO_EXISTS,Pending,
140,2026-03-08,5544,10311,432,2765.0,Low,2.9023108029861023e-18,WAIT,0,0,,2304.166666666667,0.0,0.0,0.0,Naive Bayes + Rule-Based Planning,SUFFICIENT_COVERAGE,"Wait recommended because available and inbound supply are sufficient for projected demand, and current stockout risk is Low (0.00).",OPEN_PO_EXISTS; OPEN_SO_EXISTS,Pending,
141,2026-03-08,5545,10323,55,646.0,Low,3.3268090764397668e-06,WAIT,0,0,,999.0,0.0,0.0,0.0,Naive Bayes + Rule-Based Planning,SUFFICIENT_COVERAGE,"Wait recommended because available and inbound supply are sufficient for projected demand, and current stockout risk is Low (0.00).",OPEN_PO_EXISTS; OPEN_SO_EXISTS,Pending,
142,2026-03-08,5548,10611,328,2579.0,Low,4.303741038892682e-22,WAIT,0,0,,2579.0,0.0,0.0,0.0,Naive Bayes + Rule-Based Planning,SUFFICIENT_COVERAGE,"Wait recommended because available and inbound supply are sufficient for projected demand, and current stockout risk is Low (0.00).",OPEN_PO_EXISTS; OPEN_SO_EXISTS,Pending,
143,2026-03-08,5549,10623,86,641.0,Low,3.3385770045894923e-06,WAIT,0,0,,999.0,0.0,0.0,0.0,Naive Bayes + Rule-Based Planning,SUFFICIENT_COVERAGE,"Wait recommended because available and inbound supply are sufficient for projected demand, and current stockout risk is Low (0.00).",OPEN_PO_EXISTS,Pending,
144,2026-03-08,5552,15011,1008,7564.0,Low,9.852003842135055e-77,WAIT,0,0,,5042.666666666667,0.0,0.0,0.0,Naive Bayes + Rule-Based Planning,SUFFICIENT_COVERAGE,"Wait recommended because available and inbound supply are sufficient for projected demand, and current stockout risk is Low (0.00).",HIGH_CRITICALITY; OPEN_PO_EXISTS; OPEN_SO_EXISTS,Pending,
145,2026-03-08,5553,15020,474,4694.0,Low,0.00022329890644283827,WAIT,0,0,,547.6333333333333,0.0,0.0,0.0,Naive Bayes + Rule-Based Planning,SUFFICIENT_COVERAGE,"Wait recommended because available and inbound supply are sufficient for projected demand, and current stockout risk is Low (0.00).",OPEN_PO_EXISTS; OPEN_SO_EXISTS,Pending,
146,2026-03-08,5556,15211,272,5189.0,Low,0.00015966895985187018,WAIT,0,0,,603.3720930232558,0.0,0.0,0.0,Naive Bayes + Rule-Based Planning,SUFFICIENT_COVERAGE,"Wait recommended because available and inbound supply are sufficient for projected demand, and current stockout risk is Low (0.00).",HIGH_CRITICALITY; OPEN_PO_EXISTS; OPEN_SO_EXISTS,Pending,
147,2026-03-08,5557,15220,207,2169.0,Low,1.6047884921675367e-16,WAIT,0,0,,2169.0,0.0,0.0,0.0,Naive Bayes + Rule-Based Planning,SUFFICIENT_COVERAGE,"Wait recommended because available and inbound supply are sufficient for projected demand, and current stockout risk is Low (0.00).",OPEN_PO_EXISTS,Pending,
148,2026-03-08,5560,15311,654,3265.0,Low,1.1303890046067138e-33,WAIT,0,0,,3265.0,0.0,0.0,0.0,Naive Bayes + Rule-Based Planning,SUFFICIENT_COVERAGE,"Wait recommended because available and inbound supply are sufficient for projected demand, and current stockout risk is Low (0.00).",HIGH_CRITICALITY; OPEN_PO_EXISTS; OPEN_SO_EXISTS,Pending,
149,2026-03-08,5561,15320,287,1723.0,Low,3.3670194549628073e-06,WAIT,0,0,,999.0,0.0,0.0,0.0,Naive Bayes + Rule-Based Planning,SUFFICIENT_COVERAGE,"Wait recommended because available and inbound supply are sufficient for projected demand, and current stockout risk is Low (0.00).",OPEN_PO_EXISTS,Pending,
150,2026-03-08,5565,15611,719,3596.0,Low,2.892537101078348e-40,WAIT,0,0,,3596.0,0.0,0.0,0.0,Naive Bayes + Rule-Based Planning,SUFFICIENT_COVERAGE,"Wait recommended because available and inbound supply are sufficient for projected demand, and current stockout risk is Low (0.00).",HIGH_CRITICALITY; OPEN_PO_EXISTS; OPEN_SO_EXISTS,Pending,
151,2026-03-08,5566,15620,348,2105.0,Low,9.335607146710294e-16,WAIT,0,0,,2105.0,0.0,0.0,0.0,Naive Bayes + Rule-Based Planning,SUFFICIENT_COVERAGE,"Wait recommended because available and inbound supply are sufficient for projected demand, and current stockout risk is Low (0.00).",OPEN_PO_EXISTS; OPEN_SO_EXISTS,Pending,
152,2026-03-08,5567,16011,5189,123006.0,Low,1.6712460103627053e-113,WAIT,0,0,,5861.85930408472,0.0,0.0,0.0,Naive Bayes + Rule-Based Planning,SUFFICIENT_COVERAGE,"Wait recommended because available and inbound supply are sufficient for projected demand, and current stockout risk is Low (0.00).",HIGH_CRITICALITY; OPEN_PO_EXISTS; OPEN_SO_EXISTS,Pending,
153,2026-03-08,5568,16211,4254,53079.0,Low,0.0,WAIT,0,0,,11311.918032786885,0.0,0.0,0.0,Naive Bayes + Rule-Based Planning,SUFFICIENT_COVERAGE,"Wait recommended because available and inbound supply are sufficient for projected demand, and current stockout risk is Low (0.00).",HIGH_CRITICALITY; OPEN_PO_EXISTS; OPEN_SO_EXISTS,Pending,
154,2026-03-08,5569,17011,1853,230242.0,Low,1.3254352047055935e-51,WAIT,0,0,,1106.3416978109983,0.0,0.0,0.0,Naive Bayes + Rule-Based Planning,SUFFICIENT_COVERAGE,"Wait recommended because available and inbound supply are sufficient for projected demand, and current stockout risk is Low (0.00).",HIGH_CRITICALITY; OPEN_PO_EXISTS; OPEN_SO_EXISTS,Pending,
155,2026-03-08,5570,17211,1790,14029.0,Low,4.740180720829102e-19,WAIT,0,0,,2338.1666666666665,0.0,0.0,0.0,Naive Bayes + Rule-Based Planning,SUFFICIENT_COVERAGE,"Wait recommended because available and inbound supply are sufficient for projected demand, and current stockout risk is Low (0.00).",HIGH_CRITICALITY; OPEN_PO_EXISTS; OPEN_SO_EXISTS,Pending,
156,2026-03-08,5572,20002,0,144.0,Low,3.2929803175589123e-06,REORDER,500,1,2026-07-06,999.0,375.0,0.0,375.0,Naive Bayes + Rule-Based Planning,REORDER_TRIGGER,"Reorder recommended because net available inventory (144.0) is at or below the reorder trigger, stockout risk is Low (0.00), and MOQ rules require an order quantity of 500 units.",MOQ_APPLIED; OPEN_PO_EXISTS,Pending,
157,2026-03-08,5582,20223,0,148.0,Low,3.2934224028092644e-06,REORDER,500,1,2026-07-06,999.0,375.0,0.0,375.0,Naive Bayes + Rule-Based Planning,REORDER_TRIGGER,"Reorder recommended because net available inventory (148.0) is at or below the reorder trigger, stockout risk is Low (0.00), and MOQ rules require an order quantity of 500 units.",MOQ_APPLIED; OPEN_PO_EXISTS,Pending,
158,2026-03-08,5597,20611,5,258.0,Low,3.3054799505922495e-06,REORDER,1000,2,2026-07-06,999.0,750.0,0.0,750.0,Naive Bayes + Rule-Based Planning,REORDER_TRIGGER,"Reorder recommended because net available inventory (258.0) is at or below the reorder trigger, stockout risk is Low (0.00), and MOQ rules require an order quantity of 1000 units.",MOQ_APPLIED; HIGH_CRITICALITY; OPEN_PO_EXISTS,Pending,
159,2026-03-08,5601,20811,20,124.0,Low,3.2901834444438698e-06,REORDER,1000,2,2026-07-06,999.0,750.0,0.0,750.0,Naive Bayes + Rule-Based Planning,REORDER_TRIGGER,"Reorder recommended because net available inventory (124.0) is at or below the reorder trigger, stockout risk is Low (0.00), and MOQ rules require an order quantity of 1000 units.",MOQ_APPLIED; HIGH_CRITICALITY; OPEN_PO_EXISTS,Pending,
160,2026-03-08,5602,20823,0,162.0,Low,3.2949689471158007e-06,REORDER,500,1,2026-07-06,999.0,375.0,0.0,375.0,Naive Bayes + Rule-Based Planning,REORDER_TRIGGER,"Reorder recommended because net available inventory (162.0) is at or below the reorder trigger, stockout risk is Low (0.00), and MOQ rules require an order quantity of 500 units.",MOQ_APPLIED; OPEN_PO_EXISTS,Pending,
161,2026-03-08,5607,22011,12498,745699.0,Low,0.0,WAIT,0,0,,4342.464218392352,0.0,0.0,0.0,Naive Bayes + Rule-Based Planning,SUFFICIENT_COVERAGE,"Wait recommended because available and inbound supply are sufficient for projected demand, and current stockout risk is Low (0.00).",HIGH_CRITICALITY; OPEN_PO_EXISTS; OPEN_SO_EXISTS,Pending,
162,2026-03-08,5608,22211,778,12530.0,Low,1.154761046293374e-85,WAIT,0,0,,5338.869565217391,0.0,0.0,0.0,Naive Bayes + Rule-Based Planning,SUFFICIENT_COVERAGE,"Wait recommended because available and inbound supply are sufficient for projected demand, and current stockout risk is Low (0.00).",HIGH_CRITICALITY; OPEN_PO_EXISTS; OPEN_SO_EXISTS,Pending,
163,2026-03-08,5609,22311,694,45032.0,Low,0.0,WAIT,0,0,,28888.45283018868,0.0,0.0,0.0,Naive Bayes + Rule-Based Planning,SUFFICIENT_COVERAGE,"Wait recommended because available and inbound supply are sufficient for projected demand, and current stockout risk is Low (0.00).",HIGH_CRITICALITY; OPEN_PO_EXISTS; OPEN_SO_EXISTS,Pending,
164,2026-03-08,5610,22411,162,36497.0,Low,0.0,WAIT,0,0,,26069.285714285717,0.0,0.0,0.0,Naive Bayes + Rule-Based Planning,SUFFICIENT_COVERAGE,"Wait recommended because available and inbound supply are sufficient for projected demand, and current stockout risk is Low (0.00).",HIGH_CRITICALITY; OPEN_PO_EXISTS; OPEN_SO_EXISTS,Pending,
165,2026-03-08,5611,22511,1644,23791.0,Low,0.0,WAIT,0,0,,22054.430656934306,0.0,0.0,0.0,Naive Bayes + Rule-Based Planning,SUFFICIENT_COVERAGE,"Wait recommended because available and inbound supply are sufficient for projected demand, and current stockout risk is Low (0.00).",HIGH_CRITICALITY; OPEN_PO_EXISTS; OPEN_SO_EXISTS,Pending,
166,2026-03-08,5612,22611,2698,49733.0,Low,1.7286952575224213e-81,WAIT,0,0,,5144.793103448276,0.0,0.0,0.0,Naive Bayes + Rule-Based Planning,SUFFICIENT_COVERAGE,"Wait recommended because available and inbound supply are sufficient for projected demand, and current stockout risk is Low (0.00).",HIGH_CRITICALITY; OPEN_PO_EXISTS; OPEN_SO_EXISTS,Pending,
167,2026-03-08,5613,22711,520,7290.0,Low,5.153631474302243e-158,WAIT,0,0,,7290.0,0.0,0.0,0.0,Naive Bayes + Rule-Based Planning,SUFFICIENT_COVERAGE,"Wait recommended because available and inbound supply are sufficient for projected demand, and current stockout risk is Low (0.00).",HIGH_CRITICALITY; OPEN_PO_EXISTS; OPEN_SO_EXISTS,Pending,
168,2026-03-08,5614,22811,1110,4245.0,Low,4.923353794155867e-21,WAIT,0,0,,2497.0588235294117,0.0,0.0,0.0,Naive Bayes + Rule-Based Planning,SUFFICIENT_COVERAGE,"Wait recommended because available and inbound supply are sufficient for projected demand, and current stockout risk is Low (0.00).",OPEN_PO_EXISTS; OPEN_SO_EXISTS,Pending,
169,2026-03-08,5615,22911,640,3862.0,Low,5.3270907136967085e-46,WAIT,0,0,,3862.0,0.0,0.0,0.0,Naive Bayes + Rule-Based Planning,SUFFICIENT_COVERAGE,"Wait recommended because available and inbound supply are sufficient for projected demand, and current stockout risk is Low (0.00).",OPEN_PO_EXISTS; OPEN_SO_EXISTS,Pending,
170,2026-03-08,5616,23011,161,1679.0,Low,8.342983793794465e-09,WAIT,0,0,,1399.1666666666667,0.0,0.0,0.0,Naive Bayes + Rule-Based Planning,SUFFICIENT_COVERAGE,"Wait recommended because available and inbound supply are sufficient for projected demand, and current stockout risk is Low (0.00).",OPEN_PO_EXISTS; OPEN_SO_EXISTS,Pending,
171,2026-03-08,5617,23211,749,7101.0,Low,1.266760415373684e-131,WAIT,0,0,,6647.744680851064,0.0,0.0,0.0,Naive Bayes + Rule-Based Planning,SUFFICIENT_COVERAGE,"Wait recommended because available and inbound supply are sufficient for projected demand, and current stockout risk is Low (0.00).",HIGH_CRITICALITY; OPEN_PO_EXISTS; OPEN_SO_EXISTS,Pending,
172,2026-03-08,5618,23311,1691,178009.0,Low,7.3174899188400816e-40,WAIT,0,0,,2287.5859756949294,0.0,0.0,0.0,Naive Bayes + Rule-Based Planning,SUFFICIENT_COVERAGE,"Wait recommended because available and inbound supply are sufficient for projected demand, and current stockout risk is Low (0.00).",HIGH_CRITICALITY; OPEN_PO_EXISTS; OPEN_SO_EXISTS,Pending,
173,2026-03-08,5621,25011,285,1948.0,Low,5.970892291695143e-14,WAIT,0,0,,1948.0,0.0,0.0,0.0,Naive Bayes + Rule-Based Planning,SUFFICIENT_COVERAGE,"Wait recommended because available and inbound supply are sufficient for projected demand, and current stockout risk is Low (0.00).",HIGH_CRITICALITY; OPEN_PO_EXISTS,Pending,
174,2026-03-08,5622,25023,0,513.0,Low,3.3333529719820757e-06,WAIT,0,0,,999.0,0.0,0.0,0.0,Naive Bayes + Rule-Based Planning,SUFFICIENT_COVERAGE,"Wait recommended because available and inbound supply are sufficient for projected demand, and current stockout risk is Low (0.00).",OPEN_PO_EXISTS,Pending,
175,2026-03-08,5625,25111,189,673.0,Low,8.694914683540433e-05,WAIT,0,0,,673.0,0.0,0.0,0.0,Naive Bayes + Rule-Based Planning,SUFFICIENT_COVERAGE,"Wait recommended because available and inbound supply are sufficient for projected demand, and current stockout risk is Low (0.00).",OPEN_PO_EXISTS; OPEN_SO_EXISTS,Pending,
176,2026-03-08,5626,25123,91,492.0,Low,3.3214774445163075e-06,REORDER,500,1,2026-07-06,999.0,375.0,0.0,375.0,Naive Bayes + Rule-Based Planning,REORDER_TRIGGER,"Reorder recommended because net available inventory (492.0) is at or below the reorder trigger, stockout risk is Low (0.00), and MOQ rules require an order quantity of 500 units.",MOQ_APPLIED; OPEN_PO_EXISTS,Pending,
177,2026-03-08,5627,25201,1,40.0,Low,3.2814436302635337e-06,REORDER,500,1,2026-07-06,999.0,375.0,0.0,375.0,Naive Bayes + Rule-Based Planning,REORDER_TRIGGER,"Reorder recommended because net available inventory (40.0) is at or below the reorder trigger, stockout risk is Low (0.00), and MOQ rules require an order quantity of 500 units.",MOQ_APPLIED; OPEN_PO_EXISTS,Pending,
178,2026-03-08,5629,25211,72,1184.0,Low,2.7647089544257837e-07,WAIT,0,0,,1184.0,0.0,0.0,0.0,Naive Bayes + Rule-Based Planning,SUFFICIENT_COVERAGE,"Wait recommended because available and inbound supply are sufficient for projected demand, and current stockout risk is Low (0.00).",HIGH_CRITICALITY; OPEN_PO_EXISTS,Pending,
179,2026-03-08,5630,25223,65,860.0,Low,3.3655851143160217e-06,WAIT,0,0,,999.0,0.0,0.0,0.0,Naive Bayes + Rule-Based Planning,SUFFICIENT_COVERAGE,"Wait recommended because available and inbound supply are sufficient for projected demand, and current stockout risk is Low (0.00).",OPEN_PO_EXISTS,Pending,
180,2026-03-08,5631,25301,2,8.0,Low,3.2778723063911722e-06,REORDER,500,1,2026-07-06,999.0,375.0,0.0,375.0,Naive Bayes + Rule-Based Planning,REORDER_TRIGGER,"Reorder recommended because net available inventory (8.0) is at or below the reorder trigger, stockout risk is Low (0.00), and MOQ rules require an order quantity of 500 units.",MOQ_APPLIED; OPEN_PO_EXISTS,Pending,
181,2026-03-08,5632,25302,34,1892.0,Low,3.4750223844833946e-06,WAIT,0,0,,999.0,0.0,0.0,0.0,Naive Bayes + Rule-Based Planning,SUFFICIENT_COVERAGE,"Wait recommended because available and inbound supply are sufficient for projected demand, and current stockout risk is Low (0.00).",OPEN_PO_EXISTS,Pending,
182,2026-03-08,5633,25311,155,2000.0,Low,3.739191857420846e-13,WAIT,0,0,,1875.0,0.0,0.0,0.0,Naive Bayes + Rule-Based Planning,SUFFICIENT_COVERAGE,"Wait recommended because available and inbound supply are sufficient for projected demand, and current stockout risk is Low (0.00).",HIGH_CRITICALITY; OPEN_PO_EXISTS,Pending,
183,2026-03-08,5640,25602,461,8644.0,Low,4.782106209666839e-189,WAIT,0,0,,7979.076923076924,0.0,0.0,0.0,Naive Bayes + Rule-Based Planning,SUFFICIENT_COVERAGE,"Wait recommended because available and inbound supply are sufficient for projected demand, and current stockout risk is Low (0.00).",HIGH_CRITICALITY; OPEN_PO_EXISTS; OPEN_SO_EXISTS,Pending,
184,2026-03-08,5641,25611,1273,8073.0,Low,1.002391520369039e-193,WAIT,0,0,,8073.0,0.0,0.0,0.0,Naive Bayes + Rule-Based Planning,SUFFICIENT_COVERAGE,"Wait recommended because available and inbound supply are sufficient for projected demand, and current stockout risk is Low (0.00).",HIGH_CRITICALITY; OPEN_PO_EXISTS; OPEN_SO_EXISTS,Pending,
185,2026-03-08,5642,25623,8,508.0,Low,3.3326947768484572e-06,WAIT,0,0,,999.0,0.0,0.0,0.0,Naive Bayes + Rule-Based Planning,SUFFICIENT_COVERAGE,"Wait recommended because available and inbound supply are sufficient for projected demand, and current stockout risk is Low (0.00).",OPEN_PO_EXISTS,Pending,
186,2026-03-08,5645,25811,571,1930.0,Low,8.670421462691835e-14,WAIT,0,0,,1930.0,0.0,0.0,0.0,Naive Bayes + Rule-Based Planning,SUFFICIENT_COVERAGE,"Wait recommended because available and inbound supply are sufficient for projected demand, and current stockout risk is Low (0.00).",OPEN_PO_EXISTS,Pending,
187,2026-03-08,5646,25823,61,1075.0,Low,3.3857572679665975e-06,WAIT,0,0,,999.0,0.0,0.0,0.0,Naive Bayes + Rule-Based Planning,SUFFICIENT_COVERAGE,"Wait recommended because available and inbound supply are sufficient for projected demand, and current stockout risk is Low (0.00).",HIGH_CRITICALITY; OPEN_PO_EXISTS; OPEN_SO_EXISTS,Pending,
188,2026-03-08,5648,27202,2,1047.0,Low,3.390239734393753e-06,WAIT,0,0,,999.0,0.0,0.0,0.0,Naive Bayes + Rule-Based Planning,SUFFICIENT_COVERAGE,"Wait recommended because available and inbound supply are sufficient for projected demand, and current stockout risk is Low (0.00).",HIGH_CRITICALITY; OPEN_PO_EXISTS,Pending,
189,2026-03-08,5653,30411,0,11068.0,Low,3.986522682723495e-06,WAIT,0,0,,999.0,0.0,0.0,0.0,Naive Bayes + Rule-Based Planning,SUFFICIENT_COVERAGE,"Wait recommended because available and inbound supply are sufficient for projected demand, and current stockout risk is Low (0.00).",OPEN_PO_EXISTS,Pending,
190,2026-03-08,5654,30501,0,140.0,Low,3.2925381366535165e-06,REORDER,500,1,2026-07-06,999.0,125.0,0.0,125.0,Naive Bayes + Rule-Based Planning,REORDER_TRIGGER,"Reorder recommended because net available inventory (140.0) is at or below the reorder trigger, stockout risk is Low (0.00), and MOQ rules require an order quantity of 500 units.",MOQ_APPLIED; OPEN_PO_EXISTS,Pending,
191,2026-03-08,5656,30511,0,1284.0,Low,3.41489517806922e-06,WAIT,0,0,,999.0,0.0,0.0,0.0,Naive Bayes + Rule-Based Planning,SUFFICIENT_COVERAGE,"Wait recommended because available and inbound supply are sufficient for projected demand, and current stockout risk is Low (0.00).",HIGH_CRITICALITY; OPEN_PO_EXISTS,Pending,
192,2026-03-08,5658,31002,0,42.0,Low,3.281674974637357e-06,REORDER,500,1,2026-07-06,999.0,125.0,0.0,125.0,Naive Bayes + Rule-Based Planning,REORDER_TRIGGER,"Reorder recommended because net available inventory (42.0) is at or below the reorder trigger, stockout risk is Low (0.00), and MOQ rules require an order quantity of 500 units.",MOQ_APPLIED; OPEN_PO_EXISTS,Pending,
193,2026-03-08,5663,36011,0,4052.0,Low,3.6711423134526188e-06,WAIT,0,0,,999.0,0.0,0.0,0.0,Naive Bayes + Rule-Based Planning,SUFFICIENT_COVERAGE,"Wait recommended because available and inbound supply are sufficient for projected demand, and current stockout risk is Low (0.00).",OPEN_PO_EXISTS,Pending,
194,2026-03-08,5963,75005,19,151.0,Low,3.2932206935365747e-06,REORDER,500,1,2026-07-06,999.0,375.0,0.0,375.0,Naive Bayes + Rule-Based Planning,REORDER_TRIGGER,"Reorder recommended because net available inventory (151.0) is at or below the reorder trigger, stockout risk is Low (0.00), and MOQ rules require an order quantity of 500 units.",MOQ_APPLIED; OPEN_PO_EXISTS,Pending,
195,2026-03-08,5964,75003,108,538.0,Low,3.3226657605101708e-06,WAIT,0,0,,999.0,0.0,0.0,0.0,Naive Bayes + Rule-Based Planning,SUFFICIENT_COVERAGE,"Wait recommended because available and inbound supply are sufficient for projected demand, and current stockout risk is Low (0.00).",OPEN_PO_EXISTS,Pending,
196,2026-03-08,5965,75004,47,95.0,Low,3.2848051564530503e-06,REORDER,500,1,2026-07-06,999.0,375.0,0.0,375.0,Naive Bayes + Rule-Based Planning,REORDER_TRIGGER,"Reorder recommended because net available inventory (95.0) is at or below the reorder trigger, stockout risk is Low (0.00), and MOQ rules require an order quantity of 500 units.",MOQ_APPLIED; OPEN_PO_EXISTS,Pending,
197,2026-03-08,5967,R3PF,0,100.0,Low,3.288111078559681e-06,REORDER,500,1,2026-07-06,999.0,375.0,0.0,375.0,Naive Bayes + Rule-Based Planning,REORDER_TRIGGER,"Reorder recommended because net available inventory (100.0) is at or below the reorder trigger, stockout risk is Low (0.00), and MOQ rules require an order quantity of 500 units.",MOQ_APPLIED; OPEN_PO_EXISTS,Pending,
198,2026-03-08,5968,R4PF,0,100.0,Low,3.288111078559681e-06,REORDER,500,1,2026-07-06,999.0,375.0,0.0,375.0,Naive Bayes + Rule-Based Planning,REORDER_TRIGGER,"Reorder recommended because net available inventory (100.0) is at or below the reorder trigger, stockout risk is Low (0.00), and MOQ rules require an order quantity of 500 units.",MOQ_APPLIED; OPEN_PO_EXISTS,Pending,
199,2026-03-08,5969,R6PF,0,200.0,Low,3.299160781681592e-06,REORDER,500,1,2026-07-06,999.0,375.0,0.0,375.0,Naive Bayes + Rule-Based Planning,REORDER_TRIGGER,"Reorder recommended because net available inventory (200.0) is at or below the reorder trigger, stockout risk is Low (0.00), and MOQ rules require an order quantity of 500 units.",MOQ_APPLIED; OPEN_PO_EXISTS,Pending,
200,2026-03-08,5971,101-08,0,4360.0,Low,3.695664283227102e-06,WAIT,0,0,,999.0,0.0,0.0,0.0,Naive Bayes + Rule-Based Planning,SUFFICIENT_COVERAGE,"Wait recommended because available and inbound supply are sufficient for projected demand, and current stockout risk is Low (0.00).",OPEN_PO_EXISTS,Pending,
201,2026-03-08,5982,750032P,200,600.0,Low,3.297971011777156e-06,WAIT,0,0,,999.0,0.0,0.0,0.0,Naive Bayes + Rule-Based Planning,SUFFICIENT_COVERAGE,"Wait recommended because available and inbound supply are sufficient for projected demand, and current stockout risk is Low (0.00).",OPEN_PO_EXISTS,Pending,
202,2026-03-08,5989,RTC70125-TK,0,10.0,Low,3.278115526338515e-06,REORDER,1000,1,2026-07-06,999.0,500.0,0.0,500.0,Naive Bayes + Rule-Based Planning,REORDER_TRIGGER,"Reorder recommended because net available inventory (10.0) is at or below the reorder trigger, stockout risk is Low (0.00), and MOQ rules require an order quantity of 1000 units.",MOQ_APPLIED; OPEN_PO_EXISTS,Pending,
203,2026-03-08,5993,GC91416,2742,31659.0,Low,0.0,WAIT,0,0,,31659.0,0.0,0.0,0.0,Naive Bayes + Rule-Based Planning,SUFFICIENT_COVERAGE,"Wait recommended because available and inbound supply are sufficient for projected demand, and current stockout risk is Low (0.00).",HIGH_CRITICALITY; OPEN_PO_EXISTS; OPEN_SO_EXISTS,Pending,
204,2026-03-08,5994,GC91820,3128,15842.0,Low,1.326897174257807e-06,WAIT,0,0,,815.8969957081545,0.0,0.0,0.0,Naive Bayes + Rule-Based Planning,SUFFICIENT_COVERAGE,"Wait recommended because available and inbound supply are sufficient for projected demand, and current stockout risk is Low (0.00).",OPEN_PO_EXISTS; OPEN_SO_EXISTS,Pending,
205,2026-03-08,6005,716-18S,1203,13411.0,Low,0.0,WAIT,0,0,,13411.0,0.0,0.0,0.0,Naive Bayes + Rule-Based Planning,SUFFICIENT_COVERAGE,"Wait recommended because available and inbound supply are sufficient for projected demand, and current stockout risk is Low (0.00).",HIGH_CRITICALITY; OPEN_PO_EXISTS; OPEN_SO_EXISTS,Pending,
206,2026-03-08,6016,PS45010,0,8998.0,Low,3.9497988763365495e-06,WAIT,0,0,,999.0,0.0,0.0,0.0,Naive Bayes + Rule-Based Planning,SUFFICIENT_COVERAGE,"Wait recommended because available and inbound supply are sufficient for projected demand, and current stockout risk is Low (0.00).",OPEN_PO_EXISTS,Pending,
207,2026-03-08,6018,70076-H1,0,0.0,Low,3.2770019659521374e-06,REORDER,500,1,2026-07-06,999.0,375.0,0.0,375.0,Naive Bayes + Rule-Based Planning,REORDER_TRIGGER,"Reorder recommended because net available inventory (0.0) is at or below the reorder trigger, stockout risk is Low (0.00), and MOQ rules require an order quantity of 500 units.",MOQ_APPLIED,Pending,
208,2026-03-08,6022,RA-001,1921,32805.0,Low,0.0,WAIT,0,0,,32805.0,0.0,0.0,0.0,Naive Bayes + Rule-Based Planning,SUFFICIENT_COVERAGE,"Wait recommended because available and inbound supply are sufficient for projected demand, and current stockout risk is Low (0.00).",HIGH_CRITICALITY; OPEN_PO_EXISTS; OPEN_SO_EXISTS,Pending,
209,2026-03-08,6023,RA-002,500,14534.0,Low,0.0,WAIT,0,0,,11573.37037037037,0.0,0.0,0.0,Naive Bayes + Rule-Based Planning,SUFFICIENT_COVERAGE,"Wait recommended because available and inbound supply are sufficient for projected demand, and current stockout risk is Low (0.00).",HIGH_CRITICALITY; OPEN_PO_EXISTS; OPEN_SO_EXISTS,Pending,
210,2026-03-08,6024,RA-003,475,2995.0,Low,3.3022089711507963e-19,WAIT,0,0,,2375.344827586207,0.0,0.0,0.0,Naive Bayes + Rule-Based Planning,SUFFICIENT_COVERAGE,"Wait recommended because available and inbound supply are sufficient for projected demand, and current stockout risk is Low (0.00).",HIGH_CRITICALITY; OPEN_PO_EXISTS; OPEN_SO_EXISTS,Pending,
211,2026-03-08,6026,OS-002,136,1942.0,Low,6.911936317094773e-13,WAIT,0,0,,1849.5238095238094,0.0,0.0,0.0,Naive Bayes + Rule-Based Planning,SUFFICIENT_COVERAGE,"Wait recommended because available and inbound supply are sufficient for projected demand, and current stockout risk is Low (0.00).",HIGH_CRITICALITY; OPEN_PO_EXISTS; OPEN_SO_EXISTS,Pending,
212,2026-03-08,6027,RK-001,711,8270.0,Low,4.678735774475807e-168,WAIT,0,0,,7518.181818181818,0.0,0.0,0.0,Naive Bayes + Rule-Based Planning,SUFFICIENT_COVERAGE,"Wait recommended because available and inbound supply are sufficient for projected demand, and current stockout risk is Low (0.00).",OPEN_PO_EXISTS; OPEN_SO_EXISTS,Pending,
213,2026-03-08,6048,23301,18,6410.0,Low,3.835796773739085e-06,WAIT,0,0,,999.0,0.0,0.0,0.0,Naive Bayes + Rule-Based Planning,SUFFICIENT_COVERAGE,"Wait recommended because available and inbound supply are sufficient for projected demand, and current stockout risk is Low (0.00).",OPEN_PO_EXISTS,Pending,
214,2026-03-08,6057,LST20-AHK-2,40,140.0,Low,3.290504261027479e-06,REORDER,1000,1,2026-07-06,999.0,500.0,0.0,500.0,Naive Bayes + Rule-Based Planning,REORDER_TRIGGER,"Reorder recommended because net available inventory (140.0) is at or below the reorder trigger, stockout risk is Low (0.00), and MOQ rules require an order quantity of 1000 units.",MOQ_APPLIED; HIGH_CRITICALITY; OPEN_PO_EXISTS,Pending,
215,2026-03-08,6059,LST20-PGK-2,0,100.0,Low,3.288111078559681e-06,REORDER,1000,1,2026-07-06,999.0,500.0,0.0,500.0,Naive Bayes + Rule-Based Planning,REORDER_TRIGGER,"Reorder recommended because net available inventory (100.0) is at or below the reorder trigger, stockout risk is Low (0.00), and MOQ rules require an order quantity of 1000 units.",MOQ_APPLIED; OPEN_PO_EXISTS,Pending,
216,2026-03-08,6060,LST20-SRK-1,54,454.0,Low,3.3234354080059876e-06,REORDER,1000,1,2026-07-06,999.0,500.0,0.0,500.0,Naive Bayes + Rule-Based Planning,REORDER_TRIGGER,"Reorder recommended because net available inventory (454.0) is at or below the reorder trigger, stockout risk is Low (0.00), and MOQ rules require an order quantity of 1000 units.",MOQ_APPLIED; HIGH_CRITICALITY; OPEN_PO_EXISTS,Pending,
217,2026-03-08,6062,23511,626,5121.0,Low,5.3482313712946147e-79,WAIT,0,0,,5121.0,0.0,0.0,0.0,Naive Bayes + Rule-Based Planning,SUFFICIENT_COVERAGE,"Wait recommended because available and inbound supply are sufficient for projected demand, and current stockout risk is Low (0.00).",HIGH_CRITICALITY; OPEN_PO_EXISTS; OPEN_SO_EXISTS,Pending,
218,2026-03-08,6063,70078-H1,0,0.0,Low,3.2770019659521374e-06,REORDER,500,1,2026-07-06,999.0,375.0,0.0,375.0,Naive Bayes + Rule-Based Planning,REORDER_TRIGGER,"Reorder recommended because net available inventory (0.0) is at or below the reorder trigger, stockout risk is Low (0.00), and MOQ rules require an order quantity of 500 units.",MOQ_APPLIED,Pending,
219,2026-03-08,6081,R2PF,0,0.0,Low,3.2770019659521374e-06,REORDER,500,1,2026-07-06,999.0,375.0,0.0,375.0,Naive Bayes + Rule-Based Planning,REORDER_TRIGGER,"Reorder recommended because net available inventory (0.0) is at or below the reorder trigger, stockout risk is Low (0.00), and MOQ rules require an order quantity of 500 units.",MOQ_APPLIED,Pending,
220,2026-03-08,6082,SN-HK-1,327,927.0,Low,3.690318674132994e-05,REORDER,1000,1,2026-07-06,1605.8333333333335,20.0,0.0,20.0,Naive Bayes + Rule-Based Planning,REORDER_TRIGGER,"Reorder recommended because net available inventory (927.0) is at or below the reorder trigger, stockout risk is Low (0.00), and MOQ rules require an order quantity of 1000 units.",MOQ_APPLIED; HIGH_CRITICALITY; OPEN_PO_EXISTS,Pending,
221,2026-03-08,6084,615-16S,0,1000.0,Low,3.385318101034715e-06,WAIT,0,0,,999.0,0.0,0.0,0.0,Naive Bayes + Rule-Based Planning,SUFFICIENT_COVERAGE,"Wait recommended because available and inbound supply are sufficient for projected demand, and current stockout risk is Low (0.00).",OPEN_PO_EXISTS,Pending,
222,2026-03-08,6087,DT-LHK-1,11,61.0,Low,3.2835681089560653e-06,REORDER,1000,1,2026-07-06,999.0,500.0,0.0,500.0,Naive Bayes + Rule-Based Planning,REORDER_TRIGGER,"Reorder recommended because net available inventory (61.0) is at or below the reorder trigger, stockout risk is Low (0.00), and MOQ rules require an order quantity of 1000 units.",MOQ_APPLIED; HIGH_CRITICALITY; OPEN_PO_EXISTS,Pending,
223,2026-03-08,6088,DT-HK-1,49,99.0,Low,3.2850259684276094e-06,REORDER,1000,1,2026-07-06,999.0,500.0,0.0,500.0,Naive Bayes + Rule-Based Planning,REORDER_TRIGGER,"Reorder recommended because net available inventory (99.0) is at or below the reorder trigger, stockout risk is Low (0.00), and MOQ rules require an order quantity of 1000 units.",MOQ_APPLIED; HIGH_CRITICALITY; OPEN_PO_EXISTS,Pending,
224,2026-03-08,6089,DT-GC-1,0,50.0,Low,3.2825638951641585e-06,REORDER,1000,1,2026-07-06,999.0,500.0,0.0,500.0,Naive Bayes + Rule-Based Planning,REORDER_TRIGGER,"Reorder recommended because net available inventory (50.0) is at or below the reorder trigger, stockout risk is Low (0.00), and MOQ rules require an order quantity of 1000 units.",MOQ_APPLIED; HIGH_CRITICALITY; OPEN_PO_EXISTS,Pending,
225,2026-03-08,6090,DT-UHK-1,2,52.0,Low,3.282765902823998e-06,REORDER,1000,1,2026-07-06,999.0,500.0,0.0,500.0,Naive Bayes + Rule-Based Planning,REORDER_TRIGGER,"Reorder recommended because net available inventory (52.0) is at or below the reorder trigger, stockout risk is Low (0.00), and MOQ rules require an order quantity of 1000 units.",MOQ_APPLIED; HIGH_CRITICALITY; OPEN_PO_EXISTS,Pending,
226,2026-03-08,6091,RM8-HK-1,7,17.0,Low,3.278785243088039e-06,REORDER,1000,1,2026-07-06,999.0,500.0,0.0,500.0,Naive Bayes + Rule-Based Planning,REORDER_TRIGGER,"Reorder recommended because net available inventory (17.0) is at or below the reorder trigger, stockout risk is Low (0.00), and MOQ rules require an order quantity of 1000 units.",MOQ_APPLIED; HIGH_CRITICALITY; OPEN_PO_EXISTS,Pending,
227,2026-03-08,6092,RM8-UHP-1,7,17.0,Low,3.278785243088039e-06,REORDER,1000,1,2026-07-06,999.0,500.0,0.0,500.0,Naive Bayes + Rule-Based Planning,REORDER_TRIGGER,"Reorder recommended because net available inventory (17.0) is at or below the reorder trigger, stockout risk is Low (0.00), and MOQ rules require an order quantity of 1000 units.",MOQ_APPLIED; HIGH_CRITICALITY; OPEN_PO_EXISTS,Pending,
228,2026-03-08,6106,Radius Header,0,0.0,Low,3.2770019659521374e-06,REORDER,500,1,2026-07-06,999.0,375.0,0.0,375.0,Naive Bayes + Rule-Based Planning,REORDER_TRIGGER,"Reorder recommended because net available inventory (0.0) is at or below the reorder trigger, stockout risk is Low (0.00), and MOQ rules require an order quantity of 500 units.",MOQ_APPLIED,Pending,
229,2026-03-08,6113,RB80514,25,419.0,Low,0.0005673464130299761,WAIT,0,0,,325.88888888888886,0.0,0.0,0.0,Naive Bayes + Rule-Based Planning,SUFFICIENT_COVERAGE,"Wait recommended because available and inbound supply are sufficient for projected demand, and current stockout risk is Low (0.00).",OPEN_PO_EXISTS; OPEN_SO_EXISTS,Pending,
230,2026-03-08,6115,RA-004,169,4601.0,Low,1.6938549389306985e-63,WAIT,0,0,,4575.994565217391,0.0,0.0,0.0,Naive Bayes + Rule-Based Planning,SUFFICIENT_COVERAGE,"Wait recommended because available and inbound supply are sufficient for projected demand, and current stockout risk is Low (0.00).",HIGH_CRITICALITY; OPEN_PO_EXISTS; OPEN_SO_EXISTS,Pending,
231,2026-03-08,6117,23711,968,6379.0,Low,2.11980576941371e-110,WAIT,0,0,,6075.238095238095,0.0,0.0,0.0,Naive Bayes + Rule-Based Planning,SUFFICIENT_COVERAGE,"Wait recommended because available and inbound supply are sufficient for projected demand, and current stockout risk is Low (0.00).",HIGH_CRITICALITY; OPEN_PO_EXISTS; OPEN_SO_EXISTS,Pending,
232,2026-03-08,6118,23811,78,2727.0,Low,2.5461773252497453e-24,WAIT,0,0,,2727.0,0.0,0.0,0.0,Naive Bayes + Rule-Based Planning,SUFFICIENT_COVERAGE,"Wait recommended because available and inbound supply are sufficient for projected demand, and current stockout risk is Low (0.00).",HIGH_CRITICALITY; OPEN_PO_EXISTS; OPEN_SO_EXISTS,Pending,
233,2026-03-08,6120,90411,6,1741.0,Low,1.5200354875758159e-05,WAIT,0,0,,870.5,0.0,0.0,0.0,Naive Bayes + Rule-Based Planning,SUFFICIENT_COVERAGE,"Wait recommended because available and inbound supply are sufficient for projected demand, and current stockout risk is Low (0.00).",HIGH_CRITICALITY; OPEN_PO_EXISTS,Pending,
234,2026-03-08,6121,RS95915,0,500.0,Low,3.331944937280189e-06,REORDER,1000,1,2026-07-06,999.0,500.0,0.0,500.0,Naive Bayes + Rule-Based Planning,REORDER_TRIGGER,"Reorder recommended because net available inventory (500.0) is at or below the reorder trigger, stockout risk is Low (0.00), and MOQ rules require an order quantity of 1000 units.",MOQ_APPLIED; HIGH_CRITICALITY; OPEN_PO_EXISTS,Pending,
235,2026-03-08,6123,SN71012,38,14038.0,Low,0.0,WAIT,0,0,,12478.222222222223,0.0,0.0,0.0,Naive Bayes + Rule-Based Planning,SUFFICIENT_COVERAGE,"Wait recommended because available and inbound supply are sufficient for projected demand, and current stockout risk is Low (0.00).",OPEN_PO_EXISTS; OPEN_SO_EXISTS,Pending,
236,2026-03-08,6128,23411,203,2801.0,Low,6.660580849102297e-22,WAIT,0,0,,2567.5833333333335,0.0,0.0,0.0,Naive Bayes + Rule-Based Planning,SUFFICIENT_COVERAGE,"Wait recommended because available and inbound supply are sufficient for projected demand, and current stockout risk is Low (0.00).",OPEN_PO_EXISTS; OPEN_SO_EXISTS,Pending,
237,2026-03-08,6133,50002,1935,29314.0,Low,0.0,WAIT,0,0,,28412.030769230765,0.0,0.0,0.0,Naive Bayes + Rule-Based Planning,SUFFICIENT_COVERAGE,"Wait recommended because available and inbound supply are sufficient for projected demand, and current stockout risk is Low (0.00).",HIGH_CRITICALITY; OPEN_PO_EXISTS; OPEN_SO_EXISTS,Pending,
238,2026-03-08,6134,SN70112,41,14548.0,Low,0.00034893747061575823,WAIT,0,0,,440.57034700315455,0.0,0.0,0.0,Naive Bayes + Rule-Based Planning,SUFFICIENT_COVERAGE,"Wait recommended because available and inbound supply are sufficient for projected demand, and current stockout risk is Low (0.00).",HIGH_CRITICALITY; OPEN_PO_EXISTS; OPEN_SO_EXISTS,Pending,
239,2026-03-08,6142,70024,1,161.0,Low,3.2948500085885514e-06,REORDER,500,1,2026-07-06,999.0,375.0,0.0,375.0,Naive Bayes + Rule-Based Planning,REORDER_TRIGGER,"Reorder recommended because net available inventory (161.0) is at or below the reorder trigger, stockout risk is Low (0.00), and MOQ rules require an order quantity of 500 units.",MOQ_APPLIED; OPEN_PO_EXISTS,Pending,
240,2026-03-08,6152,TC70025S,123,923.0,Low,3.3599611686465087e-06,WAIT,0,0,,999.0,0.0,0.0,0.0,Naive Bayes + Rule-Based Planning,SUFFICIENT_COVERAGE,"Wait recommended because available and inbound supply are sufficient for projected demand, and current stockout risk is Low (0.00).",OPEN_PO_EXISTS,Pending,
241,2026-03-08,6156,1415-16CR,0,41153.0,High,1.0,EXPEDITE,48000,96,2026-07-06,121.99741523490952,72000.0,0.0,72000.0,Naive Bayes + Rule-Based Planning,HIGH_RISK_LATE_INBOUND,"Expedite recommended because stockout risk is High (1.00), net available inventory is below lead-time demand, and existing inbound supply arrives too late.",MOQ_APPLIED; HIGH_CRITICALITY; OPEN_PO_EXISTS,Pending,
242,2026-03-08,6163,LSTM2012-4,3,3731.0,Low,3.6446973078649817e-06,WAIT,0,0,,999.0,0.0,0.0,0.0,Naive Bayes + Rule-Based Planning,SUFFICIENT_COVERAGE,"Wait recommended because available and inbound supply are sufficient for projected demand, and current stockout risk is Low (0.00).",HIGH_CRITICALITY; OPEN_PO_EXISTS,Pending,
243,2026-03-08,6167,23111,0,9884.0,Low,3.971600111301495e-06,WAIT,0,0,,999.0,0.0,0.0,0.0,Naive Bayes + Rule-Based Planning,SUFFICIENT_COVERAGE,"Wait recommended because available and inbound supply are sufficient for projected demand, and current stockout risk is Low (0.00).",HIGH_CRITICALITY; OPEN_PO_EXISTS,Pending,
244,2026-03-08,6170,90211,0,1000.0,Low,3.385318101034715e-06,WAIT,0,0,,999.0,0.0,0.0,0.0,Naive Bayes + Rule-Based Planning,SUFFICIENT_COVERAGE,"Wait recommended because available and inbound supply are sufficient for projected demand, and current stockout risk is Low (0.00).",OPEN_PO_EXISTS,Pending,
245,2026-03-08,6173,LB24020S,0,1999.0,Low,3.4868420377504087e-06,WAIT,0,0,,999.0,0.0,0.0,0.0,Naive Bayes + Rule-Based Planning,SUFFICIENT_COVERAGE,"Wait recommended because available and inbound supply are sufficient for projected demand, and current stockout risk is Low (0.00).",OPEN_PO_EXISTS,Pending,
246,2026-03-08,6175,BL80204,711,3404.0,Low,2.4767051386919864e-29,WAIT,0,0,,3025.777777777778,0.0,0.0,0.0,Naive Bayes + Rule-Based Planning,SUFFICIENT_COVERAGE,"Wait recommended because available and inbound supply are sufficient for projected demand, and current stockout risk is Low (0.00).",HIGH_CRITICALITY; OPEN_PO_EXISTS; OPEN_SO_EXISTS,Pending,
247,2026-03-08,6205,50616,0,3800.0,High,0.9999987825992797,REORDER,0,0,2026-06-06,999.0,0.0,0.0,0.0,Naive Bayes + Rule-Based Planning,REORDER_TRIGGER,"Reorder recommended because net available inventory (3800.0) is at or below the reorder trigger, stockout risk is High (1.00), and MOQ rules require an order quantity of 0 units.",OPEN_PO_EXISTS,Pending,
248,2026-03-08,6206,LSTM2012-2,0,0.0,Low,3.2770019659521374e-06,REORDER,500,1,2026-07-06,999.0,560.0,0.0,560.0,Naive Bayes + Rule-Based Planning,REORDER_TRIGGER,"Reorder recommended because net available inventory (0.0) is at or below the reorder trigger, stockout risk is Low (0.00), and MOQ rules require an order quantity of 500 units.",MOQ_APPLIED,Pending,
249,2026-03-08,6210,70432,61,774.0,Low,3.741309744692218e-05,WAIT,0,0,,774.0,0.0,0.0,0.0,Naive Bayes + Rule-Based Planning,SUFFICIENT_COVERAGE,"Wait recommended because available and inbound supply are sufficient for projected demand, and current stockout risk is Low (0.00).",OPEN_PO_EXISTS; OPEN_SO_EXISTS,Pending,
250,2026-03-08,6214,DT71613S,375,2100.0,Low,3.305779150458336e-06,WAIT,0,0,,999.0,0.0,0.0,0.0,Naive Bayes + Rule-Based Planning,SUFFICIENT_COVERAGE,"Wait recommended because available and inbound supply are sufficient for projected demand, and current stockout risk is Low (0.00).",HIGH_CRITICALITY; OPEN_PO_EXISTS; OPEN_SO_EXISTS,Pending,
251,2026-03-08,6215,DT-TK-1,0,250.0,Low,3.304663088672111e-06,REORDER,1000,1,2026-07-06,999.0,500.0,0.0,500.0,Naive Bayes + Rule-Based Planning,REORDER_TRIGGER,"Reorder recommended because net available inventory (250.0) is at or below the reorder trigger, stockout risk is Low (0.00), and MOQ rules require an order quantity of 1000 units.",MOQ_APPLIED; HIGH_CRITICALITY; OPEN_PO_EXISTS,Pending,
252,2026-03-08,6217,SK-2,2627,47410.0,High,0.9999988745416682,REORDER,0,0,2026-07-06,630.382271468144,0.0,0.0,0.0,Naive Bayes + Rule-Based Planning,REORDER_TRIGGER,"Reorder recommended because net available inventory (47410.0) is at or below the reorder trigger, stockout risk is High (1.00), and MOQ rules require an order quantity of 0 units.",HIGH_CRITICALITY; OPEN_PO_EXISTS; OPEN_SO_EXISTS,Pending,
253,2026-03-08,6228,TC70020-1,0,46485.0,Low,6.623985180759443e-07,WAIT,0,0,,999.0,0.0,0.0,0.0,Naive Bayes + Rule-Based Planning,SUFFICIENT_COVERAGE,"Wait recommended because available and inbound supply are sufficient for projected demand, and current stockout risk is Low (0.00).",HIGH_CRITICALITY; OPEN_PO_EXISTS,Pending,
254,2026-03-08,6231,BL80204-1,1,16493.0,Low,3.847330337828881e-06,WAIT,0,0,,999.0,0.0,0.0,0.0,Naive Bayes + Rule-Based Planning,SUFFICIENT_COVERAGE,"Wait recommended because available and inbound supply are sufficient for projected demand, and current stockout risk is Low (0.00).",HIGH_CRITICALITY; OPEN_PO_EXISTS,Pending,
255,2026-03-08,6234,415-16SG,900,5916.0,Low,2.8765892057721034e-06,WAIT,0,0,,999.0,0.0,0.0,0.0,Naive Bayes + Rule-Based Planning,SUFFICIENT_COVERAGE,"Wait recommended because available and inbound supply are sufficient for projected demand, and current stockout risk is Low (0.00).",HIGH_CRITICALITY; OPEN_PO_EXISTS; OPEN_SO_EXISTS,Pending,
256,2026-03-08,6235,TC70020S,1870,12747.0,Low,1.4094455945837317e-58,WAIT,0,0,,4370.400000000001,0.0,0.0,0.0,Naive Bayes + Rule-Based Planning,SUFFICIENT_COVERAGE,"Wait recommended because available and inbound supply are sufficient for projected demand, and current stockout risk is Low (0.00).",HIGH_CRITICALITY; OPEN_PO_EXISTS; OPEN_SO_EXISTS,Pending,
257,2026-03-08,6358,RS91120-1,4932,90258.0,Low,2.77737883314599e-13,WAIT,0,0,,999.0,0.0,0.0,0.0,Naive Bayes + Rule-Based Planning,SUFFICIENT_COVERAGE,"Wait recommended because available and inbound supply are sufficient for projected demand, and current stockout risk is Low (0.00).",HIGH_CRITICALITY; OPEN_PO_EXISTS,Pending,
258,2026-03-08,6382,DT71212,247,1447.0,Low,3.442756164952946e-09,WAIT,0,0,,1447.0,0.0,0.0,0.0,Naive Bayes + Rule-Based Planning,SUFFICIENT_COVERAGE,"Wait recommended because available and inbound supply are sufficient for projected demand, and current stockout risk is Low (0.00).",OPEN_PO_EXISTS,Pending,
259,2026-03-08,6385,524570,0,0.0,Low,3.2770019659521374e-06,REORDER,500,1,2026-07-06,999.0,375.0,0.0,375.0,Naive Bayes + Rule-Based Planning,REORDER_TRIGGER,"Reorder recommended because net available inventory (0.0) is at or below the reorder trigger, stockout risk is Low (0.00), and MOQ rules require an order quantity of 500 units.",MOQ_APPLIED,Pending,
260,2026-03-08,6410,RA-005,182,938.0,Low,6.874046424703862e-06,WAIT,0,0,,938.0,0.0,0.0,0.0,Naive Bayes + Rule-Based Planning,SUFFICIENT_COVERAGE,"Wait recommended because available and inbound supply are sufficient for projected demand, and current stockout risk is Low (0.00).",OPEN_PO_EXISTS,Pending,
261,2026-03-08,6650,SN75018,1,3948.0,Low,3.001944518397527e-47,WAIT,0,0,,3919.8,0.0,0.0,0.0,Naive Bayes + Rule-Based Planning,SUFFICIENT_COVERAGE,"Wait recommended because available and inbound supply are sufficient for projected demand, and current stockout risk is Low (0.00).",OPEN_PO_EXISTS; OPEN_SO_EXISTS,Pending,
262,2026-03-08,6651,SN75022,0,841.0,Low,3.368522039448816e-06,WAIT,0,0,,999.0,0.0,0.0,0.0,Naive Bayes + Rule-Based Planning,SUFFICIENT_COVERAGE,"Wait recommended because available and inbound supply are sufficient for projected demand, and current stockout risk is Low (0.00).",OPEN_PO_EXISTS,Pending,
263,2026-03-08,6667,DT71613AA,397,3895.0,Low,0.0009252077632619592,WAIT,0,0,,163.65546218487395,0.0,0.0,0.0,Naive Bayes + Rule-Based Planning,SUFFICIENT_COVERAGE,"Wait recommended because available and inbound supply are sufficient for projected demand, and current stockout risk is Low (0.00).",HIGH_CRITICALITY; OPEN_PO_EXISTS,Pending,
264,2026-03-08,6677,GS015,384,2335.0,Low,1.1561287900851366e-18,WAIT,0,0,,2335.0,0.0,0.0,0.0,Naive Bayes + Rule-Based Planning,SUFFICIENT_COVERAGE,"Wait recommended because available and inbound supply are sufficient for projected demand, and current stockout risk is Low (0.00).",HIGH_CRITICALITY; OPEN_PO_EXISTS; OPEN_SO_EXISTS,Pending,
265,2026-03-08,6678,SN722018,0,868.0,Low,1.4925812435701015e-05,REORDER,500,1,2026-07-06,1368.0,810.0,0.0,810.0,Naive Bayes + Rule-Based Planning,REORDER_TRIGGER,"Reorder recommended because net available inventory (868.0) is at or below the reorder trigger, stockout risk is Low (0.00), and MOQ rules require an order quantity of 500 units.",MOQ_APPLIED; HIGH_CRITICALITY; OPEN_PO_EXISTS; OPEN_SO_EXISTS,Pending,
266,2026-03-08,6698,SN002,0,1350.0,Low,5.524663590639752e-07,WAIT,0,0,,1136.842105263158,0.0,0.0,0.0,Naive Bayes + Rule-Based Planning,SUFFICIENT_COVERAGE,"Wait recommended because available and inbound supply are sufficient for projected demand, and current stockout risk is Low (0.00).",HIGH_CRITICALITY; OPEN_PO_EXISTS,Pending,
267,2026-03-08,6699,SN003,0,2100.0,Low,3.496702640599117e-06,WAIT,0,0,,999.0,0.0,0.0,0.0,Naive Bayes + Rule-Based Planning,SUFFICIENT_COVERAGE,"Wait recommended because available and inbound supply are sufficient for projected demand, and current stockout risk is Low (0.00).",HIGH_CRITICALITY; OPEN_PO_EXISTS,Pending,
268,2026-03-08,6701,LSS020-GRASS,20,240.0,Low,0.0007824323389791641,REORDER,1000,2,2026-07-06,620.0,1120.0,0.0,1120.0,Naive Bayes + Rule-Based Planning,REORDER_TRIGGER,"Reorder recommended because net available inventory (240.0) is at or below the reorder trigger, stockout risk is Low (0.00), and MOQ rules require an order quantity of 1000 units.",MOQ_APPLIED; HIGH_CRITICALITY; OPEN_PO_EXISTS,Pending,
269,2026-03-08,6702,LSS020-SHRUB,42,72.0,Low,3.2827713857067757e-06,REORDER,500,1,2026-07-06,999.0,560.0,0.0,560.0,Naive Bayes + Rule-Based Planning,REORDER_TRIGGER,"Reorder recommended because net available inventory (72.0) is at or below the reorder trigger, stockout risk is Low (0.00), and MOQ rules require an order quantity of 500 units.",MOQ_APPLIED; OPEN_PO_EXISTS,Pending,
270,2026-03-08,6710,TC70010-1,0,51444.0,Low,3.8375750596270005e-07,WAIT,0,0,,999.0,0.0,0.0,0.0,Naive Bayes + Rule-Based Planning,SUFFICIENT_COVERAGE,"Wait recommended because available and inbound supply are sufficient for projected demand, and current stockout risk is Low (0.00).",HIGH_CRITICALITY; OPEN_PO_EXISTS,Pending,
271,2026-03-08,6712,1816-16-1,0,17732.0,Low,3.7700568230456766e-06,WAIT,0,0,,999.0,0.0,0.0,0.0,Naive Bayes + Rule-Based Planning,SUFFICIENT_COVERAGE,"Wait recommended because available and inbound supply are sufficient for projected demand, and current stockout risk is Low (0.00).",HIGH_CRITICALITY; OPEN_PO_EXISTS,Pending,
272,2026-03-08,6713,2002-20-1,0,14994.0,High,1.0,EXPEDITE,86000,172,2026-07-06,121.24129651860744,129000.0,0.0,129000.0,Naive Bayes + Rule-Based Planning,HIGH_RISK_LATE_INBOUND,"Expedite recommended because stockout risk is High (1.00), net available inventory is below lead-time demand, and existing inbound supply arrives too late.",MOQ_APPLIED; HIGH_CRITICALITY; OPEN_PO_EXISTS; OPEN_SO_EXISTS,Pending,
273,2026-03-08,6715,LCS0620-1,0,17768.0,Low,3.767582862322303e-06,WAIT,0,0,,999.0,0.0,0.0,0.0,Naive Bayes + Rule-Based Planning,SUFFICIENT_COVERAGE,"Wait recommended because available and inbound supply are sufficient for projected demand, and current stockout risk is Low (0.00).",HIGH_CRITICALITY; OPEN_PO_EXISTS,Pending,
274,2026-03-08,6721,220KB,1,45176.0,High,0.9999999999999147,REORDER,0,0,2026-07-06,999.0,0.0,0.0,0.0,Naive Bayes + Rule-Based Planning,REORDER_TRIGGER,"Reorder recommended because net available inventory (45176.0) is at or below the reorder trigger, stockout risk is High (1.00), and MOQ rules require an order quantity of 0 units.",HIGH_CRITICALITY; OPEN_PO_EXISTS; OPEN_SO_EXISTS,Pending,
275,2026-03-08,6722,225KB,1,219981.0,High,1.0,REORDER,0,0,2026-07-06,135.3729230769231,0.0,0.0,0.0,Naive Bayes + Rule-Based Planning,REORDER_TRIGGER,"Reorder recommended because net available inventory (219981.0) is at or below the reorder trigger, stockout risk is High (1.00), and MOQ rules require an order quantity of 0 units.",HIGH_CRITICALITY; OPEN_PO_EXISTS; OPEN_SO_EXISTS,Pending,
276,2026-03-08,6723,LBVM2202S,1,1331.0,Low,3.4197335834243157e-06,WAIT,0,0,,999.0,0.0,0.0,0.0,Naive Bayes + Rule-Based Planning,SUFFICIENT_COVERAGE,"Wait recommended because available and inbound supply are sufficient for projected demand, and current stockout risk is Low (0.00).",HIGH_CRITICALITY; OPEN_PO_EXISTS,Pending,
277,2026-03-08,6725,1W,4681,64678.0,Low,1.6273804111224956e-70,WAIT,0,0,,4691.151234567901,0.0,0.0,0.0,Naive Bayes + Rule-Based Planning,SUFFICIENT_COVERAGE,"Wait recommended because available and inbound supply are sufficient for projected demand, and current stockout risk is Low (0.00).",HIGH_CRITICALITY; OPEN_PO_EXISTS; OPEN_SO_EXISTS,Pending,
278,2026-03-08,6726,1A,3488,28649.0,Low,7.749605616988046e-08,WAIT,0,0,,984.1259541984733,0.0,0.0,0.0,Naive Bayes + Rule-Based Planning,SUFFICIENT_COVERAGE,"Wait recommended because available and inbound supply are sufficient for projected demand, and current stockout risk is Low (0.00).",HIGH_CRITICALITY; OPEN_PO_EXISTS; OPEN_SO_EXISTS,Pending,
279,2026-03-08,6730,1000A,1590,5306.0,Low,1.0128475815561444e-05,WAIT,0,0,,837.7894736842105,0.0,0.0,0.0,Naive Bayes + Rule-Based Planning,SUFFICIENT_COVERAGE,"Wait recommended because available and inbound supply are sufficient for projected demand, and current stockout risk is Low (0.00).",HIGH_CRITICALITY; OPEN_PO_EXISTS; OPEN_SO_EXISTS,Pending,
280,2026-03-08,6731,1000L,13543,99123.0,Low,1.2196464194336149e-51,WAIT,0,0,,2702.2864480442513,0.0,0.0,0.0,Naive Bayes + Rule-Based Planning,SUFFICIENT_COVERAGE,"Wait recommended because available and inbound supply are sufficient for projected demand, and current stockout risk is Low (0.00).",HIGH_CRITICALITY; OPEN_PO_EXISTS; OPEN_SO_EXISTS,Pending,
281,2026-03-08,6732,500W,5617,28342.0,Low,1.668751253224403e-07,WAIT,0,0,,999.0,0.0,0.0,0.0,Naive Bayes + Rule-Based Planning,SUFFICIENT_COVERAGE,"Wait recommended because available and inbound supply are sufficient for projected demand, and current stockout risk is Low (0.00).",HIGH_CRITICALITY; OPEN_PO_EXISTS; OPEN_SO_EXISTS,Pending,
282,2026-03-08,6733,RA-001EWG,0,1629.0,Low,3.4500713565345566e-06,WAIT,0,0,,999.0,0.0,0.0,0.0,Naive Bayes + Rule-Based Planning,SUFFICIENT_COVERAGE,"Wait recommended because available and inbound supply are sufficient for projected demand, and current stockout risk is Low (0.00).",OPEN_PO_EXISTS,Pending,
283,2026-03-08,6741,RPS001,850,4098.0,Low,1.623923641976225e-51,WAIT,0,0,,4098.0,0.0,0.0,0.0,Naive Bayes + Rule-Based Planning,SUFFICIENT_COVERAGE,"Wait recommended because available and inbound supply are sufficient for projected demand, and current stockout risk is Low (0.00).",HIGH_CRITICALITY; OPEN_PO_EXISTS; OPEN_SO_EXISTS,Pending,
284,2026-03-08,6754,ST004,300,1403.0,Low,3.3251479051621977e-06,WAIT,0,0,,999.0,0.0,0.0,0.0,Naive Bayes + Rule-Based Planning,SUFFICIENT_COVERAGE,"Wait recommended because available and inbound supply are sufficient for projected demand, and current stockout risk is Low (0.00).",HIGH_CRITICALITY; OPEN_PO_EXISTS; OPEN_SO_EXISTS,Pending,
285,2026-03-08,6759,ST009,966,1967.0,Low,2.562339331356354e-06,WAIT,0,0,,999.0,0.0,0.0,0.0,Naive Bayes + Rule-Based Planning,SUFFICIENT_COVERAGE,"Wait recommended because available and inbound supply are sufficient for projected demand, and current stockout risk is Low (0.00).",OPEN_PO_EXISTS; OPEN_SO_EXISTS,Pending,
286,2026-03-08,6767,LRK002,85,1973.0,Low,3.3980651985233197e-06,WAIT,0,0,,999.0,0.0,0.0,0.0,Naive Bayes + Rule-Based Planning,SUFFICIENT_COVERAGE,"Wait recommended because available and inbound supply are sufficient for projected demand, and current stockout risk is Low (0.00).",HIGH_CRITICALITY; OPEN_PO_EXISTS; OPEN_SO_EXISTS,Pending,
287,2026-03-08,6773,TC70065EW,1575,6589.0,Low,9.558481211475343e-130,WAIT,0,0,,6589.0,0.0,0.0,0.0,Naive Bayes + Rule-Based Planning,SUFFICIENT_COVERAGE,"Wait recommended because available and inbound supply are sufficient for projected demand, and current stockout risk is Low (0.00).",HIGH_CRITICALITY; OPEN_PO_EXISTS; OPEN_SO_EXISTS,Pending,
288,2026-03-08,6774,TC70090EW,1309,14243.0,Low,3.7218006282286513e-06,WAIT,0,0,,965.6271186440678,0.0,0.0,0.0,Naive Bayes + Rule-Based Planning,SUFFICIENT_COVERAGE,"Wait recommended because available and inbound supply are sufficient for projected demand, and current stockout risk is Low (0.00).",HIGH_CRITICALITY; OPEN_PO_EXISTS; OPEN_SO_EXISTS,Pending,
289,2026-03-08,6776,TC70016EW,320,1624.0,Low,1.0503992730628058e-10,WAIT,0,0,,1624.0,0.0,0.0,0.0,Naive Bayes + Rule-Based Planning,SUFFICIENT_COVERAGE,"Wait recommended because available and inbound supply are sufficient for projected demand, and current stockout risk is Low (0.00).",OPEN_PO_EXISTS; OPEN_SO_EXISTS,Pending,
290,2026-03-08,6778,TC70020IT,937,20143.0,Low,0.0,WAIT,0,0,,20143.0,0.0,0.0,0.0,Naive Bayes + Rule-Based Planning,SUFFICIENT_COVERAGE,"Wait recommended because available and inbound supply are sufficient for projected demand, and current stockout risk is Low (0.00).",HIGH_CRITICALITY; OPEN_PO_EXISTS; OPEN_SO_EXISTS,Pending,
291,2026-03-08,6781,TC70135SS,415,6985.0,Low,3.0356551070385722e-145,WAIT,0,0,,6985.0,0.0,0.0,0.0,Naive Bayes + Rule-Based Planning,SUFFICIENT_COVERAGE,"Wait recommended because available and inbound supply are sufficient for projected demand, and current stockout risk is Low (0.00).",HIGH_CRITICALITY; OPEN_PO_EXISTS; OPEN_SO_EXISTS,Pending,
292,2026-03-08,6782,TC71420S,966,4143.0,Low,1.782425904732117e-41,WAIT,0,0,,3651.4576271186443,0.0,0.0,0.0,Naive Bayes + Rule-Based Planning,SUFFICIENT_COVERAGE,"Wait recommended because available and inbound supply are sufficient for projected demand, and current stockout risk is Low (0.00).",HIGH_CRITICALITY; OPEN_PO_EXISTS; OPEN_SO_EXISTS,Pending,
293,2026-03-08,6784,GS015-BK-1,97,297.0,Low,3.298931158885436e-06,WAIT,0,0,,999.0,0.0,0.0,0.0,Naive Bayes + Rule-Based Planning,SUFFICIENT_COVERAGE,"Wait recommended because available and inbound supply are sufficient for projected demand, and current stockout risk is Low (0.00).",OPEN_PO_EXISTS,Pending,
294,2026-03-08,7001,23102,0,7400.0,Low,3.888009826312483e-06,WAIT,0,0,,999.0,0.0,0.0,0.0,Naive Bayes + Rule-Based Planning,SUFFICIENT_COVERAGE,"Wait recommended because available and inbound supply are sufficient for projected demand, and current stockout risk is Low (0.00).",HIGH_CRITICALITY; OPEN_PO_EXISTS,Pending,
295,2026-03-08,7102,TC70018EW,281,2979.0,Low,0.0009730471524123523,REORDER,1500,3,2026-07-06,139.96875,2625.0,0.0,2625.0,Naive Bayes + Rule-Based Planning,REORDER_TRIGGER,"Reorder recommended because net available inventory (2979.0) is at or below the reorder trigger, stockout risk is Low (0.00), and MOQ rules require an order quantity of 1500 units.",MOQ_APPLIED; OPEN_PO_EXISTS; OPEN_SO_EXISTS,Pending,
296,2026-03-08,7103,1715-16EWG,0,4401.0,Low,3.698863039135909e-06,WAIT,0,0,,999.0,0.0,0.0,0.0,Naive Bayes + Rule-Based Planning,SUFFICIENT_COVERAGE,"Wait recommended because available and inbound supply are sufficient for projected demand, and current stockout risk is Low (0.00).",HIGH_CRITICALITY; OPEN_PO_EXISTS,Pending,
297,2026-03-08,7352,RB80419,21,121.0,Low,0.0007804078563514649,REORDER,500,1,2026-07-06,621.0,25.0,0.0,25.0,Naive Bayes + Rule-Based Planning,REORDER_TRIGGER,"Reorder recommended because net available inventory (121.0) is at or below the reorder trigger, stockout risk is Low (0.00), and MOQ rules require an order quantity of 500 units.",MOQ_APPLIED; OPEN_PO_EXISTS,Pending,
298,2026-03-08,7681,1304-14GC,574,16612.0,Low,0.0005389793944521323,WAIT,0,0,,256.19987661937074,0.0,0.0,0.0,Naive Bayes + Rule-Based Planning,SUFFICIENT_COVERAGE,"Wait recommended because available and inbound supply are sufficient for projected demand, and current stockout risk is Low (0.00).",HIGH_CRITICALITY; OPEN_PO_EXISTS; OPEN_SO_EXISTS,Pending,
299,2026-03-08,7698,LCS0620-CHAIN,56,1176.0,High,0.9999997220020975,REORDER,0,0,2026-06-06,862.4000000000001,0.0,0.0,0.0,Naive Bayes + Rule-Based Planning,REORDER_TRIGGER,"Reorder recommended because net available inventory (1176.0) is at or below the reorder trigger, stockout risk is High (1.00), and MOQ rules require an order quantity of 0 units.",HIGH_CRITICALITY; OPEN_PO_EXISTS,Pending,
300,2026-03-08,7703,304-14CR,947,5148.0,Low,7.004653252528952e-80,WAIT,0,0,,5148.0,0.0,0.0,0.0,Naive Bayes + Rule-Based Planning,SUFFICIENT_COVERAGE,"Wait recommended because available and inbound supply are sufficient for projected demand, and current stockout risk is Low (0.00).",HIGH_CRITICALITY; OPEN_PO_EXISTS; OPEN_SO_EXISTS,Pending,
301,2026-03-08,7710,1816-16CR,1188,3528.0,Low,5.588577516442541e-39,WAIT,0,0,,3528.0,0.0,0.0,0.0,Naive Bayes + Rule-Based Planning,SUFFICIENT_COVERAGE,"Wait recommended because available and inbound supply are sufficient for projected demand, and current stockout risk is Low (0.00).",OPEN_PO_EXISTS,Pending,
302,2026-03-08,7711,1816-18CR,450,2848.0,Low,2.752734474716496e-26,WAIT,0,0,,2848.0,0.0,0.0,0.0,Naive Bayes + Rule-Based Planning,SUFFICIENT_COVERAGE,"Wait recommended because available and inbound supply are sufficient for projected demand, and current stockout risk is Low (0.00).",HIGH_CRITICALITY; OPEN_PO_EXISTS; OPEN_SO_EXISTS,Pending,
303,2026-03-08,7716,1725-16GC,2497,12998.0,Low,0.0,WAIT,0,0,,12935.207729468599,0.0,0.0,0.0,Naive Bayes + Rule-Based Planning,SUFFICIENT_COVERAGE,"Wait recommended because available and inbound supply are sufficient for projected demand, and current stockout risk is Low (0.00).",HIGH_CRITICALITY; OPEN_PO_EXISTS; OPEN_SO_EXISTS,Pending,
304,2026-03-08,7726,LRK002G,0,4236.0,Low,3.685895879222177e-06,WAIT,0,0,,999.0,0.0,0.0,0.0,Naive Bayes + Rule-Based Planning,SUFFICIENT_COVERAGE,"Wait recommended because available and inbound supply are sufficient for projected demand, and current stockout risk is Low (0.00).",HIGH_CRITICALITY; OPEN_PO_EXISTS,Pending,
305,2026-03-08,7728,GS001G,0,756.0,Low,3.359474719874572e-06,REORDER,500,1,2026-07-06,999.0,375.0,0.0,375.0,Naive Bayes + Rule-Based Planning,REORDER_TRIGGER,"Reorder recommended because net available inventory (756.0) is at or below the reorder trigger, stockout risk is Low (0.00), and MOQ rules require an order quantity of 500 units.",MOQ_APPLIED; HIGH_CRITICALITY; OPEN_PO_EXISTS,Pending,
306,2026-03-08,7731,304-16BD,552,1376.0,Low,1.4944156784065327e-08,WAIT,0,0,,1376.0,0.0,0.0,0.0,Naive Bayes + Rule-Based Planning,SUFFICIENT_COVERAGE,"Wait recommended because available and inbound supply are sufficient for projected demand, and current stockout risk is Low (0.00).",OPEN_PO_EXISTS; OPEN_SO_EXISTS,Pending,
307,2026-03-08,7740,1895ALM,425,3198.0,Low,2.2056296888249282e-32,WAIT,0,0,,3198.0,0.0,0.0,0.0,Naive Bayes + Rule-Based Planning,SUFFICIENT_COVERAGE,"Wait recommended because available and inbound supply are sufficient for projected demand, and current stockout risk is Low (0.00).",HIGH_CRITICALITY; OPEN_PO_EXISTS; OPEN_SO_EXISTS,Pending,
308,2026-03-08,7745,SN70016-1,0,13270.0,Low,3.9706333193275e-06,WAIT,0,0,,999.0,0.0,0.0,0.0,Naive Bayes + Rule-Based Planning,SUFFICIENT_COVERAGE,"Wait recommended because available and inbound supply are sufficient for projected demand, and current stockout risk is Low (0.00).",HIGH_CRITICALITY; OPEN_PO_EXISTS,Pending,
309,2026-03-08,7746,SN71012-1,0,1920.0,Low,3.4790758940293894e-06,WAIT,0,0,,999.0,0.0,0.0,0.0,Naive Bayes + Rule-Based Planning,SUFFICIENT_COVERAGE,"Wait recommended because available and inbound supply are sufficient for projected demand, and current stockout risk is Low (0.00).",OPEN_PO_EXISTS,Pending,
310,2026-03-08,7751,WD001,0,111240.0,High,1.0,EXPEDITE,1030500,2061,2026-07-06,120.13257575757575,772875.0,0.0,772875.0,Naive Bayes + Rule-Based Planning,HIGH_RISK_LATE_INBOUND,"Expedite recommended because stockout risk is High (1.00), net available inventory is below lead-time demand, and existing inbound supply arrives too late.",MOQ_APPLIED; HIGH_CRITICALITY; OPEN_PO_EXISTS,Pending,
311,2026-03-08,7755,BDRPS205MS,0,44916.0,Low,7.754981394491552e-07,WAIT,0,0,,999.0,0.0,0.0,0.0,Naive Bayes + Rule-Based Planning,SUFFICIENT_COVERAGE,"Wait recommended because available and inbound supply are sufficient for projected demand, and current stockout risk is Low (0.00).",HIGH_CRITICALITY; OPEN_PO_EXISTS,Pending,
312,2026-03-08,7756,BDRPS206MS,0,44118.0,Low,8.379029767248352e-07,WAIT,0,0,,999.0,0.0,0.0,0.0,Naive Bayes + Rule-Based Planning,SUFFICIENT_COVERAGE,"Wait recommended because available and inbound supply are sufficient for projected demand, and current stockout risk is Low (0.00).",HIGH_CRITICALITY; OPEN_PO_EXISTS,Pending,
313,2026-03-08,7757,BDRPS207MS,1,27229.0,Low,2.778127736176084e-06,WAIT,0,0,,999.0,0.0,0.0,0.0,Naive Bayes + Rule-Based Planning,SUFFICIENT_COVERAGE,"Wait recommended because available and inbound supply are sufficient for projected demand, and current stockout risk is Low (0.00).",HIGH_CRITICALITY; OPEN_PO_EXISTS,Pending,
314,2026-03-08,7758,BDTS205MS,2,33692.0,Low,1.9392255198694174e-06,WAIT,0,0,,999.0,0.0,0.0,0.0,Naive Bayes + Rule-Based Planning,SUFFICIENT_COVERAGE,"Wait recommended because available and inbound supply are sufficient for projected demand, and current stockout risk is Low (0.00).",HIGH_CRITICALITY; OPEN_PO_EXISTS,Pending,
315,2026-03-08,7759,BDTS206MS,0,31290.0,Low,2.248295509496247e-06,WAIT,0,0,,999.0,0.0,0.0,0.0,Naive Bayes + Rule-Based Planning,SUFFICIENT_COVERAGE,"Wait recommended because available and inbound supply are sufficient for projected demand, and current stockout risk is Low (0.00).",HIGH_CRITICALITY; OPEN_PO_EXISTS,Pending,
316,2026-03-08,7760,BDTS207MS,1,24685.0,Low,3.0943885803419612e-06,WAIT,0,0,,999.0,0.0,0.0,0.0,Naive Bayes + Rule-Based Planning,SUFFICIENT_COVERAGE,"Wait recommended because available and inbound supply are sufficient for projected demand, and current stockout risk is Low (0.00).",HIGH_CRITICALITY; OPEN_PO_EXISTS,Pending,
317,2026-03-08,7761,BDGS201MS,0,38418.0,Low,1.3791853088172622e-06,WAIT,0,0,,999.0,0.0,0.0,0.0,Naive Bayes + Rule-Based Planning,SUFFICIENT_COVERAGE,"Wait recommended because available and inbound supply are sufficient for projected demand, and current stockout risk is Low (0.00).",HIGH_CRITICALITY; OPEN_PO_EXISTS,Pending,
318,2026-03-08,7762,BDGS202MS,0,31626.0,Low,2.2044856572827898e-06,WAIT,0,0,,999.0,0.0,0.0,0.0,Naive Bayes + Rule-Based Planning,SUFFICIENT_COVERAGE,"Wait recommended because available and inbound supply are sufficient for projected demand, and current stockout risk is Low (0.00).",HIGH_CRITICALITY; OPEN_PO_EXISTS,Pending,
319,2026-03-08,7763,BDGS203MS,0,24588.0,Low,3.10586163645322e-06,WAIT,0,0,,999.0,0.0,0.0,0.0,Naive Bayes + Rule-Based Planning,SUFFICIENT_COVERAGE,"Wait recommended because available and inbound supply are sufficient for projected demand, and current stockout risk is Low (0.00).",HIGH_CRITICALITY; OPEN_PO_EXISTS,Pending,
320,2026-03-08,7764,BDPHD102MS,80,16080.0,Low,3.867793482706192e-06,WAIT,0,0,,999.0,0.0,0.0,0.0,Naive Bayes + Rule-Based Planning,SUFFICIENT_COVERAGE,"Wait recommended because available and inbound supply are sufficient for projected demand, and current stockout risk is Low (0.00).",HIGH_CRITICALITY; OPEN_PO_EXISTS,Pending,
321,2026-03-08,7765,BDPHD204MS,1,16877.0,Low,3.825087679739396e-06,WAIT,0,0,,999.0,0.0,0.0,0.0,Naive Bayes + Rule-Based Planning,SUFFICIENT_COVERAGE,"Wait recommended because available and inbound supply are sufficient for projected demand, and current stockout risk is Low (0.00).",HIGH_CRITICALITY; OPEN_PO_EXISTS,Pending,
322,2026-03-08,7766,BDST101MS,24,21120.0,Low,3.4871933377415995e-06,WAIT,0,0,,999.0,0.0,0.0,0.0,Naive Bayes + Rule-Based Planning,SUFFICIENT_COVERAGE,"Wait recommended because available and inbound supply are sufficient for projected demand, and current stockout risk is Low (0.00).",HIGH_CRITICALITY; OPEN_PO_EXISTS,Pending,
323,2026-03-08,7767,BDST116MS,1,36619.0,Low,1.5824626976253998e-06,WAIT,0,0,,999.0,0.0,0.0,0.0,Naive Bayes + Rule-Based Planning,SUFFICIENT_COVERAGE,"Wait recommended because available and inbound supply are sufficient for projected demand, and current stockout risk is Low (0.00).",HIGH_CRITICALITY; OPEN_PO_EXISTS,Pending,
324,2026-03-08,7769,BDLRK102MS,1,52615.0,Low,3.33828830744858e-07,WAIT,0,0,,999.0,0.0,0.0,0.0,Naive Bayes + Rule-Based Planning,SUFFICIENT_COVERAGE,"Wait recommended because available and inbound supply are sufficient for projected demand, and current stockout risk is Low (0.00).",HIGH_CRITICALITY; OPEN_PO_EXISTS,Pending,
325,2026-03-08,7770,BDBRK204MS,0,63708.0,Low,7.291778167624648e-08,WAIT,0,0,,999.0,0.0,0.0,0.0,Naive Bayes + Rule-Based Planning,SUFFICIENT_COVERAGE,"Wait recommended because available and inbound supply are sufficient for projected demand, and current stockout risk is Low (0.00).",HIGH_CRITICALITY; OPEN_PO_EXISTS,Pending,
326,2026-03-08,7771,BDST216MS,0,34554.0,Low,1.831167527533216e-06,WAIT,0,0,,999.0,0.0,0.0,0.0,Naive Bayes + Rule-Based Planning,SUFFICIENT_COVERAGE,"Wait recommended because available and inbound supply are sufficient for projected demand, and current stockout risk is Low (0.00).",HIGH_CRITICALITY; OPEN_PO_EXISTS,Pending,
327,2026-03-08,7772,RM16-Classic-HK,1,21.0,Low,3.27933062493447e-06,REORDER,1000,1,2026-07-06,999.0,20.0,0.0,20.0,Naive Bayes + Rule-Based Planning,REORDER_TRIGGER,"Reorder recommended because net available inventory (21.0) is at or below the reorder trigger, stockout risk is Low (0.00), and MOQ rules require an order quantity of 1000 units.",MOQ_APPLIED; HIGH_CRITICALITY; OPEN_PO_EXISTS,Pending,
328,2026-03-08,7777,BDST210MS,0,17634.0,Low,3.7767267658915816e-06,WAIT,0,0,,999.0,0.0,0.0,0.0,Naive Bayes + Rule-Based Planning,SUFFICIENT_COVERAGE,"Wait recommended because available and inbound supply are sufficient for projected demand, and current stockout risk is Low (0.00).",HIGH_CRITICALITY; OPEN_PO_EXISTS,Pending,
329,2026-03-08,7778,BDST211MS,0,23706.0,Low,3.209047174276754e-06,WAIT,0,0,,999.0,0.0,0.0,0.0,Naive Bayes + Rule-Based Planning,SUFFICIENT_COVERAGE,"Wait recommended because available and inbound supply are sufficient for projected demand, and current stockout risk is Low (0.00).",HIGH_CRITICALITY; OPEN_PO_EXISTS,Pending,
330,2026-03-08,7779,BDST227MS,0,24900.0,Low,3.0684785599111226e-06,WAIT,0,0,,999.0,0.0,0.0,0.0,Naive Bayes + Rule-Based Planning,SUFFICIENT_COVERAGE,"Wait recommended because available and inbound supply are sufficient for projected demand, and current stockout risk is Low (0.00).",HIGH_CRITICALITY; OPEN_PO_EXISTS,Pending,
331,2026-03-08,7780,BDGS004MS,0,21468.0,Low,3.4508895230117577e-06,WAIT,0,0,,999.0,0.0,0.0,0.0,Naive Bayes + Rule-Based Planning,SUFFICIENT_COVERAGE,"Wait recommended because available and inbound supply are sufficient for projected demand, and current stockout risk is Low (0.00).",HIGH_CRITICALITY; OPEN_PO_EXISTS,Pending,
332,2026-03-08,7781,BDBRK006MS,0,19326.0,Low,3.6487019157998364e-06,WAIT,0,0,,999.0,0.0,0.0,0.0,Naive Bayes + Rule-Based Planning,SUFFICIENT_COVERAGE,"Wait recommended because available and inbound supply are sufficient for projected demand, and current stockout risk is Low (0.00).",HIGH_CRITICALITY; OPEN_PO_EXISTS,Pending,
333,2026-03-08,7782,BDST026MS,0,20934.0,Low,3.503600140234751e-06,WAIT,0,0,,999.0,0.0,0.0,0.0,Naive Bayes + Rule-Based Planning,SUFFICIENT_COVERAGE,"Wait recommended because available and inbound supply are sufficient for projected demand, and current stockout risk is Low (0.00).",HIGH_CRITICALITY; OPEN_PO_EXISTS,Pending,
334,2026-03-08,7783,BDST027MS,0,31398.0,Low,2.2342005763222326e-06,WAIT,0,0,,999.0,0.0,0.0,0.0,Naive Bayes + Rule-Based Planning,SUFFICIENT_COVERAGE,"Wait recommended because available and inbound supply are sufficient for projected demand, and current stockout risk is Low (0.00).",HIGH_CRITICALITY; OPEN_PO_EXISTS,Pending,
335,2026-03-08,7784,BDST028MS,0,16356.0,Low,3.854811112451591e-06,WAIT,0,0,,999.0,0.0,0.0,0.0,Naive Bayes + Rule-Based Planning,SUFFICIENT_COVERAGE,"Wait recommended because available and inbound supply are sufficient for projected demand, and current stockout risk is Low (0.00).",HIGH_CRITICALITY; OPEN_PO_EXISTS,Pending,
336,2026-03-08,7785,BDST013MS,0,20088.0,Low,3.5826026876054675e-06,WAIT,0,0,,999.0,0.0,0.0,0.0,Naive Bayes + Rule-Based Planning,SUFFICIENT_COVERAGE,"Wait recommended because available and inbound supply are sufficient for projected demand, and current stockout risk is Low (0.00).",HIGH_CRITICALITY; OPEN_PO_EXISTS,Pending,
337,2026-03-08,7786,BDST226MS,0,25032.0,Low,3.0525352135445708e-06,WAIT,0,0,,999.0,0.0,0.0,0.0,Naive Bayes + Rule-Based Planning,SUFFICIENT_COVERAGE,"Wait recommended because available and inbound supply are sufficient for projected demand, and current stockout risk is Low (0.00).",HIGH_CRITICALITY; OPEN_PO_EXISTS,Pending,
338,2026-03-08,7795,1716-18EWGC,0,1545.0,Low,3.4415844901185216e-06,WAIT,0,0,,999.0,0.0,0.0,0.0,Naive Bayes + Rule-Based Planning,SUFFICIENT_COVERAGE,"Wait recommended because available and inbound supply are sufficient for projected demand, and current stockout risk is Low (0.00).",HIGH_CRITICALITY; OPEN_PO_EXISTS,Pending,
339,2026-03-08,7802,GT-ST023,0,10146.0,Low,1.5171471021847334e-05,WAIT,0,0,,999.0,0.0,0.0,0.0,Naive Bayes + Rule-Based Planning,SUFFICIENT_COVERAGE,"Wait recommended because available and inbound supply are sufficient for projected demand, and current stockout risk is Low (0.00).",HIGH_CRITICALITY; OPEN_PO_EXISTS; OPEN_SO_EXISTS,Pending,
340,2026-03-08,7803,GT-TS001,0,17850.0,Low,3.7619002395006427e-06,WAIT,0,0,,999.0,0.0,0.0,0.0,Naive Bayes + Rule-Based Planning,SUFFICIENT_COVERAGE,"Wait recommended because available and inbound supply are sufficient for projected demand, and current stockout risk is Low (0.00).",HIGH_CRITICALITY; OPEN_PO_EXISTS,Pending,
341,2026-03-08,7804,GT-BRK203,0,20190.0,Low,3.573382807770117e-06,WAIT,0,0,,999.0,0.0,0.0,0.0,Naive Bayes + Rule-Based Planning,SUFFICIENT_COVERAGE,"Wait recommended because available and inbound supply are sufficient for projected demand, and current stockout risk is Low (0.00).",HIGH_CRITICALITY; OPEN_PO_EXISTS,Pending,
342,2026-03-08,7805,GT-GS202,0,13146.0,Low,8.21721627169524e-06,WAIT,0,0,,999.0,0.0,0.0,0.0,Naive Bayes + Rule-Based Planning,SUFFICIENT_COVERAGE,"Wait recommended because available and inbound supply are sufficient for projected demand, and current stockout risk is Low (0.00).",HIGH_CRITICALITY; OPEN_PO_EXISTS; OPEN_SO_EXISTS,Pending,
343,2026-03-08,7806,GT-PHD205,0,11980.0,Low,2.1403905914001456e-05,WAIT,0,0,,999.0,0.0,0.0,0.0,Naive Bayes + Rule-Based Planning,SUFFICIENT_COVERAGE,"Wait recommended because available and inbound supply are sufficient for projected demand, and current stockout risk is Low (0.00).",HIGH_CRITICALITY; OPEN_PO_EXISTS; OPEN_SO_EXISTS,Pending,
344,2026-03-08,7807,GT-RPS204,0,17544.0,Low,4.018772896801545e-06,WAIT,0,0,,999.0,0.0,0.0,0.0,Naive Bayes + Rule-Based Planning,SUFFICIENT_COVERAGE,"Wait recommended because available and inbound supply are sufficient for projected demand, and current stockout risk is Low (0.00).",HIGH_CRITICALITY; OPEN_PO_EXISTS; OPEN_SO_EXISTS,Pending,
345,2026-03-08,7808,GT-RPS202,0,24150.0,Low,2.1629634874510557e-05,WAIT,0,0,,999.0,0.0,0.0,0.0,Naive Bayes + Rule-Based Planning,SUFFICIENT_COVERAGE,"Wait recommended because available and inbound supply are sufficient for projected demand, and current stockout risk is Low (0.00).",HIGH_CRITICALITY; OPEN_PO_EXISTS; OPEN_SO_EXISTS,Pending,
346,2026-03-08,7809,GT-ST209,0,13356.0,Low,3.96886502376907e-06,WAIT,0,0,,999.0,0.0,0.0,0.0,Naive Bayes + Rule-Based Planning,SUFFICIENT_COVERAGE,"Wait recommended because available and inbound supply are sufficient for projected demand, and current stockout risk is Low (0.00).",HIGH_CRITICALITY; OPEN_PO_EXISTS,Pending,
347,2026-03-08,7810,GT-ST211,0,20808.0,Low,0.0012688528669706734,WAIT,0,0,,999.0,0.0,0.0,0.0,Naive Bayes + Rule-Based Planning,SUFFICIENT_COVERAGE,"Wait recommended because available and inbound supply are sufficient for projected demand, and current stockout risk is Low (0.00).",HIGH_CRITICALITY; OPEN_PO_EXISTS; OPEN_SO_EXISTS,Pending,
348,2026-03-08,7811,GT-ST212,0,15954.0,Low,4.120534003923857e-06,WAIT,0,0,,999.0,0.0,0.0,0.0,Naive Bayes + Rule-Based Planning,SUFFICIENT_COVERAGE,"Wait recommended because available and inbound supply are sufficient for projected demand, and current stockout risk is Low (0.00).",HIGH_CRITICALITY; OPEN_PO_EXISTS; OPEN_SO_EXISTS,Pending,
349,2026-03-08,7812,GT-ST217,0,11634.0,Low,4.846141495495649e-06,WAIT,0,0,,999.0,0.0,0.0,0.0,Naive Bayes + Rule-Based Planning,SUFFICIENT_COVERAGE,"Wait recommended because available and inbound supply are sufficient for projected demand, and current stockout risk is Low (0.00).",HIGH_CRITICALITY; OPEN_PO_EXISTS; OPEN_SO_EXISTS,Pending,
350,2026-03-08,7815,GT-ST226,0,13740.0,Low,3.959927464064699e-06,WAIT,0,0,,999.0,0.0,0.0,0.0,Naive Bayes + Rule-Based Planning,SUFFICIENT_COVERAGE,"Wait recommended because available and inbound supply are sufficient for projected demand, and current stockout risk is Low (0.00).",HIGH_CRITICALITY; OPEN_PO_EXISTS,Pending,
351,2026-03-08,7816,GT-TS202,0,18066.0,Low,4.120678420521616e-06,WAIT,0,0,,999.0,0.0,0.0,0.0,Naive Bayes + Rule-Based Planning,SUFFICIENT_COVERAGE,"Wait recommended because available and inbound supply are sufficient for projected demand, and current stockout risk is Low (0.00).",HIGH_CRITICALITY; OPEN_PO_EXISTS; OPEN_SO_EXISTS,Pending,
352,2026-03-08,7818,GT-MRP001,0,43740.0,Low,8.686236729655431e-07,WAIT,0,0,,999.0,0.0,0.0,0.0,Naive Bayes + Rule-Based Planning,SUFFICIENT_COVERAGE,"Wait recommended because available and inbound supply are sufficient for projected demand, and current stockout risk is Low (0.00).",HIGH_CRITICALITY; OPEN_PO_EXISTS,Pending,
353,2026-03-08,7819,GT-ST405,0,24180.0,Low,3.1540719180880927e-06,WAIT,0,0,,999.0,0.0,0.0,0.0,Naive Bayes + Rule-Based Planning,SUFFICIENT_COVERAGE,"Wait recommended because available and inbound supply are sufficient for projected demand, and current stockout risk is Low (0.00).",HIGH_CRITICALITY; OPEN_PO_EXISTS,Pending,
354,2026-03-08,7820,GT-BRK406,0,52542.0,Low,3.3675846964891793e-07,WAIT,0,0,,999.0,0.0,0.0,0.0,Naive Bayes + Rule-Based Planning,SUFFICIENT_COVERAGE,"Wait recommended because available and inbound supply are sufficient for projected demand, and current stockout risk is Low (0.00).",HIGH_CRITICALITY; OPEN_PO_EXISTS,Pending,
355,2026-03-08,7821,GT-RPS402,0,60372.0,Low,1.1968679075899164e-07,WAIT,0,0,,999.0,0.0,0.0,0.0,Naive Bayes + Rule-Based Planning,SUFFICIENT_COVERAGE,"Wait recommended because available and inbound supply are sufficient for projected demand, and current stockout risk is Low (0.00).",HIGH_CRITICALITY; OPEN_PO_EXISTS,Pending,
356,2026-03-08,7822,GT-TS402,0,46668.0,Low,6.500242062543792e-07,WAIT,0,0,,999.0,0.0,0.0,0.0,Naive Bayes + Rule-Based Planning,SUFFICIENT_COVERAGE,"Wait recommended because available and inbound supply are sufficient for projected demand, and current stockout risk is Low (0.00).",HIGH_CRITICALITY; OPEN_PO_EXISTS,Pending,
357,2026-03-08,7898,MRP001EW,-2412,9696.0,Low,5.686437372970896e-07,WAIT,0,0,,999.0,0.0,0.0,0.0,Naive Bayes + Rule-Based Planning,SUFFICIENT_COVERAGE,"Wait recommended because available and inbound supply are sufficient for projected demand, and current stockout risk is Low (0.00).",HIGH_CRITICALITY; OPEN_PO_EXISTS,Pending,
358,2026-03-08,7899,LRK208EW,-1098,4758.0,Low,2.4935434200709757e-06,WAIT,0,0,,999.0,0.0,0.0,0.0,Naive Bayes + Rule-Based Planning,SUFFICIENT_COVERAGE,"Wait recommended because available and inbound supply are sufficient for projected demand, and current stockout risk is Low (0.00).",HIGH_CRITICALITY; OPEN_PO_EXISTS,Pending,
359,2026-03-08,7900,LRK206EW,-2340,8010.0,Low,6.321081935315715e-07,WAIT,0,0,,999.0,0.0,0.0,0.0,Naive Bayes + Rule-Based Planning,SUFFICIENT_COVERAGE,"Wait recommended because available and inbound supply are sufficient for projected demand, and current stockout risk is Low (0.00).",HIGH_CRITICALITY; OPEN_PO_EXISTS,Pending,
360,2026-03-08,7901,BRK204EW,-2880,10074.0,High,1.0,EXPEDITE,337000,674,2026-07-06,120.51180555555555,252750.0,0.0,252750.0,Naive Bayes + Rule-Based Planning,HIGH_RISK_LATE_INBOUND,"Expedite recommended because stockout risk is High (1.00), net available inventory is below lead-time demand, and existing inbound supply arrives too late.",MOQ_APPLIED; HIGH_CRITICALITY; OPEN_PO_EXISTS,Pending,
361,2026-03-08,7902,TS201EW,-1278,5190.0,Low,2.1808473112526773e-06,WAIT,0,0,,999.0,0.0,0.0,0.0,Naive Bayes + Rule-Based Planning,SUFFICIENT_COVERAGE,"Wait recommended because available and inbound supply are sufficient for projected demand, and current stockout risk is Low (0.00).",HIGH_CRITICALITY; OPEN_PO_EXISTS,Pending,
362,2026-03-08,7903,RPS201EW,-2046,8310.0,Low,9.70895122691809e-07,WAIT,0,0,,999.0,0.0,0.0,0.0,Naive Bayes + Rule-Based Planning,SUFFICIENT_COVERAGE,"Wait recommended because available and inbound supply are sufficient for projected demand, and current stockout risk is Low (0.00).",HIGH_CRITICALITY; OPEN_PO_EXISTS,Pending,
363,2026-03-08,7904,ST216EW,-1404,5106.0,Low,1.9473170486306613e-06,WAIT,0,0,,999.0,0.0,0.0,0.0,Naive Bayes + Rule-Based Planning,SUFFICIENT_COVERAGE,"Wait recommended because available and inbound supply are sufficient for projected demand, and current stockout risk is Low (0.00).",HIGH_CRITICALITY; OPEN_PO_EXISTS,Pending,
364,2026-03-08,7905,ELF001,-3150,10122.0,Low,1.46045511913492e-07,WAIT,0,0,,999.0,0.0,0.0,0.0,Naive Bayes + Rule-Based Planning,SUFFICIENT_COVERAGE,"Wait recommended because available and inbound supply are sufficient for projected demand, and current stockout risk is Low (0.00).",HIGH_CRITICALITY; OPEN_PO_EXISTS,Pending,
365,2026-03-08,7906,LSTM2012-4S,0,0.0,High,0.9999986438666001,REORDER,500,1,2026-06-06,999.0,750.0,0.0,750.0,Naive Bayes + Rule-Based Planning,REORDER_TRIGGER,"Reorder recommended because net available inventory (0.0) is at or below the reorder trigger, stockout risk is High (1.00), and MOQ rules require an order quantity of 500 units.",MOQ_APPLIED,Pending,
366,2026-03-08,7911,GS005G,0,1296.0,Low,3.4161327374055474e-06,WAIT,0,0,,999.0,0.0,0.0,0.0,Naive Bayes + Rule-Based Planning,SUFFICIENT_COVERAGE,"Wait recommended because available and inbound supply are sufficient for projected demand, and current stockout risk is Low (0.00).",HIGH_CRITICALITY; OPEN_PO_EXISTS,Pending,
367,2026-03-08,7912,ST031G,0,1248.0,Low,3.411176517934758e-06,WAIT,0,0,,999.0,0.0,0.0,0.0,Naive Bayes + Rule-Based Planning,SUFFICIENT_COVERAGE,"Wait recommended because available and inbound supply are sufficient for projected demand, and current stockout risk is Low (0.00).",HIGH_CRITICALITY; OPEN_PO_EXISTS,Pending,
368,2026-03-08,7913,6GPNSH-1,0,500.0,High,1.0,REORDER,500,1,2026-04-22,999.0,1000.0,0.0,1000.0,Naive Bayes + Rule-Based Planning,REORDER_TRIGGER,"Reorder recommended because net available inventory (500.0) is at or below the reorder trigger, stockout risk is High (1.00), and MOQ rules require an order quantity of 500 units.",MOQ_APPLIED; LOW_RELIABILITY_SUPPLIER; HIGH_CRITICALITY; OPEN_PO_EXISTS,Pending,
369,2026-03-08,7920,BDTSRP33STL,0,19524.0,Low,3.6320067727806994e-06,WAIT,0,0,,999.0,0.0,0.0,0.0,Naive Bayes + Rule-Based Planning,SUFFICIENT_COVERAGE,"Wait recommended because available and inbound supply are sufficient for projected demand, and current stockout risk is Low (0.00).",HIGH_CRITICALITY; OPEN_PO_EXISTS,Pending,
370,2026-03-08,7921,BDTTSP33STL,6,14460.0,Low,3.939009079601046e-06,WAIT,0,0,,999.0,0.0,0.0,0.0,Naive Bayes + Rule-Based Planning,SUFFICIENT_COVERAGE,"Wait recommended because available and inbound supply are sufficient for projected demand, and current stockout risk is Low (0.00).",HIGH_CRITICALITY; OPEN_PO_EXISTS,Pending,
371,2026-03-08,7922,BDPLR26TSTL,1,17227.0,Low,3.803488750563447e-06,WAIT,0,0,,999.0,0.0,0.0,0.0,Naive Bayes + Rule-Based Planning,SUFFICIENT_COVERAGE,"Wait recommended because available and inbound supply are sufficient for projected demand, and current stockout risk is Low (0.00).",HIGH_CRITICALITY; OPEN_PO_EXISTS,Pending,
372,2026-03-08,7923,BDPLR30TSTL,0,12174.0,Low,3.985634976554729e-06,WAIT,0,0,,999.0,0.0,0.0,0.0,Naive Bayes + Rule-Based Planning,SUFFICIENT_COVERAGE,"Wait recommended because available and inbound supply are sufficient for projected demand, and current stockout risk is Low (0.00).",HIGH_CRITICALITY; OPEN_PO_EXISTS,Pending,
373,2026-03-08,7924,BDSFR25TSTL,0,6036.0,Low,3.8133021279660523e-06,WAIT,0,0,,999.0,0.0,0.0,0.0,Naive Bayes + Rule-Based Planning,SUFFICIENT_COVERAGE,"Wait recommended because available and inbound supply are sufficient for projected demand, and current stockout risk is Low (0.00).",HIGH_CRITICALITY; OPEN_PO_EXISTS,Pending,
374,2026-03-08,7925,BDSSR11TSTL,0,7260.0,Low,3.881253252316752e-06,WAIT,0,0,,999.0,0.0,0.0,0.0,Naive Bayes + Rule-Based Planning,SUFFICIENT_COVERAGE,"Wait recommended because available and inbound supply are sufficient for projected demand, and current stockout risk is Low (0.00).",HIGH_CRITICALITY; OPEN_PO_EXISTS,Pending,
375,2026-03-08,7928,RM-GRIP,75,175.0,Low,3.2897565478544905e-06,REORDER,1000,1,2026-07-06,999.0,20.0,0.0,20.0,Naive Bayes + Rule-Based Planning,REORDER_TRIGGER,"Reorder recommended because net available inventory (175.0) is at or below the reorder trigger, stockout risk is Low (0.00), and MOQ rules require an order quantity of 1000 units.",MOQ_APPLIED; OPEN_PO_EXISTS,Pending,
376,2026-03-08,7929,LS21/26-JK,18,1316.0,Low,5.838009802220626e-06,WAIT,0,0,,954.0999999999999,0.0,0.0,0.0,Naive Bayes + Rule-Based Planning,SUFFICIENT_COVERAGE,"Wait recommended because available and inbound supply are sufficient for projected demand, and current stockout risk is Low (0.00).",HIGH_CRITICALITY; OPEN_PO_EXISTS; OPEN_SO_EXISTS,Pending,
377,2026-03-08,7930,RM-PAWL,149,149.0,Low,0.0007671644847802498,REORDER,1000,1,2026-07-06,1149.0,20.0,0.0,20.0,Naive Bayes + Rule-Based Planning,REORDER_TRIGGER,"Reorder recommended because net available inventory (149.0) is at or below the reorder trigger, stockout risk is Low (0.00), and MOQ rules require an order quantity of 1000 units.",MOQ_APPLIED,Pending,
378,2026-03-08,7936,1000LEW,-1500,3534.0,High,1.0,EXPEDITE,177500,355,2026-07-06,120.68933333333334,133125.0,0.0,133125.0,Naive Bayes + Rule-Based Planning,HIGH_RISK_LATE_INBOUND,"Expedite recommended because stockout risk is High (1.00), net available inventory is below lead-time demand, and existing inbound supply arrives too late.",MOQ_APPLIED; HIGH_CRITICALITY; OPEN_PO_EXISTS,Pending,
379,2026-03-08,7937,CF12HDW,0,12000.0,Low,3.986725602840093e-06,WAIT,0,0,,999.0,0.0,0.0,0.0,Naive Bayes + Rule-Based Planning,SUFFICIENT_COVERAGE,"Wait recommended because available and inbound supply are sufficient for projected demand, and current stockout risk is Low (0.00).",OPEN_PO_EXISTS,Pending,
380,2026-03-08,0,LSTM2012-4 : LSTM2012-4MW,0,0.0,Low,3.2770019659521374e-06,REORDER,500,1,2026-07-06,999.0,560.0,0.0,560.0,Naive Bayes + Rule-Based Planning,REORDER_TRIGGER,"Reorder recommended because net available inventory (0.0) is at or below the reorder trigger, stockout risk is Low (0.00), and MOQ rules require an order quantity of 500 units.",MOQ_APPLIED,Pending,
381,2026-03-08,7942,R-CSTC-R22,0,0.0,Low,3.2770019659521374e-06,REORDER,500,1,2026-07-06,999.0,375.0,0.0,375.0,Naive Bayes + Rule-Based Planning,REORDER_TRIGGER,"Reorder recommended because net available inventory (0.0) is at or below the reorder trigger, stockout risk is Low (0.00), and MOQ rules require an order quantity of 500 units.",MOQ_APPLIED,Pending,
382,2026-03-08,7943,RMC01-B01,1185,5940.0,Low,2.416075486692665e-06,WAIT,0,0,,999.0,0.0,0.0,0.0,Naive Bayes + Rule-Based Planning,SUFFICIENT_COVERAGE,"Wait recommended because available and inbound supply are sufficient for projected demand, and current stockout risk is Low (0.00).",HIGH_CRITICALITY; OPEN_PO_EXISTS,Pending,
383,2026-03-08,7944,ODP01-W01,0,0.0,Low,3.2770019659521374e-06,REORDER,500,1,2026-07-06,999.0,750.0,0.0,750.0,Naive Bayes + Rule-Based Planning,REORDER_TRIGGER,"Reorder recommended because net available inventory (0.0) is at or below the reorder trigger, stockout risk is Low (0.00), and MOQ rules require an order quantity of 500 units.",MOQ_APPLIED,Pending,
384,2026-03-08,7946,GS002G,0,504.0,Low,3.332378291849412e-06,WAIT,0,0,,999.0,0.0,0.0,0.0,Naive Bayes + Rule-Based Planning,SUFFICIENT_COVERAGE,"Wait recommended because available and inbound supply are sufficient for projected demand, and current stockout risk is Low (0.00).",OPEN_PO_EXISTS,Pending,
385,2026-03-08,7947,LRK005G,0,504.0,Low,3.332378291849412e-06,WAIT,0,0,,999.0,0.0,0.0,0.0,Naive Bayes + Rule-Based Planning,SUFFICIENT_COVERAGE,"Wait recommended because available and inbound supply are sufficient for projected demand, and current stockout risk is Low (0.00).",OPEN_PO_EXISTS,Pending,
386,2026-03-08,7952,GT-WD005,0,0.0,Low,3.2770019659521374e-06,REORDER,500,1,2026-07-06,999.0,375.0,0.0,375.0,Naive Bayes + Rule-Based Planning,REORDER_TRIGGER,"Reorder recommended because net available inventory (0.0) is at or below the reorder trigger, stockout risk is Low (0.00), and MOQ rules require an order quantity of 500 units.",MOQ_APPLIED,Pending,
387,2026-03-08,7953,TV-TS203,0,0.0,Low,3.2770019659521374e-06,REORDER,500,1,2026-07-06,999.0,375.0,0.0,375.0,Naive Bayes + Rule-Based Planning,REORDER_TRIGGER,"Reorder recommended because net available inventory (0.0) is at or below the reorder trigger, stockout risk is Low (0.00), and MOQ rules require an order quantity of 500 units.",MOQ_APPLIED,Pending,
388,2026-03-08,7954,TV-GS201,0,1524.0,Low,3.6797800436823118e-06,WAIT,0,0,,999.0,0.0,0.0,0.0,Naive Bayes + Rule-Based Planning,SUFFICIENT_COVERAGE,"Wait recommended because available and inbound supply are sufficient for projected demand, and current stockout risk is Low (0.00).",HIGH_CRITICALITY; OPEN_PO_EXISTS; OPEN_SO_EXISTS,Pending,
389,2026-03-08,7955,GT-TS003,0,1200.0,Low,3.6447236531423762e-06,WAIT,0,0,,999.0,0.0,0.0,0.0,Naive Bayes + Rule-Based Planning,SUFFICIENT_COVERAGE,"Wait recommended because available and inbound supply are sufficient for projected demand, and current stockout risk is Low (0.00).",OPEN_PO_EXISTS; OPEN_SO_EXISTS,Pending,
390,2026-03-08,7957,GT-RPS010,0,1800.0,Low,3.7090050466439736e-06,WAIT,0,0,,999.0,0.0,0.0,0.0,Naive Bayes + Rule-Based Planning,SUFFICIENT_COVERAGE,"Wait recommended because available and inbound supply are sufficient for projected demand, and current stockout risk is Low (0.00).",HIGH_CRITICALITY; OPEN_PO_EXISTS; OPEN_SO_EXISTS,Pending,
391,2026-03-08,7958,TV-TS201,0,3480.0,Low,6.24660321889698e-06,WAIT,0,0,,999.0,0.0,0.0,0.0,Naive Bayes + Rule-Based Planning,SUFFICIENT_COVERAGE,"Wait recommended because available and inbound supply are sufficient for projected demand, and current stockout risk is Low (0.00).",HIGH_CRITICALITY; OPEN_PO_EXISTS; OPEN_SO_EXISTS,Pending,
392,2026-03-08,7959,TV-RPS203,0,0.0,Low,3.2770019659521374e-06,REORDER,500,1,2026-07-06,999.0,375.0,0.0,375.0,Naive Bayes + Rule-Based Planning,REORDER_TRIGGER,"Reorder recommended because net available inventory (0.0) is at or below the reorder trigger, stockout risk is Low (0.00), and MOQ rules require an order quantity of 500 units.",MOQ_APPLIED,Pending,
393,2026-03-08,7960,TV-ST034,0,0.0,Low,3.2770019659521374e-06,REORDER,500,1,2026-07-06,999.0,375.0,0.0,375.0,Naive Bayes + Rule-Based Planning,REORDER_TRIGGER,"Reorder recommended because net available inventory (0.0) is at or below the reorder trigger, stockout risk is Low (0.00), and MOQ rules require an order quantity of 500 units.",MOQ_APPLIED,Pending,
394,2026-03-08,7961,TV-RPS201,0,9582.0,Low,4.509327539425033e-05,WAIT,0,0,,999.0,0.0,0.0,0.0,Naive Bayes + Rule-Based Planning,SUFFICIENT_COVERAGE,"Wait recommended because available and inbound supply are sufficient for projected demand, and current stockout risk is Low (0.00).",HIGH_CRITICALITY; OPEN_PO_EXISTS; OPEN_SO_EXISTS,Pending,
395,2026-03-08,7962,TV-BRK506,0,7890.0,Low,1.742512714266854e-05,WAIT,0,0,,999.0,0.0,0.0,0.0,Naive Bayes + Rule-Based Planning,SUFFICIENT_COVERAGE,"Wait recommended because available and inbound supply are sufficient for projected demand, and current stockout risk is Low (0.00).",HIGH_CRITICALITY; OPEN_PO_EXISTS; OPEN_SO_EXISTS,Pending,
396,2026-03-08,7963,GT-ST033,0,0.0,Low,3.2770019659521374e-06,REORDER,500,1,2026-07-06,999.0,375.0,0.0,375.0,Naive Bayes + Rule-Based Planning,REORDER_TRIGGER,"Reorder recommended because net available inventory (0.0) is at or below the reorder trigger, stockout risk is Low (0.00), and MOQ rules require an order quantity of 500 units.",MOQ_APPLIED,Pending,
397,2026-03-08,7964,GT-TS201,0,174.0,Low,3.2962936215840162e-06,REORDER,1000,2,2026-07-06,999.0,750.0,0.0,750.0,Naive Bayes + Rule-Based Planning,REORDER_TRIGGER,"Reorder recommended because net available inventory (174.0) is at or below the reorder trigger, stockout risk is Low (0.00), and MOQ rules require an order quantity of 1000 units.",MOQ_APPLIED; HIGH_CRITICALITY; OPEN_PO_EXISTS,Pending,
398,2026-03-08,7966,GT-BRK204,0,300.0,Low,3.3101502243813e-06,REORDER,500,1,2026-07-06,999.0,375.0,0.0,375.0,Naive Bayes + Rule-Based Planning,REORDER_TRIGGER,"Reorder recommended because net available inventory (300.0) is at or below the reorder trigger, stockout risk is Low (0.00), and MOQ rules require an order quantity of 500 units.",MOQ_APPLIED; OPEN_PO_EXISTS,Pending,
399,2026-03-08,7967,TV-TS502,0,13842.0,Low,6.66995813304245e-06,WAIT,0,0,,999.0,0.0,0.0,0.0,Naive Bayes + Rule-Based Planning,SUFFICIENT_COVERAGE,"Wait recommended because available and inbound supply are sufficient for projected demand, and current stockout risk is Low (0.00).",HIGH_CRITICALITY; OPEN_PO_EXISTS; OPEN_SO_EXISTS,Pending,
400,2026-03-08,7968,TV-BRK204,0,7452.0,Low,8.92030223876263e-05,WAIT,0,0,,999.0,0.0,0.0,0.0,Naive Bayes + Rule-Based Planning,SUFFICIENT_COVERAGE,"Wait recommended because available and inbound supply are sufficient for projected demand, and current stockout risk is Low (0.00).",OPEN_PO_EXISTS; OPEN_SO_EXISTS,Pending,
401,2026-03-08,7969,GT-RPS201,0,480.0,Low,3.3297766583561965e-06,REORDER,1000,2,2026-07-06,999.0,750.0,0.0,750.0,Naive Bayes + Rule-Based Planning,REORDER_TRIGGER,"Reorder recommended because net available inventory (480.0) is at or below the reorder trigger, stockout risk is Low (0.00), and MOQ rules require an order quantity of 1000 units.",MOQ_APPLIED; HIGH_CRITICALITY; OPEN_PO_EXISTS,Pending,
402,2026-03-08,7970,TV-RPS502,0,21030.0,Low,3.4942812062525945e-06,WAIT,0,0,,999.0,0.0,0.0,0.0,Naive Bayes + Rule-Based Planning,SUFFICIENT_COVERAGE,"Wait recommended because available and inbound supply are sufficient for projected demand, and current stockout risk is Low (0.00).",HIGH_CRITICALITY; OPEN_PO_EXISTS,Pending,
403,2026-03-08,7971,ST030G,0,500.0,Low,3.331944937280189e-06,REORDER,0,0,2026-07-06,999.0,0.0,0.0,0.0,Naive Bayes + Rule-Based Planning,REORDER_TRIGGER,"Reorder recommended because net available inventory (500.0) is at or below the reorder trigger, stockout risk is Low (0.00), and MOQ rules require an order quantity of 0 units.",OPEN_PO_EXISTS,Pending,
404,2026-03-08,7972,TV-ST035,0,4980.0,High,0.9999362875103703,EXPEDITE,32000,64,2026-07-06,123.26666666666667,24000.0,0.0,24000.0,Naive Bayes + Rule-Based Planning,HIGH_RISK_LATE_INBOUND,"Expedite recommended because stockout risk is High (1.00), net available inventory is below lead-time demand, and existing inbound supply arrives too late.",MOQ_APPLIED; OPEN_PO_EXISTS; OPEN_SO_EXISTS,Pending,
405,2026-03-08,7973,TR001,0,1200.0,High,0.9999239515489144,EXPEDITE,35500,71,2026-07-06,122.33333333333333,26625.0,0.0,26625.0,Naive Bayes + Rule-Based Planning,HIGH_RISK_LATE_INBOUND,"Expedite recommended because stockout risk is High (1.00), net available inventory is below lead-time demand, and existing inbound supply arrives too late.",MOQ_APPLIED; OPEN_PO_EXISTS,Pending,
406,2026-03-08,7974,6757SP,240,1158.0,High,0.9999986916124219,REORDER,0,0,2026-06-06,999.0,0.0,0.0,0.0,Naive Bayes + Rule-Based Planning,REORDER_TRIGGER,"Reorder recommended because net available inventory (1158.0) is at or below the reorder trigger, stockout risk is High (1.00), and MOQ rules require an order quantity of 0 units.",HIGH_CRITICALITY; OPEN_PO_EXISTS; OPEN_SO_EXISTS,Pending,
407,2026-03-08,7975,DHK-001,0,5004.0,Low,3.7440897015342238e-06,WAIT,0,0,,999.0,0.0,0.0,0.0,Naive Bayes + Rule-Based Planning,SUFFICIENT_COVERAGE,"Wait recommended because available and inbound supply are sufficient for projected demand, and current stockout risk is Low (0.00).",HIGH_CRITICALITY; OPEN_PO_EXISTS,Pending,
408,2026-03-08,7976,LRM-BELT,47,107.0,Low,3.286136225231202e-06,REORDER,1000,1,2026-07-06,999.0,20.0,0.0,20.0,Naive Bayes + Rule-Based Planning,REORDER_TRIGGER,"Reorder recommended because net available inventory (107.0) is at or below the reorder trigger, stockout risk is Low (0.00), and MOQ rules require an order quantity of 1000 units.",MOQ_APPLIED; OPEN_PO_EXISTS,Pending,
409,2026-03-08,7977,SN722016,10,509.0,Low,0.0002608432302073325,WAIT,0,0,,509.0,0.0,0.0,0.0,Naive Bayes + Rule-Based Planning,SUFFICIENT_COVERAGE,"Wait recommended because available and inbound supply are sufficient for projected demand, and current stockout risk is Low (0.00).",OPEN_PO_EXISTS; OPEN_SO_EXISTS,Pending,
410,2026-03-08,7979,RTC70040EW-KEY,20,40.0,Low,3.2808612780955764e-06,REORDER,1000,1,2026-07-06,999.0,500.0,0.0,500.0,Naive Bayes + Rule-Based Planning,REORDER_TRIGGER,"Reorder recommended because net available inventory (40.0) is at or below the reorder trigger, stockout risk is Low (0.00), and MOQ rules require an order quantity of 1000 units.",MOQ_APPLIED; OPEN_PO_EXISTS,Pending,
411,2026-03-08,7980,RM1416-BRACKET,0,0.0,Low,3.2770019659521374e-06,REORDER,1000,1,2026-07-06,999.0,500.0,0.0,500.0,Naive Bayes + Rule-Based Planning,REORDER_TRIGGER,"Reorder recommended because net available inventory (0.0) is at or below the reorder trigger, stockout risk is Low (0.00), and MOQ rules require an order quantity of 1000 units.",MOQ_APPLIED,Pending,
412,2026-03-08,7981,RM18-BRACKET,0,0.0,Low,3.2770019659521374e-06,REORDER,1000,1,2026-07-06,999.0,500.0,0.0,500.0,Naive Bayes + Rule-Based Planning,REORDER_TRIGGER,"Reorder recommended because net available inventory (0.0) is at or below the reorder trigger, stockout risk is Low (0.00), and MOQ rules require an order quantity of 1000 units.",MOQ_APPLIED,Pending,
413,2026-03-08,7982,RS220-001,5132,12628.0,Low,0.0,WAIT,0,0,,10621.682242990655,0.0,0.0,0.0,Naive Bayes + Rule-Based Planning,SUFFICIENT_COVERAGE,"Wait recommended because available and inbound supply are sufficient for projected demand, and current stockout risk is Low (0.00).",OPEN_PO_EXISTS; OPEN_SO_EXISTS,Pending,
414,2026-03-08,7983,RS225-001,1281,3002.0,Low,2.940365057832151e-09,WAIT,0,0,,1429.5238095238094,0.0,0.0,0.0,Naive Bayes + Rule-Based Planning,SUFFICIENT_COVERAGE,"Wait recommended because available and inbound supply are sufficient for projected demand, and current stockout risk is Low (0.00).",HIGH_CRITICALITY; OPEN_PO_EXISTS; OPEN_SO_EXISTS,Pending,
415,2026-03-08,7984,RS241-001,1618,3607.0,Low,8.696499621974342e-41,WAIT,0,0,,3607.0,0.0,0.0,0.0,Naive Bayes + Rule-Based Planning,SUFFICIENT_COVERAGE,"Wait recommended because available and inbound supply are sufficient for projected demand, and current stockout risk is Low (0.00).",HIGH_CRITICALITY; OPEN_PO_EXISTS; OPEN_SO_EXISTS,Pending,
416,2026-03-08,7985,RS233-001,3138,8138.0,Low,6.183965533943265e-198,WAIT,0,0,,8138.0,0.0,0.0,0.0,Naive Bayes + Rule-Based Planning,SUFFICIENT_COVERAGE,"Wait recommended because available and inbound supply are sufficient for projected demand, and current stockout risk is Low (0.00).",HIGH_CRITICALITY; OPEN_PO_EXISTS; OPEN_SO_EXISTS,Pending,
417,2026-03-08,7986,RS801-001,1317,2805.0,Low,8.28581154635233e-26,WAIT,0,0,,2805.0,0.0,0.0,0.0,Naive Bayes + Rule-Based Planning,SUFFICIENT_COVERAGE,"Wait recommended because available and inbound supply are sufficient for projected demand, and current stockout risk is Low (0.00).",OPEN_PO_EXISTS; OPEN_SO_EXISTS,Pending,
418,2026-03-08,7987,RS226-001,1164,2847.0,Low,1.9204688772243418e-26,WAIT,0,0,,2847.0,0.0,0.0,0.0,Naive Bayes + Rule-Based Planning,SUFFICIENT_COVERAGE,"Wait recommended because available and inbound supply are sufficient for projected demand, and current stockout risk is Low (0.00).",HIGH_CRITICALITY; OPEN_PO_EXISTS; OPEN_SO_EXISTS,Pending,
419,2026-03-08,7988,RS223-001,2445,5712.0,Low,3.4002399608328844e-73,WAIT,0,0,,4896.0,0.0,0.0,0.0,Naive Bayes + Rule-Based Planning,SUFFICIENT_COVERAGE,"Wait recommended because available and inbound supply are sufficient for projected demand, and current stockout risk is Low (0.00).",HIGH_CRITICALITY; OPEN_PO_EXISTS; OPEN_SO_EXISTS,Pending,
420,2026-03-08,7989,RS224-001,1312,3393.0,Low,2.5050264559136403e-36,WAIT,0,0,,3393.0,0.0,0.0,0.0,Naive Bayes + Rule-Based Planning,SUFFICIENT_COVERAGE,"Wait recommended because available and inbound supply are sufficient for projected demand, and current stockout risk is Low (0.00).",HIGH_CRITICALITY; OPEN_PO_EXISTS; OPEN_SO_EXISTS,Pending,
421,2026-03-08,7990,SN70112-BELT,42,92.0,Low,0.0007696494419122553,REORDER,1000,1,2026-07-06,728.0,20.0,0.0,20.0,Naive Bayes + Rule-Based Planning,REORDER_TRIGGER,"Reorder recommended because net available inventory (92.0) is at or below the reorder trigger, stockout risk is Low (0.00), and MOQ rules require an order quantity of 1000 units.",MOQ_APPLIED; OPEN_PO_EXISTS,Pending,
422,2026-03-08,7991,RS220-002,0,12395.0,Low,3.983738562100095e-06,WAIT,0,0,,999.0,0.0,0.0,0.0,Naive Bayes + Rule-Based Planning,SUFFICIENT_COVERAGE,"Wait recommended because available and inbound supply are sufficient for projected demand, and current stockout risk is Low (0.00).",HIGH_CRITICALITY; OPEN_PO_EXISTS,Pending,
423,2026-03-08,7992,RS233-002,0,8620.0,Low,3.937765378332919e-06,WAIT,0,0,,999.0,0.0,0.0,0.0,Naive Bayes + Rule-Based Planning,SUFFICIENT_COVERAGE,"Wait recommended because available and inbound supply are sufficient for projected demand, and current stockout risk is Low (0.00).",HIGH_CRITICALITY; OPEN_PO_EXISTS,Pending,
424,2026-03-08,7994,SN2216-WHL-1,0,0.0,Low,3.2770019659521374e-06,REORDER,1000,1,2026-07-06,999.0,500.0,0.0,500.0,Naive Bayes + Rule-Based Planning,REORDER_TRIGGER,"Reorder recommended because net available inventory (0.0) is at or below the reorder trigger, stockout risk is Low (0.00), and MOQ rules require an order quantity of 1000 units.",MOQ_APPLIED,Pending,
425,2026-03-08,7997,SN2216-SB-1,0,0.0,Low,3.2770019659521374e-06,REORDER,1000,1,2026-07-06,999.0,500.0,0.0,500.0,Naive Bayes + Rule-Based Planning,REORDER_TRIGGER,"Reorder recommended because net available inventory (0.0) is at or below the reorder trigger, stockout risk is Low (0.00), and MOQ rules require an order quantity of 1000 units.",MOQ_APPLIED,Pending,
426,2026-03-08,7998,SN2216-AK-1,0,0.0,Low,3.2770019659521374e-06,REORDER,1000,1,2026-07-06,999.0,500.0,0.0,500.0,Naive Bayes + Rule-Based Planning,REORDER_TRIGGER,"Reorder recommended because net available inventory (0.0) is at or below the reorder trigger, stockout risk is Low (0.00), and MOQ rules require an order quantity of 1000 units.",MOQ_APPLIED,Pending,
427,2026-03-08,7999,MC01-R01,1503,3098.0,Low,1.7026110969790947e-06,WAIT,0,0,,999.0,0.0,0.0,0.0,Naive Bayes + Rule-Based Planning,SUFFICIENT_COVERAGE,"Wait recommended because available and inbound supply are sufficient for projected demand, and current stockout risk is Low (0.00).",OPEN_PO_EXISTS; OPEN_SO_EXISTS,Pending,
428,2026-03-08,8000,SW03-R01,1100,2286.0,Low,2.348304399318459e-06,WAIT,0,0,,999.0,0.0,0.0,0.0,Naive Bayes + Rule-Based Planning,SUFFICIENT_COVERAGE,"Wait recommended because available and inbound supply are sufficient for projected demand, and current stockout risk is Low (0.00).",OPEN_PO_EXISTS; OPEN_SO_EXISTS,Pending,
429,2026-03-08,8001,SW02-R01,1059,2233.0,Low,2.4032865106972965e-06,WAIT,0,0,,999.0,0.0,0.0,0.0,Naive Bayes + Rule-Based Planning,SUFFICIENT_COVERAGE,"Wait recommended because available and inbound supply are sufficient for projected demand, and current stockout risk is Low (0.00).",OPEN_PO_EXISTS; OPEN_SO_EXISTS,Pending,
430,2026-03-08,8002,SW01-R01,1534,3127.0,Low,2.129882277458156e-31,WAIT,0,0,,3127.0,0.0,0.0,0.0,Naive Bayes + Rule-Based Planning,SUFFICIENT_COVERAGE,"Wait recommended because available and inbound supply are sufficient for projected demand, and current stockout risk is Low (0.00).",OPEN_PO_EXISTS; OPEN_SO_EXISTS,Pending,
431,2026-03-08,8003,SC01-R01,869,2079.0,Low,2.7107042394004695e-06,WAIT,0,0,,999.0,0.0,0.0,0.0,Naive Bayes + Rule-Based Planning,SUFFICIENT_COVERAGE,"Wait recommended because available and inbound supply are sufficient for projected demand, and current stockout risk is Low (0.00).",OPEN_PO_EXISTS; OPEN_SO_EXISTS,Pending,
432,2026-03-08,8004,GS01-R01,1084,2294.0,Low,2.375979369283975e-06,WAIT,0,0,,999.0,0.0,0.0,0.0,Naive Bayes + Rule-Based Planning,SUFFICIENT_COVERAGE,"Wait recommended because available and inbound supply are sufficient for projected demand, and current stockout risk is Low (0.00).",OPEN_PO_EXISTS; OPEN_SO_EXISTS,Pending,
433,2026-03-08,8005,FP03-R01,1076,2262.0,Low,7.393008698021375e-18,WAIT,0,0,,2262.0,0.0,0.0,0.0,Naive Bayes + Rule-Based Planning,SUFFICIENT_COVERAGE,"Wait recommended because available and inbound supply are sufficient for projected demand, and current stockout risk is Low (0.00).",OPEN_PO_EXISTS; OPEN_SO_EXISTS,Pending,
434,2026-03-08,8006,FP02-R01,1050,2236.0,Low,1.6195613175256462e-17,WAIT,0,0,,2236.0,0.0,0.0,0.0,Naive Bayes + Rule-Based Planning,SUFFICIENT_COVERAGE,"Wait recommended because available and inbound supply are sufficient for projected demand, and current stockout risk is Low (0.00).",OPEN_PO_EXISTS; OPEN_SO_EXISTS,Pending,
435,2026-03-08,8007,FP01-R01,1033,2231.0,Low,1.9037115566813147e-17,WAIT,0,0,,2231.0,0.0,0.0,0.0,Naive Bayes + Rule-Based Planning,SUFFICIENT_COVERAGE,"Wait recommended because available and inbound supply are sufficient for projected demand, and current stockout risk is Low (0.00).",OPEN_PO_EXISTS; OPEN_SO_EXISTS,Pending,
436,2026-03-08,8008,AP03-R01,466,1663.0,Low,0.000792738341768675,REORDER,1500,3,2026-07-06,175.72222222222223,375.0,0.0,375.0,Naive Bayes + Rule-Based Planning,REORDER_TRIGGER,"Reorder recommended because net available inventory (1663.0) is at or below the reorder trigger, stockout risk is Low (0.00), and MOQ rules require an order quantity of 1500 units.",MOQ_APPLIED; HIGH_CRITICALITY; OPEN_PO_EXISTS; OPEN_SO_EXISTS,Pending,
437,2026-03-08,8009,AP02-R01,1172,2382.0,Low,2.2315337630223374e-06,WAIT,0,0,,999.0,0.0,0.0,0.0,Naive Bayes + Rule-Based Planning,SUFFICIENT_COVERAGE,"Wait recommended because available and inbound supply are sufficient for projected demand, and current stockout risk is Low (0.00).",OPEN_PO_EXISTS; OPEN_SO_EXISTS,Pending,
438,2026-03-08,8010,AP01-R01,1138,2324.0,Low,2.2860743778200233e-06,WAIT,0,0,,999.0,0.0,0.0,0.0,Naive Bayes + Rule-Based Planning,SUFFICIENT_COVERAGE,"Wait recommended because available and inbound supply are sufficient for projected demand, and current stockout risk is Low (0.00).",OPEN_PO_EXISTS; OPEN_SO_EXISTS,Pending,
439,2026-03-08,8011,BP06-R01,865,2026.0,Low,2.675221882993693e-06,WAIT,0,0,,999.0,0.0,0.0,0.0,Naive Bayes + Rule-Based Planning,SUFFICIENT_COVERAGE,"Wait recommended because available and inbound supply are sufficient for projected demand, and current stockout risk is Low (0.00).",OPEN_PO_EXISTS; OPEN_SO_EXISTS,Pending,
440,2026-03-08,8012,BP05-R01,751,1840.0,Low,7.093106665174834e-13,WAIT,0,0,,1840.0,0.0,0.0,0.0,Naive Bayes + Rule-Based Planning,SUFFICIENT_COVERAGE,"Wait recommended because available and inbound supply are sufficient for projected demand, and current stockout risk is Low (0.00).",OPEN_PO_EXISTS; OPEN_SO_EXISTS,Pending,
441,2026-03-08,8013,BP04-R01,461,1646.0,Low,0.00019678817449709187,WAIT,0,0,,548.6666666666666,0.0,0.0,0.0,Naive Bayes + Rule-Based Planning,SUFFICIENT_COVERAGE,"Wait recommended because available and inbound supply are sufficient for projected demand, and current stockout risk is Low (0.00).",HIGH_CRITICALITY; OPEN_PO_EXISTS; OPEN_SO_EXISTS,Pending,
442,2026-03-08,8014,BP03-R01,1109,2319.0,Low,1.3139680450787241e-18,WAIT,0,0,,2319.0,0.0,0.0,0.0,Naive Bayes + Rule-Based Planning,SUFFICIENT_COVERAGE,"Wait recommended because available and inbound supply are sufficient for projected demand, and current stockout risk is Low (0.00).",OPEN_PO_EXISTS; OPEN_SO_EXISTS,Pending,
443,2026-03-08,8015,BP02-R01,1572,3213.0,Low,5.4614882121521056e-33,WAIT,0,0,,3213.0,0.0,0.0,0.0,Naive Bayes + Rule-Based Planning,SUFFICIENT_COVERAGE,"Wait recommended because available and inbound supply are sufficient for projected demand, and current stockout risk is Low (0.00).",OPEN_PO_EXISTS; OPEN_SO_EXISTS,Pending,
444,2026-03-08,8016,BP01-R01,1037,2235.0,Low,0.0005575170950662032,WAIT,0,0,,186.25,0.0,0.0,0.0,Naive Bayes + Rule-Based Planning,SUFFICIENT_COVERAGE,"Wait recommended because available and inbound supply are sufficient for projected demand, and current stockout risk is Low (0.00).",OPEN_PO_EXISTS; OPEN_SO_EXISTS,Pending,
445,2026-03-08,8017,HS03-R01,584,1678.0,Low,3.0177393944185616e-06,WAIT,0,0,,999.0,0.0,0.0,0.0,Naive Bayes + Rule-Based Planning,SUFFICIENT_COVERAGE,"Wait recommended because available and inbound supply are sufficient for projected demand, and current stockout risk is Low (0.00).",OPEN_PO_EXISTS; OPEN_SO_EXISTS,Pending,
446,2026-03-08,8018,HS02-R01,1118,2301.0,Low,2.3159885070367264e-06,WAIT,0,0,,999.0,0.0,0.0,0.0,Naive Bayes + Rule-Based Planning,SUFFICIENT_COVERAGE,"Wait recommended because available and inbound supply are sufficient for projected demand, and current stockout risk is Low (0.00).",OPEN_PO_EXISTS; OPEN_SO_EXISTS,Pending,
447,2026-03-08,8019,HS01-R01,1128,2310.0,Low,2.2986773646302947e-06,WAIT,0,0,,999.0,0.0,0.0,0.0,Naive Bayes + Rule-Based Planning,SUFFICIENT_COVERAGE,"Wait recommended because available and inbound supply are sufficient for projected demand, and current stockout risk is Low (0.00).",OPEN_PO_EXISTS; OPEN_SO_EXISTS,Pending,
448,2026-03-08,8020,AL03-R01,1408,2998.0,Low,0.0007023366694660212,REORDER,4000,8,2026-07-06,134.57692307692307,1000.0,0.0,1000.0,Naive Bayes + Rule-Based Planning,REORDER_TRIGGER,"Reorder recommended because net available inventory (2998.0) is at or below the reorder trigger, stockout risk is Low (0.00), and MOQ rules require an order quantity of 4000 units.",MOQ_APPLIED; OPEN_PO_EXISTS; OPEN_SO_EXISTS,Pending,
449,2026-03-08,8021,AL02-R01,1170,2360.0,Low,2.2371821339220786e-06,WAIT,0,0,,999.0,0.0,0.0,0.0,Naive Bayes + Rule-Based Planning,SUFFICIENT_COVERAGE,"Wait recommended because available and inbound supply are sufficient for projected demand, and current stockout risk is Low (0.00).",OPEN_PO_EXISTS; OPEN_SO_EXISTS,Pending,
450,2026-03-08,8022,AL01-R01,1131,2321.0,Low,1.218466124931546e-18,WAIT,0,0,,2321.0,0.0,0.0,0.0,Naive Bayes + Rule-Based Planning,SUFFICIENT_COVERAGE,"Wait recommended because available and inbound supply are sufficient for projected demand, and current stockout risk is Low (0.00).",OPEN_PO_EXISTS; OPEN_SO_EXISTS,Pending,
451,2026-03-08,8023,BL06-R01,1328,2902.0,Low,1.9831882761352853e-06,WAIT,0,0,,999.0,0.0,0.0,0.0,Naive Bayes + Rule-Based Planning,SUFFICIENT_COVERAGE,"Wait recommended because available and inbound supply are sufficient for projected demand, and current stockout risk is Low (0.00).",OPEN_PO_EXISTS; OPEN_SO_EXISTS,Pending,
452,2026-03-08,8024,BL05-R01,1180,2370.0,Low,2.220607270693105e-06,WAIT,0,0,,999.0,0.0,0.0,0.0,Naive Bayes + Rule-Based Planning,SUFFICIENT_COVERAGE,"Wait recommended because available and inbound supply are sufficient for projected demand, and current stockout risk is Low (0.00).",OPEN_PO_EXISTS; OPEN_SO_EXISTS,Pending,
453,2026-03-08,8025,BL04-R01,1110,2236.0,Low,2.292085254329887e-06,WAIT,0,0,,999.0,0.0,0.0,0.0,Naive Bayes + Rule-Based Planning,SUFFICIENT_COVERAGE,"Wait recommended because available and inbound supply are sufficient for projected demand, and current stockout risk is Low (0.00).",OPEN_PO_EXISTS; OPEN_SO_EXISTS,Pending,
454,2026-03-08,8026,BL03-R01,1148,2330.0,Low,2.265846480863319e-06,WAIT,0,0,,999.0,0.0,0.0,0.0,Naive Bayes + Rule-Based Planning,SUFFICIENT_COVERAGE,"Wait recommended because available and inbound supply are sufficient for projected demand, and current stockout risk is Low (0.00).",OPEN_PO_EXISTS; OPEN_SO_EXISTS,Pending,
455,2026-03-08,8027,BL02-R01,1088,2271.0,Low,0.0004843249576781984,WAIT,0,0,,267.1764705882353,0.0,0.0,0.0,Naive Bayes + Rule-Based Planning,SUFFICIENT_COVERAGE,"Wait recommended because available and inbound supply are sufficient for projected demand, and current stockout risk is Low (0.00).",OPEN_PO_EXISTS; OPEN_SO_EXISTS,Pending,
456,2026-03-08,8028,BL01-R01,1132,2298.0,Low,0.0005262990628011505,WAIT,0,0,,191.5,0.0,0.0,0.0,Naive Bayes + Rule-Based Planning,SUFFICIENT_COVERAGE,"Wait recommended because available and inbound supply are sufficient for projected demand, and current stockout risk is Low (0.00).",OPEN_PO_EXISTS; OPEN_SO_EXISTS,Pending,
457,2026-03-08,8029,PP02-R01,971,1983.0,Low,2.5475594391582625e-06,WAIT,0,0,,999.0,0.0,0.0,0.0,Naive Bayes + Rule-Based Planning,SUFFICIENT_COVERAGE,"Wait recommended because available and inbound supply are sufficient for projected demand, and current stockout risk is Low (0.00).",OPEN_PO_EXISTS; OPEN_SO_EXISTS,Pending,
458,2026-03-08,8030,PP01-R01,966,1978.0,Low,2.5553088853246367e-06,WAIT,0,0,,999.0,0.0,0.0,0.0,Naive Bayes + Rule-Based Planning,SUFFICIENT_COVERAGE,"Wait recommended because available and inbound supply are sufficient for projected demand, and current stockout risk is Low (0.00).",OPEN_PO_EXISTS; OPEN_SO_EXISTS,Pending,
459,2026-03-08,8099,916-16EWG,0,532.0,Low,3.3354089559527853e-06,REORDER,500,1,2026-07-06,999.0,750.0,0.0,750.0,Naive Bayes + Rule-Based Planning,REORDER_TRIGGER,"Reorder recommended because net available inventory (532.0) is at or below the reorder trigger, stockout risk is Low (0.00), and MOQ rules require an order quantity of 500 units.",MOQ_APPLIED; HIGH_CRITICALITY; OPEN_PO_EXISTS,Pending,
460,2026-03-08,8100,916-18EWG,0,532.0,Low,3.3354089559527853e-06,REORDER,500,1,2026-07-06,999.0,750.0,0.0,750.0,Naive Bayes + Rule-Based Planning,REORDER_TRIGGER,"Reorder recommended because net available inventory (532.0) is at or below the reorder trigger, stockout risk is Low (0.00), and MOQ rules require an order quantity of 500 units.",MOQ_APPLIED; HIGH_CRITICALITY; OPEN_PO_EXISTS,Pending,
461,2026-03-08,8101,1895-9EWG,0,0.0,Low,3.2770019659521374e-06,REORDER,500,1,2026-07-06,999.0,750.0,0.0,750.0,Naive Bayes + Rule-Based Planning,REORDER_TRIGGER,"Reorder recommended because net available inventory (0.0) is at or below the reorder trigger, stockout risk is Low (0.00), and MOQ rules require an order quantity of 500 units.",MOQ_APPLIED,Pending,
462,2026-03-08,8103,BM49,0,0.0,Low,3.2770019659521374e-06,REORDER,500,1,2026-07-06,999.0,10.0,0.0,10.0,Naive Bayes + Rule-Based Planning,REORDER_TRIGGER,"Reorder recommended because net available inventory (0.0) is at or below the reorder trigger, stockout risk is Low (0.00), and MOQ rules require an order quantity of 500 units.",MOQ_APPLIED,Pending,
463,2026-03-08,8105,BM61,0,0.0,Low,3.2770019659521374e-06,REORDER,500,1,2026-07-06,999.0,10.0,0.0,10.0,Naive Bayes + Rule-Based Planning,REORDER_TRIGGER,"Reorder recommended because net available inventory (0.0) is at or below the reorder trigger, stockout risk is Low (0.00), and MOQ rules require an order quantity of 500 units.",MOQ_APPLIED,Pending,
464,2026-03-08,8107,ELF001-1,258,558.0,Low,0.00019176268375873073,WAIT,500,1,,1058.0,375.0,0.0,375.0,Naive Bayes + Rule-Based Planning,SUFFICIENT_COVERAGE,"Wait recommended because available and inbound supply are sufficient for projected demand, and current stockout risk is Low (0.00).",MOQ_APPLIED; OPEN_PO_EXISTS,Pending,
465,2026-03-08,8108,BXGTLM1524V,0,9012.0,Low,3.950213375159117e-06,WAIT,0,0,,999.0,0.0,0.0,0.0,Naive Bayes + Rule-Based Planning,SUFFICIENT_COVERAGE,"Wait recommended because available and inbound supply are sufficient for projected demand, and current stockout risk is Low (0.00).",HIGH_CRITICALITY; OPEN_PO_EXISTS,Pending,
466,2026-03-08,8109,BXGTLM1301V,0,4608.0,Low,3.7147746286164704e-06,WAIT,0,0,,999.0,0.0,0.0,0.0,Naive Bayes + Rule-Based Planning,SUFFICIENT_COVERAGE,"Wait recommended because available and inbound supply are sufficient for projected demand, and current stockout risk is Low (0.00).",HIGH_CRITICALITY; OPEN_PO_EXISTS,Pending,
467,2026-03-08,8110,BXGTLM2736V,0,12024.0,Low,3.9865962667089775e-06,WAIT,0,0,,999.0,0.0,0.0,0.0,Naive Bayes + Rule-Based Planning,SUFFICIENT_COVERAGE,"Wait recommended because available and inbound supply are sufficient for projected demand, and current stockout risk is Low (0.00).",HIGH_CRITICALITY; OPEN_PO_EXISTS,Pending,
468,2026-03-08,8111,BXGTLM1515V,0,18036.0,Low,3.748767225149109e-06,WAIT,0,0,,999.0,0.0,0.0,0.0,Naive Bayes + Rule-Based Planning,SUFFICIENT_COVERAGE,"Wait recommended because available and inbound supply are sufficient for projected demand, and current stockout risk is Low (0.00).",HIGH_CRITICALITY; OPEN_PO_EXISTS,Pending,
469,2026-03-08,8112,BXGTLM1111V,0,10080.0,Low,3.975198815159855e-06,WAIT,0,0,,999.0,0.0,0.0,0.0,Naive Bayes + Rule-Based Planning,SUFFICIENT_COVERAGE,"Wait recommended because available and inbound supply are sufficient for projected demand, and current stockout risk is Low (0.00).",HIGH_CRITICALITY; OPEN_PO_EXISTS,Pending,
470,2026-03-08,8113,BXGTLM1119V,0,18144.0,Low,3.740987906443111e-06,WAIT,0,0,,999.0,0.0,0.0,0.0,Naive Bayes + Rule-Based Planning,SUFFICIENT_COVERAGE,"Wait recommended because available and inbound supply are sufficient for projected demand, and current stockout risk is Low (0.00).",HIGH_CRITICALITY; OPEN_PO_EXISTS,Pending,
471,2026-03-08,8114,BXGTLM1117V,0,12096.0,Low,3.986167750916293e-06,WAIT,0,0,,999.0,0.0,0.0,0.0,Naive Bayes + Rule-Based Planning,SUFFICIENT_COVERAGE,"Wait recommended because available and inbound supply are sufficient for projected demand, and current stockout risk is Low (0.00).",HIGH_CRITICALITY; OPEN_PO_EXISTS,Pending,
472,2026-03-08,8115,BXGTLM1112V,0,6144.0,Low,3.8199269023247304e-06,WAIT,0,0,,999.0,0.0,0.0,0.0,Naive Bayes + Rule-Based Planning,SUFFICIENT_COVERAGE,"Wait recommended because available and inbound supply are sufficient for projected demand, and current stockout risk is Low (0.00).",HIGH_CRITICALITY; OPEN_PO_EXISTS,Pending,
473,2026-03-08,8116,BXGTLM1824V,0,6006.0,Low,3.8114407395528018e-06,WAIT,0,0,,999.0,0.0,0.0,0.0,Naive Bayes + Rule-Based Planning,SUFFICIENT_COVERAGE,"Wait recommended because available and inbound supply are sufficient for projected demand, and current stockout risk is Low (0.00).",HIGH_CRITICALITY; OPEN_PO_EXISTS,Pending,
474,2026-03-08,8117,BXGTLM1206V,0,16032.0,High,1.0,EXPEDITE,225500,451,2026-07-06,120.52495009980039,56375.0,0.0,56375.0,Naive Bayes + Rule-Based Planning,HIGH_RISK_LATE_INBOUND,"Expedite recommended because stockout risk is High (1.00), net available inventory is below lead-time demand, and existing inbound supply arrives too late.",MOQ_APPLIED; HIGH_CRITICALITY; OPEN_PO_EXISTS,Pending,
475,2026-03-08,8118,BXGTLM1411V,0,19524.0,High,1.0,EXPEDITE,222000,444,2026-07-06,120.52095808383234,55500.0,0.0,55500.0,Naive Bayes + Rule-Based Planning,HIGH_RISK_LATE_INBOUND,"Expedite recommended because stockout risk is High (1.00), net available inventory is below lead-time demand, and existing inbound supply arrives too late.",MOQ_APPLIED; HIGH_CRITICALITY; OPEN_PO_EXISTS,Pending,
476,2026-03-08,8119,BXGTLM1143V,0,6048.0,Low,3.8140441099697156e-06,WAIT,0,0,,999.0,0.0,0.0,0.0,Naive Bayes + Rule-Based Planning,SUFFICIENT_COVERAGE,"Wait recommended because available and inbound supply are sufficient for projected demand, and current stockout risk is Low (0.00).",HIGH_CRITICALITY; OPEN_PO_EXISTS,Pending,
477,2026-03-08,8120,BXGTLM1126V,0,13728.0,Low,3.960232464671699e-06,WAIT,0,0,,999.0,0.0,0.0,0.0,Naive Bayes + Rule-Based Planning,SUFFICIENT_COVERAGE,"Wait recommended because available and inbound supply are sufficient for projected demand, and current stockout risk is Low (0.00).",HIGH_CRITICALITY; OPEN_PO_EXISTS,Pending,
478,2026-03-08,8121,BXGTLM965A7V,0,8064.0,Low,3.917138264978085e-06,WAIT,0,0,,999.0,0.0,0.0,0.0,Naive Bayes + Rule-Based Planning,SUFFICIENT_COVERAGE,"Wait recommended because available and inbound supply are sufficient for projected demand, and current stockout risk is Low (0.00).",HIGH_CRITICALITY; OPEN_PO_EXISTS,Pending,
479,2026-03-08,8122,BXGTLM1732V,0,7560.0,Low,3.89547094859608e-06,WAIT,0,0,,999.0,0.0,0.0,0.0,Naive Bayes + Rule-Based Planning,SUFFICIENT_COVERAGE,"Wait recommended because available and inbound supply are sufficient for projected demand, and current stockout risk is Low (0.00).",HIGH_CRITICALITY; OPEN_PO_EXISTS,Pending,
480,2026-03-08,8123,BXGTLM1701V,0,4608.0,Low,3.7147746286164704e-06,WAIT,0,0,,999.0,0.0,0.0,0.0,Naive Bayes + Rule-Based Planning,SUFFICIENT_COVERAGE,"Wait recommended because available and inbound supply are sufficient for projected demand, and current stockout risk is Low (0.00).",HIGH_CRITICALITY; OPEN_PO_EXISTS,Pending,
481,2026-03-08,8124,BXGTLM1703V,0,7500.0,Low,3.892705710580966e-06,WAIT,0,0,,999.0,0.0,0.0,0.0,Naive Bayes + Rule-Based Planning,SUFFICIENT_COVERAGE,"Wait recommended because available and inbound supply are sufficient for projected demand, and current stockout risk is Low (0.00).",HIGH_CRITICALITY; OPEN_PO_EXISTS,Pending,
482,2026-03-08,8125,BXGTLM1546V,0,15096.0,Low,3.914915235176162e-06,WAIT,0,0,,999.0,0.0,0.0,0.0,Naive Bayes + Rule-Based Planning,SUFFICIENT_COVERAGE,"Wait recommended because available and inbound supply are sufficient for projected demand, and current stockout risk is Low (0.00).",HIGH_CRITICALITY; OPEN_PO_EXISTS,Pending,
483,2026-03-08,8126,BXGTLM1545V,0,15096.0,Low,3.914915235176162e-06,WAIT,0,0,,999.0,0.0,0.0,0.0,Naive Bayes + Rule-Based Planning,SUFFICIENT_COVERAGE,"Wait recommended because available and inbound supply are sufficient for projected demand, and current stockout risk is Low (0.00).",HIGH_CRITICALITY; OPEN_PO_EXISTS,Pending,
484,2026-03-08,8127,BXGTLM1538V,0,12096.0,Low,3.986167750916293e-06,WAIT,0,0,,999.0,0.0,0.0,0.0,Naive Bayes + Rule-Based Planning,SUFFICIENT_COVERAGE,"Wait recommended because available and inbound supply are sufficient for projected demand, and current stockout risk is Low (0.00).",HIGH_CRITICALITY; OPEN_PO_EXISTS,Pending,
485,2026-03-08,8128,BXGTLM1540V,0,18144.0,Low,3.740987906443111e-06,WAIT,0,0,,999.0,0.0,0.0,0.0,Naive Bayes + Rule-Based Planning,SUFFICIENT_COVERAGE,"Wait recommended because available and inbound supply are sufficient for projected demand, and current stockout risk is Low (0.00).",HIGH_CRITICALITY; OPEN_PO_EXISTS,Pending,
486,2026-03-08,8129,BXGTLM1534V,0,27168.0,Low,2.7858368733363406e-06,WAIT,0,0,,999.0,0.0,0.0,0.0,Naive Bayes + Rule-Based Planning,SUFFICIENT_COVERAGE,"Wait recommended because available and inbound supply are sufficient for projected demand, and current stockout risk is Low (0.00).",HIGH_CRITICALITY; OPEN_PO_EXISTS,Pending,
487,2026-03-08,8130,BXGTLM1535V,0,27168.0,High,1.0,EXPEDITE,216000,432,2026-07-06,120.61904761904762,54000.0,0.0,54000.0,Naive Bayes + Rule-Based Planning,HIGH_RISK_LATE_INBOUND,"Expedite recommended because stockout risk is High (1.00), net available inventory is below lead-time demand, and existing inbound supply arrives too late.",MOQ_APPLIED; HIGH_CRITICALITY; OPEN_PO_EXISTS,Pending,
488,2026-03-08,8131,BXGTLM1717,0,6048.0,Low,3.8140441099697156e-06,WAIT,0,0,,999.0,0.0,0.0,0.0,Naive Bayes + Rule-Based Planning,SUFFICIENT_COVERAGE,"Wait recommended because available and inbound supply are sufficient for projected demand, and current stockout risk is Low (0.00).",HIGH_CRITICALITY; OPEN_PO_EXISTS,Pending,
489,2026-03-08,8132,RPS203EW,-600,1980.0,Low,3.094879968434717e-06,WAIT,0,0,,999.0,0.0,0.0,0.0,Naive Bayes + Rule-Based Planning,SUFFICIENT_COVERAGE,"Wait recommended because available and inbound supply are sufficient for projected demand, and current stockout risk is Low (0.00).",HIGH_CRITICALITY; OPEN_PO_EXISTS,Pending,
490,2026-03-08,8133,ST208EW,-1212,1464.0,Low,2.118171558006624e-06,WAIT,0,0,,999.0,0.0,0.0,0.0,Naive Bayes + Rule-Based Planning,SUFFICIENT_COVERAGE,"Wait recommended because available and inbound supply are sufficient for projected demand, and current stockout risk is Low (0.00).",HIGH_CRITICALITY; OPEN_PO_EXISTS,Pending,
491,2026-03-08,8134,TS203EW,-180,1350.0,Low,3.3857149482262963e-06,WAIT,0,0,,999.0,0.0,0.0,0.0,Naive Bayes + Rule-Based Planning,SUFFICIENT_COVERAGE,"Wait recommended because available and inbound supply are sufficient for projected demand, and current stockout risk is Low (0.00).",HIGH_CRITICALITY; OPEN_PO_EXISTS,Pending,
492,2026-03-08,8135,LRK009EW,-1860,1944.0,Low,1.1143677835095773e-06,WAIT,0,0,,999.0,0.0,0.0,0.0,Naive Bayes + Rule-Based Planning,SUFFICIENT_COVERAGE,"Wait recommended because available and inbound supply are sufficient for projected demand, and current stockout risk is Low (0.00).",HIGH_CRITICALITY; OPEN_PO_EXISTS,Pending,
493,2026-03-08,8136,51319-1,840,6720.0,High,1.0,EXPEDITE,32500,65,2026-06-06,93.38095238095238,48750.0,0.0,48750.0,Naive Bayes + Rule-Based Planning,HIGH_RISK_LATE_INBOUND,"Expedite recommended because stockout risk is High (1.00), net available inventory is below lead-time demand, and existing inbound supply arrives too late.",MOQ_APPLIED; HIGH_CRITICALITY; OPEN_PO_EXISTS; OPEN_SO_EXISTS,Pending,
494,2026-03-08,8138,RM14/16-BRACKET,0,0.0,Low,3.2770019659521374e-06,REORDER,1000,1,2026-07-06,999.0,500.0,0.0,500.0,Naive Bayes + Rule-Based Planning,REORDER_TRIGGER,"Reorder recommended because net available inventory (0.0) is at or below the reorder trigger, stockout risk is Low (0.00), and MOQ rules require an order quantity of 1000 units.",MOQ_APPLIED,Pending,
495,2026-03-08,8139,RM14-UHS,0,0.0,Low,3.2770019659521374e-06,REORDER,1000,1,2026-07-06,999.0,500.0,0.0,500.0,Naive Bayes + Rule-Based Planning,REORDER_TRIGGER,"Reorder recommended because net available inventory (0.0) is at or below the reorder trigger, stockout risk is Low (0.00), and MOQ rules require an order quantity of 1000 units.",MOQ_APPLIED,Pending,
496,2026-03-08,8140,RM14-LHS,0,0.0,Low,3.2770019659521374e-06,REORDER,1000,1,2026-07-06,999.0,500.0,0.0,500.0,Naive Bayes + Rule-Based Planning,REORDER_TRIGGER,"Reorder recommended because net available inventory (0.0) is at or below the reorder trigger, stockout risk is Low (0.00), and MOQ rules require an order quantity of 1000 units.",MOQ_APPLIED,Pending,
497,2026-03-08,8141,RM16-T-HNDL,0,0.0,Low,3.2770019659521374e-06,REORDER,1000,1,2026-07-06,999.0,500.0,0.0,500.0,Naive Bayes + Rule-Based Planning,REORDER_TRIGGER,"Reorder recommended because net available inventory (0.0) is at or below the reorder trigger, stockout risk is Low (0.00), and MOQ rules require an order quantity of 1000 units.",MOQ_APPLIED,Pending,
498,2026-03-08,8142,RM16-T-UPHNDL,0,0.0,Low,3.2770019659521374e-06,REORDER,1000,1,2026-07-06,999.0,500.0,0.0,500.0,Naive Bayes + Rule-Based Planning,REORDER_TRIGGER,"Reorder recommended because net available inventory (0.0) is at or below the reorder trigger, stockout risk is Low (0.00), and MOQ rules require an order quantity of 1000 units.",MOQ_APPLIED,Pending,
499,2026-03-08,8143,RM16-T-LOHNDL,0,0.0,Low,3.2770019659521374e-06,REORDER,1000,1,2026-07-06,999.0,500.0,0.0,500.0,Naive Bayes + Rule-Based Planning,REORDER_TRIGGER,"Reorder recommended because net available inventory (0.0) is at or below the reorder trigger, stockout risk is Low (0.00), and MOQ rules require an order quantity of 1000 units.",MOQ_APPLIED,Pending,
500,2026-03-08,8144,RM16-U-UPHNDL,0,0.0,Low,3.2770019659521374e-06,REORDER,1000,1,2026-07-06,999.0,500.0,0.0,500.0,Naive Bayes + Rule-Based Planning,REORDER_TRIGGER,"Reorder recommended because net available inventory (0.0) is at or below the reorder trigger, stockout risk is Low (0.00), and MOQ rules require an order quantity of 1000 units.",MOQ_APPLIED,Pending,
501,2026-03-08,8145,RM16-U-LOHNDL,0,0.0,Low,3.2770019659521374e-06,REORDER,1000,1,2026-07-06,999.0,500.0,0.0,500.0,Naive Bayes + Rule-Based Planning,REORDER_TRIGGER,"Reorder recommended because net available inventory (0.0) is at or below the reorder trigger, stockout risk is Low (0.00), and MOQ rules require an order quantity of 1000 units.",MOQ_APPLIED,Pending,
502,2026-03-08,8146,RM18-U-UPHNDL,0,0.0,Low,3.2770019659521374e-06,REORDER,1000,1,2026-07-06,999.0,500.0,0.0,500.0,Naive Bayes + Rule-Based Planning,REORDER_TRIGGER,"Reorder recommended because net available inventory (0.0) is at or below the reorder trigger, stockout risk is Low (0.00), and MOQ rules require an order quantity of 1000 units.",MOQ_APPLIED,Pending,
503,2026-03-08,8147,RM18-U-LOHNDL,0,0.0,Low,3.2770019659521374e-06,REORDER,1000,1,2026-07-06,999.0,500.0,0.0,500.0,Naive Bayes + Rule-Based Planning,REORDER_TRIGGER,"Reorder recommended because net available inventory (0.0) is at or below the reorder trigger, stockout risk is Low (0.00), and MOQ rules require an order quantity of 1000 units.",MOQ_APPLIED,Pending,
504,2026-03-08,8148,RM20-U-UPHNDL,0,0.0,Low,3.2770019659521374e-06,REORDER,1000,1,2026-07-06,999.0,500.0,0.0,500.0,Naive Bayes + Rule-Based Planning,REORDER_TRIGGER,"Reorder recommended because net available inventory (0.0) is at or below the reorder trigger, stockout risk is Low (0.00), and MOQ rules require an order quantity of 1000 units.",MOQ_APPLIED,Pending,
505,2026-03-08,8149,RM20-U-LOHNDL,0,0.0,Low,3.2770019659521374e-06,REORDER,1000,1,2026-07-06,999.0,500.0,0.0,500.0,Naive Bayes + Rule-Based Planning,REORDER_TRIGGER,"Reorder recommended because net available inventory (0.0) is at or below the reorder trigger, stockout risk is Low (0.00), and MOQ rules require an order quantity of 1000 units.",MOQ_APPLIED,Pending,
506,2026-03-08,8151,RM-U-MIDHNDL,0,0.0,Low,3.2770019659521374e-06,REORDER,1000,1,2026-07-06,999.0,500.0,0.0,500.0,Naive Bayes + Rule-Based Planning,REORDER_TRIGGER,"Reorder recommended because net available inventory (0.0) is at or below the reorder trigger, stockout risk is Low (0.00), and MOQ rules require an order quantity of 1000 units.",MOQ_APPLIED,Pending,
507,2026-03-08,8152,A30300A,0,0.0,Low,3.2770019659521374e-06,REORDER,1000,1,2026-07-06,999.0,500.0,0.0,500.0,Naive Bayes + Rule-Based Planning,REORDER_TRIGGER,"Reorder recommended because net available inventory (0.0) is at or below the reorder trigger, stockout risk is Low (0.00), and MOQ rules require an order quantity of 1000 units.",MOQ_APPLIED,Pending,
508,2026-03-08,8153,RS231-G04,0,1680.0,Low,3.455199307836608e-06,WAIT,0,0,,999.0,0.0,0.0,0.0,Naive Bayes + Rule-Based Planning,SUFFICIENT_COVERAGE,"Wait recommended because available and inbound supply are sufficient for projected demand, and current stockout risk is Low (0.00).",HIGH_CRITICALITY; OPEN_PO_EXISTS,Pending,
509,2026-03-08,8154,RS231-B04,0,1040.0,Low,3.3895170020492494e-06,WAIT,0,0,,999.0,0.0,0.0,0.0,Naive Bayes + Rule-Based Planning,SUFFICIENT_COVERAGE,"Wait recommended because available and inbound supply are sufficient for projected demand, and current stockout risk is Low (0.00).",HIGH_CRITICALITY; OPEN_PO_EXISTS,Pending,
510,2026-03-08,8155,RS231-004,0,1280.0,Low,3.414482436451474e-06,WAIT,0,0,,999.0,0.0,0.0,0.0,Naive Bayes + Rule-Based Planning,SUFFICIENT_COVERAGE,"Wait recommended because available and inbound supply are sufficient for projected demand, and current stockout risk is Low (0.00).",HIGH_CRITICALITY; OPEN_PO_EXISTS,Pending,
511,2026-03-08,8156,TC722011-KEY,0,0.0,Low,3.2770019659521374e-06,REORDER,1000,1,2026-07-06,999.0,500.0,0.0,500.0,Naive Bayes + Rule-Based Planning,REORDER_TRIGGER,"Reorder recommended because net available inventory (0.0) is at or below the reorder trigger, stockout risk is Low (0.00), and MOQ rules require an order quantity of 1000 units.",MOQ_APPLIED,Pending,
512,2026-03-08,8157,1304-14SK2,1118,5941.0,Low,9.287611903068525e-105,WAIT,0,0,,5941.0,0.0,0.0,0.0,Naive Bayes + Rule-Based Planning,SUFFICIENT_COVERAGE,"Wait recommended because available and inbound supply are sufficient for projected demand, and current stockout risk is Low (0.00).",HIGH_CRITICALITY; OPEN_PO_EXISTS; OPEN_SO_EXISTS,Pending,
513,2026-03-08,8158,1415-16SK2,1092,6109.0,Low,3.3211859669121284e-111,WAIT,0,0,,6109.0,0.0,0.0,0.0,Naive Bayes + Rule-Based Planning,SUFFICIENT_COVERAGE,"Wait recommended because available and inbound supply are sufficient for projected demand, and current stockout risk is Low (0.00).",HIGH_CRITICALITY; OPEN_PO_EXISTS; OPEN_SO_EXISTS,Pending,
514,2026-03-08,8159,2002-20,8,2910.0,Low,0.005759266819844341,REORDER,10500,21,2026-07-06,135.0,15750.0,0.0,15750.0,Naive Bayes + Rule-Based Planning,REORDER_TRIGGER,"Reorder recommended because net available inventory (2910.0) is at or below the reorder trigger, stockout risk is Low (0.01), and MOQ rules require an order quantity of 10500 units.",MOQ_APPLIED; HIGH_CRITICALITY; OPEN_PO_EXISTS; OPEN_SO_EXISTS,Pending,
515,2026-03-08,8160,1604-16,2,3152.0,Low,6.198958661191954e-06,WAIT,0,0,,999.0,0.0,0.0,0.0,Naive Bayes + Rule-Based Planning,SUFFICIENT_COVERAGE,"Wait recommended because available and inbound supply are sufficient for projected demand, and current stockout risk is Low (0.00).",HIGH_CRITICALITY; OPEN_PO_EXISTS; OPEN_SO_EXISTS,Pending,
516,2026-03-08,8161,1804-18,1,3330.0,Low,1.0897673490610699e-05,WAIT,0,0,,999.0,0.0,0.0,0.0,Naive Bayes + Rule-Based Planning,SUFFICIENT_COVERAGE,"Wait recommended because available and inbound supply are sufficient for projected demand, and current stockout risk is Low (0.00).",HIGH_CRITICALITY; OPEN_PO_EXISTS; OPEN_SO_EXISTS,Pending,
517,2026-03-08,8162,51319,200,2490.0,Low,2.551315551588848e-09,WAIT,0,0,,2490.0,0.0,0.0,0.0,Naive Bayes + Rule-Based Planning,SUFFICIENT_COVERAGE,"Wait recommended because available and inbound supply are sufficient for projected demand, and current stockout risk is Low (0.00).",HIGH_CRITICALITY; OPEN_PO_EXISTS; OPEN_SO_EXISTS,Pending,
518,2026-03-08,8164,R3601-001,0,1590.0,Low,3.4461373233043096e-06,WAIT,0,0,,999.0,0.0,0.0,0.0,Naive Bayes + Rule-Based Planning,SUFFICIENT_COVERAGE,"Wait recommended because available and inbound supply are sufficient for projected demand, and current stockout risk is Low (0.00).",OPEN_PO_EXISTS,Pending,
519,2026-03-08,8165,R3602-001,0,966.0,Low,3.381740608297896e-06,WAIT,0,0,,999.0,0.0,0.0,0.0,Naive Bayes + Rule-Based Planning,SUFFICIENT_COVERAGE,"Wait recommended because available and inbound supply are sufficient for projected demand, and current stockout risk is Low (0.00).",OPEN_PO_EXISTS,Pending,
520,2026-03-08,8166,R6303-001,0,0.0,Low,3.2770019659521374e-06,REORDER,500,1,2026-07-06,999.0,375.0,0.0,375.0,Naive Bayes + Rule-Based Planning,REORDER_TRIGGER,"Reorder recommended because net available inventory (0.0) is at or below the reorder trigger, stockout risk is Low (0.00), and MOQ rules require an order quantity of 500 units.",MOQ_APPLIED,Pending,
521,2026-03-08,8167,R3604-001,0,0.0,Low,3.2770019659521374e-06,REORDER,500,1,2026-07-06,999.0,375.0,0.0,375.0,Naive Bayes + Rule-Based Planning,REORDER_TRIGGER,"Reorder recommended because net available inventory (0.0) is at or below the reorder trigger, stockout risk is Low (0.00), and MOQ rules require an order quantity of 500 units.",MOQ_APPLIED,Pending,
522,2026-03-08,8168,R3605-001,0,0.0,Low,3.2770019659521374e-06,REORDER,500,1,2026-07-06,999.0,375.0,0.0,375.0,Naive Bayes + Rule-Based Planning,REORDER_TRIGGER,"Reorder recommended because net available inventory (0.0) is at or below the reorder trigger, stockout risk is Low (0.00), and MOQ rules require an order quantity of 500 units.",MOQ_APPLIED,Pending,
523,2026-03-08,8169,R3606-001,0,0.0,Low,3.2770019659521374e-06,REORDER,500,1,2026-07-06,999.0,375.0,0.0,375.0,Naive Bayes + Rule-Based Planning,REORDER_TRIGGER,"Reorder recommended because net available inventory (0.0) is at or below the reorder trigger, stockout risk is Low (0.00), and MOQ rules require an order quantity of 500 units.",MOQ_APPLIED,Pending,
524,2026-03-08,8170,R3607-001,0,0.0,Low,3.2770019659521374e-06,REORDER,500,1,2026-07-06,999.0,375.0,0.0,375.0,Naive Bayes + Rule-Based Planning,REORDER_TRIGGER,"Reorder recommended because net available inventory (0.0) is at or below the reorder trigger, stockout risk is Low (0.00), and MOQ rules require an order quantity of 500 units.",MOQ_APPLIED,Pending,
525,2026-03-08,8171,R3608-001,0,0.0,Low,3.2770019659521374e-06,REORDER,500,1,2026-07-06,999.0,375.0,0.0,375.0,Naive Bayes + Rule-Based Planning,REORDER_TRIGGER,"Reorder recommended because net available inventory (0.0) is at or below the reorder trigger, stockout risk is Low (0.00), and MOQ rules require an order quantity of 500 units.",MOQ_APPLIED,Pending,
526,2026-03-08,8172,R3609-001,0,0.0,Low,3.2770019659521374e-06,REORDER,500,1,2026-07-06,999.0,375.0,0.0,375.0,Naive Bayes + Rule-Based Planning,REORDER_TRIGGER,"Reorder recommended because net available inventory (0.0) is at or below the reorder trigger, stockout risk is Low (0.00), and MOQ rules require an order quantity of 500 units.",MOQ_APPLIED,Pending,
527,2026-03-08,8173,R3610-001,0,0.0,Low,3.2770019659521374e-06,REORDER,500,1,2026-07-06,999.0,375.0,0.0,375.0,Naive Bayes + Rule-Based Planning,REORDER_TRIGGER,"Reorder recommended because net available inventory (0.0) is at or below the reorder trigger, stockout risk is Low (0.00), and MOQ rules require an order quantity of 500 units.",MOQ_APPLIED,Pending,
528,2026-03-08,8174,R3681-001,0,0.0,Low,3.2770019659521374e-06,REORDER,500,1,2026-07-06,999.0,375.0,0.0,375.0,Naive Bayes + Rule-Based Planning,REORDER_TRIGGER,"Reorder recommended because net available inventory (0.0) is at or below the reorder trigger, stockout risk is Low (0.00), and MOQ rules require an order quantity of 500 units.",MOQ_APPLIED,Pending,
529,2026-03-08,8175,ELF001R,300,598.0,Low,3.2404707964472093e-06,WAIT,0,0,,999.0,0.0,0.0,0.0,Naive Bayes + Rule-Based Planning,SUFFICIENT_COVERAGE,"Wait recommended because available and inbound supply are sufficient for projected demand, and current stockout risk is Low (0.00).",OPEN_PO_EXISTS; OPEN_SO_EXISTS,Pending,
530,2026-03-08,8176,MRP001,0,0.0,Low,3.2770019659521374e-06,REORDER,500,1,2026-07-06,999.0,375.0,0.0,375.0,Naive Bayes + Rule-Based Planning,REORDER_TRIGGER,"Reorder recommended because net available inventory (0.0) is at or below the reorder trigger, stockout risk is Low (0.00), and MOQ rules require an order quantity of 500 units.",MOQ_APPLIED,Pending,
531,2026-03-08,8177,LRK011,1008,2008.0,Low,2.4887837463746197e-06,WAIT,0,0,,999.0,0.0,0.0,0.0,Naive Bayes + Rule-Based Planning,SUFFICIENT_COVERAGE,"Wait recommended because available and inbound supply are sufficient for projected demand, and current stockout risk is Low (0.00).",OPEN_PO_EXISTS; OPEN_SO_EXISTS,Pending,
532,2026-03-08,8178,LRK012,1008,3598.0,Low,2.5987949526267374e-06,WAIT,0,0,,999.0,0.0,0.0,0.0,Naive Bayes + Rule-Based Planning,SUFFICIENT_COVERAGE,"Wait recommended because available and inbound supply are sufficient for projected demand, and current stockout risk is Low (0.00).",OPEN_PO_EXISTS; OPEN_SO_EXISTS,Pending,
533,2026-03-08,8179,ST045,300,599.0,Low,3.2420406801993693e-06,WAIT,0,0,,999.0,0.0,0.0,0.0,Naive Bayes + Rule-Based Planning,SUFFICIENT_COVERAGE,"Wait recommended because available and inbound supply are sufficient for projected demand, and current stockout risk is Low (0.00).",OPEN_PO_EXISTS; OPEN_SO_EXISTS,Pending,
534,2026-03-08,8183,R3603-001,0,1590.0,Low,3.4461373233043096e-06,WAIT,0,0,,999.0,0.0,0.0,0.0,Naive Bayes + Rule-Based Planning,SUFFICIENT_COVERAGE,"Wait recommended because available and inbound supply are sufficient for projected demand, and current stockout risk is Low (0.00).",OPEN_PO_EXISTS,Pending,
535,2026-03-08,8191,R3602-002,0,3864.0,Low,3.6557528756907254e-06,WAIT,0,0,,999.0,0.0,0.0,0.0,Naive Bayes + Rule-Based Planning,SUFFICIENT_COVERAGE,"Wait recommended because available and inbound supply are sufficient for projected demand, and current stockout risk is Low (0.00).",HIGH_CRITICALITY; OPEN_PO_EXISTS,Pending,
536,2026-03-08,8192,1415-16BDSK2,0,0.0,Low,3.2770019659521374e-06,REORDER,500,1,2026-07-06,999.0,750.0,0.0,750.0,Naive Bayes + Rule-Based Planning,REORDER_TRIGGER,"Reorder recommended because net available inventory (0.0) is at or below the reorder trigger, stockout risk is Low (0.00), and MOQ rules require an order quantity of 500 units.",MOQ_APPLIED,Pending,
537,2026-03-08,8193,1304-14BDSK2,0,0.0,Low,3.2770019659521374e-06,REORDER,500,1,2026-07-06,999.0,750.0,0.0,750.0,Naive Bayes + Rule-Based Planning,REORDER_TRIGGER,"Reorder recommended because net available inventory (0.0) is at or below the reorder trigger, stockout risk is Low (0.00), and MOQ rules require an order quantity of 500 units.",MOQ_APPLIED,Pending,
538,2026-03-08,8194,1204-14BD,3278,6618.0,Low,1.1473169999168306e-07,WAIT,0,0,,999.0,0.0,0.0,0.0,Naive Bayes + Rule-Based Planning,SUFFICIENT_COVERAGE,"Wait recommended because available and inbound supply are sufficient for projected demand, and current stockout risk is Low (0.00).",OPEN_PO_EXISTS,Pending,
539,2026-03-08,8199,CS33114-SC-1,0,0.0,Low,3.2770019659521374e-06,REORDER,1000,1,2026-07-06,999.0,20.0,0.0,20.0,Naive Bayes + Rule-Based Planning,REORDER_TRIGGER,"Reorder recommended because net available inventory (0.0) is at or below the reorder trigger, stockout risk is Low (0.00), and MOQ rules require an order quantity of 1000 units.",MOQ_APPLIED,Pending,
540,2026-03-08,8200,CS34014S-SC-1,0,0.0,Low,3.2770019659521374e-06,REORDER,1000,1,2026-07-06,999.0,20.0,0.0,20.0,Naive Bayes + Rule-Based Planning,REORDER_TRIGGER,"Reorder recommended because net available inventory (0.0) is at or below the reorder trigger, stockout risk is Low (0.00), and MOQ rules require an order quantity of 1000 units.",MOQ_APPLIED,Pending,
541,2026-03-08,8201,CS34018-SC-1,0,0.0,Low,3.2770019659521374e-06,REORDER,1000,1,2026-07-06,999.0,20.0,0.0,20.0,Naive Bayes + Rule-Based Planning,REORDER_TRIGGER,"Reorder recommended because net available inventory (0.0) is at or below the reorder trigger, stockout risk is Low (0.00), and MOQ rules require an order quantity of 1000 units.",MOQ_APPLIED,Pending,
542,2026-03-08,8202,PS45010-SRK-1,0,0.0,Low,3.2770019659521374e-06,REORDER,1000,1,2026-07-06,999.0,20.0,0.0,20.0,Naive Bayes + Rule-Based Planning,REORDER_TRIGGER,"Reorder recommended because net available inventory (0.0) is at or below the reorder trigger, stockout risk is Low (0.00), and MOQ rules require an order quantity of 1000 units.",MOQ_APPLIED,Pending,
543,2026-03-08,8205,1415-16BD,0,0.0,Low,3.2770019659521374e-06,REORDER,500,1,2026-07-06,999.0,750.0,0.0,750.0,Naive Bayes + Rule-Based Planning,REORDER_TRIGGER,"Reorder recommended because net available inventory (0.0) is at or below the reorder trigger, stockout risk is Low (0.00), and MOQ rules require an order quantity of 500 units.",MOQ_APPLIED,Pending,
544,2026-03-08,8207,RS220-004,0,0.0,Low,3.2770019659521374e-06,REORDER,500,1,2026-07-06,999.0,375.0,0.0,375.0,Naive Bayes + Rule-Based Planning,REORDER_TRIGGER,"Reorder recommended because net available inventory (0.0) is at or below the reorder trigger, stockout risk is Low (0.00), and MOQ rules require an order quantity of 500 units.",MOQ_APPLIED,Pending,
545,2026-03-08,8208,RS233-004,0,0.0,Low,3.2770019659521374e-06,REORDER,500,1,2026-07-06,999.0,375.0,0.0,375.0,Naive Bayes + Rule-Based Planning,REORDER_TRIGGER,"Reorder recommended because net available inventory (0.0) is at or below the reorder trigger, stockout risk is Low (0.00), and MOQ rules require an order quantity of 500 units.",MOQ_APPLIED,Pending,
546,2026-03-08,8209,RS226-004,0,0.0,Low,3.2770019659521374e-06,REORDER,500,1,2026-07-06,999.0,375.0,0.0,375.0,Naive Bayes + Rule-Based Planning,REORDER_TRIGGER,"Reorder recommended because net available inventory (0.0) is at or below the reorder trigger, stockout risk is Low (0.00), and MOQ rules require an order quantity of 500 units.",MOQ_APPLIED,Pending,
547,2026-03-08,8210,RS220-005,0,0.0,Low,3.2770019659521374e-06,REORDER,500,1,2026-07-06,999.0,375.0,0.0,375.0,Naive Bayes + Rule-Based Planning,REORDER_TRIGGER,"Reorder recommended because net available inventory (0.0) is at or below the reorder trigger, stockout risk is Low (0.00), and MOQ rules require an order quantity of 500 units.",MOQ_APPLIED,Pending,
548,2026-03-08,8211,RS233-005,0,0.0,Low,3.2770019659521374e-06,REORDER,500,1,2026-07-06,999.0,375.0,0.0,375.0,Naive Bayes + Rule-Based Planning,REORDER_TRIGGER,"Reorder recommended because net available inventory (0.0) is at or below the reorder trigger, stockout risk is Low (0.00), and MOQ rules require an order quantity of 500 units.",MOQ_APPLIED,Pending,
549,2026-03-08,8212,TC8-10EW,0,0.0,Low,3.2770019659521374e-06,REORDER,500,1,2026-07-06,999.0,875.0,0.0,875.0,Naive Bayes + Rule-Based Planning,REORDER_TRIGGER,"Reorder recommended because net available inventory (0.0) is at or below the reorder trigger, stockout risk is Low (0.00), and MOQ rules require an order quantity of 500 units.",MOQ_APPLIED,Pending,
550,2026-03-08,8213,TC8-10-1,4175,6680.0,High,1.0,EXPEDITE,94500,189,2026-07-06,121.17365269461078,165375.0,0.0,165375.0,Naive Bayes + Rule-Based Planning,HIGH_RISK_LATE_INBOUND,"Expedite recommended because stockout risk is High (1.00), net available inventory is below lead-time demand, and existing inbound supply arrives too late.",MOQ_APPLIED; OPEN_PO_EXISTS; OPEN_SO_EXISTS,Pending,
551,2026-03-08,8214,TC8-135EW,0,1600.0,Low,3.447147092542962e-06,WAIT,0,0,,999.0,0.0,0.0,0.0,Naive Bayes + Rule-Based Planning,SUFFICIENT_COVERAGE,"Wait recommended because available and inbound supply are sufficient for projected demand, and current stockout risk is Low (0.00).",OPEN_PO_EXISTS,Pending,
552,2026-03-08,8215,TC8-2075EW,0,0.0,Low,3.2770019659521374e-06,REORDER,500,1,2026-07-06,999.0,875.0,0.0,875.0,Naive Bayes + Rule-Based Planning,REORDER_TRIGGER,"Reorder recommended because net available inventory (0.0) is at or below the reorder trigger, stockout risk is Low (0.00), and MOQ rules require an order quantity of 500 units.",MOQ_APPLIED,Pending,
553,2026-03-08,8216,TC8-25EW,0,0.0,Low,3.2770019659521374e-06,REORDER,500,1,2026-07-06,999.0,875.0,0.0,875.0,Naive Bayes + Rule-Based Planning,REORDER_TRIGGER,"Reorder recommended because net available inventory (0.0) is at or below the reorder trigger, stockout risk is Low (0.00), and MOQ rules require an order quantity of 500 units.",MOQ_APPLIED,Pending,
554,2026-03-08,8232,SKP97006,24263,35925.0,Low,8.201440265167373e-89,WAIT,0,0,,375.01597784405624,0.0,0.0,0.0,Naive Bayes + Rule-Based Planning,SUFFICIENT_COVERAGE,"Wait recommended because available and inbound supply are sufficient for projected demand, and current stockout risk is Low (0.00).",HIGH_CRITICALITY; OPEN_PO_EXISTS; OPEN_SO_EXISTS,Pending,
555,2026-03-08,8233,SKP97020,17292,16505.0,Low,3.1660047965687236e-45,WAIT,0,0,,171.92708333333334,0.0,0.0,0.0,Naive Bayes + Rule-Based Planning,SUFFICIENT_COVERAGE,"Wait recommended because available and inbound supply are sufficient for projected demand, and current stockout risk is Low (0.00).",HIGH_CRITICALITY; OPEN_SO_EXISTS,Pending,
556,2026-03-08,8234,SKP97051,12736,11967.0,Low,2.689384306986916e-26,WAIT,0,0,,249.3125,0.0,0.0,0.0,Naive Bayes + Rule-Based Planning,SUFFICIENT_COVERAGE,"Wait recommended because available and inbound supply are sufficient for projected demand, and current stockout risk is Low (0.00).",HIGH_CRITICALITY; OPEN_SO_EXISTS,Pending,
557,2026-03-08,8254,2120-16-UHK,8,18.0,Low,3.278872295545111e-06,REORDER,1000,1,2026-07-06,999.0,20.0,0.0,20.0,Naive Bayes + Rule-Based Planning,REORDER_TRIGGER,"Reorder recommended because net available inventory (18.0) is at or below the reorder trigger, stockout risk is Low (0.00), and MOQ rules require an order quantity of 1000 units.",MOQ_APPLIED; HIGH_CRITICALITY; OPEN_PO_EXISTS,Pending,
558,2026-03-08,8260,1204-14GC,0,200.0,Low,3.299160781681592e-06,REORDER,1000,2,2026-07-06,999.0,1500.0,0.0,1500.0,Naive Bayes + Rule-Based Planning,REORDER_TRIGGER,"Reorder recommended because net available inventory (200.0) is at or below the reorder trigger, stockout risk is Low (0.00), and MOQ rules require an order quantity of 1000 units.",MOQ_APPLIED; HIGH_CRITICALITY; OPEN_PO_EXISTS,Pending,
559,2026-03-08,8261,1815-18GC,0,150.0,Low,3.2936434095467953e-06,REORDER,1000,2,2026-07-06,999.0,1500.0,0.0,1500.0,Naive Bayes + Rule-Based Planning,REORDER_TRIGGER,"Reorder recommended because net available inventory (150.0) is at or below the reorder trigger, stockout risk is Low (0.00), and MOQ rules require an order quantity of 1000 units.",MOQ_APPLIED; HIGH_CRITICALITY; OPEN_PO_EXISTS,Pending,
560,2026-03-08,8262,MRP001R,0,0.0,Low,3.2770019659521374e-06,REORDER,500,1,2026-07-06,999.0,375.0,0.0,375.0,Naive Bayes + Rule-Based Planning,REORDER_TRIGGER,"Reorder recommended because net available inventory (0.0) is at or below the reorder trigger, stockout risk is Low (0.00), and MOQ rules require an order quantity of 500 units.",MOQ_APPLIED,Pending,
561,2026-03-08,8263,LRK207-002,0,0.0,Low,3.2770019659521374e-06,REORDER,1000,2,2026-07-06,999.0,750.0,0.0,750.0,Naive Bayes + Rule-Based Planning,REORDER_TRIGGER,"Reorder recommended because net available inventory (0.0) is at or below the reorder trigger, stockout risk is Low (0.00), and MOQ rules require an order quantity of 1000 units.",MOQ_APPLIED; HIGH_CRITICALITY,Pending,
562,2026-03-08,8264,ST217,0,0.0,Low,3.2770019659521374e-06,REORDER,1000,2,2026-07-06,999.0,1750.0,0.0,1750.0,Naive Bayes + Rule-Based Planning,REORDER_TRIGGER,"Reorder recommended because net available inventory (0.0) is at or below the reorder trigger, stockout risk is Low (0.00), and MOQ rules require an order quantity of 1000 units.",MOQ_APPLIED; HIGH_CRITICALITY,Pending,
563,2026-03-08,8265,WD003-002,0,0.0,Low,3.2770019659521374e-06,REORDER,1000,2,2026-07-06,999.0,1120.0,0.0,1120.0,Naive Bayes + Rule-Based Planning,REORDER_TRIGGER,"Reorder recommended because net available inventory (0.0) is at or below the reorder trigger, stockout risk is Low (0.00), and MOQ rules require an order quantity of 1000 units.",MOQ_APPLIED; HIGH_CRITICALITY,Pending,
564,2026-03-08,8266,LRK208-002,0,0.0,Low,3.2770019659521374e-06,REORDER,1000,2,2026-07-06,999.0,750.0,0.0,750.0,Naive Bayes + Rule-Based Planning,REORDER_TRIGGER,"Reorder recommended because net available inventory (0.0) is at or below the reorder trigger, stockout risk is Low (0.00), and MOQ rules require an order quantity of 1000 units.",MOQ_APPLIED; HIGH_CRITICALITY,Pending,
565,2026-03-08,8267,SKP97013 ,0,-4.0,Low,3.270677584776573e-06,REORDER,1500,3,2026-07-06,999.0,3000.0,0.0,3000.0,Naive Bayes + Rule-Based Planning,REORDER_TRIGGER,"Reorder recommended because net available inventory (-4.0) is at or below the reorder trigger, stockout risk is Low (0.00), and MOQ rules require an order quantity of 1500 units.",MOQ_APPLIED; HIGH_CRITICALITY; OPEN_SO_EXISTS,Pending,
566,2026-03-08,8268,HH97013,300,597.0,Low,3.2389164736924418e-06,REORDER,500,1,2026-07-06,999.0,1000.0,0.0,1000.0,Naive Bayes + Rule-Based Planning,REORDER_TRIGGER,"Reorder recommended because net available inventory (597.0) is at or below the reorder trigger, stockout risk is Low (0.00), and MOQ rules require an order quantity of 500 units.",MOQ_APPLIED; HIGH_CRITICALITY; OPEN_PO_EXISTS; OPEN_SO_EXISTS,Pending,
567,2026-03-08,8269,FLXSK97013,300,594.0,Low,3.2343466558675634e-06,REORDER,500,1,2026-07-06,999.0,1000.0,0.0,1000.0,Naive Bayes + Rule-Based Planning,REORDER_TRIGGER,"Reorder recommended because net available inventory (594.0) is at or below the reorder trigger, stockout risk is Low (0.00), and MOQ rules require an order quantity of 500 units.",MOQ_APPLIED; HIGH_CRITICALITY; OPEN_PO_EXISTS; OPEN_SO_EXISTS,Pending,
568,2026-03-08,8270,RA97013,300,596.0,Low,3.2373776902689527e-06,REORDER,500,1,2026-07-06,999.0,1000.0,0.0,1000.0,Naive Bayes + Rule-Based Planning,REORDER_TRIGGER,"Reorder recommended because net available inventory (596.0) is at or below the reorder trigger, stockout risk is Low (0.00), and MOQ rules require an order quantity of 500 units.",MOQ_APPLIED; HIGH_CRITICALITY; OPEN_PO_EXISTS; OPEN_SO_EXISTS,Pending,
569,2026-03-08,8271,FLX97013,0,0.0,Low,3.2770019659521374e-06,REORDER,1000,2,2026-07-06,999.0,2000.0,0.0,2000.0,Naive Bayes + Rule-Based Planning,REORDER_TRIGGER,"Reorder recommended because net available inventory (0.0) is at or below the reorder trigger, stockout risk is Low (0.00), and MOQ rules require an order quantity of 1000 units.",MOQ_APPLIED; HIGH_CRITICALITY,Pending,
570,2026-03-08,8283,70433,200,400.0,Low,3.2763999066826907e-06,WAIT,0,0,,999.0,0.0,0.0,0.0,Naive Bayes + Rule-Based Planning,SUFFICIENT_COVERAGE,"Wait recommended because available and inbound supply are sufficient for projected demand, and current stockout risk is Low (0.00).",OPEN_PO_EXISTS,Pending,
