po_id ,item_id ,qty_ordered ,order_date ,expected_arrival ,status 
SO2733898,282,2,2/13/2024,12/31/9999,Pending Fulfillment
SO2733898,7974,234,2/13/2024,12/31/9999,Pending Fulfillment
SO2837540,282,2,12/17/2024,9/5/2025,Pending Fulfillment
SO2837540,5311,408,12/17/2024,9/5/2025,Pending Fulfillment
SO2844705,282,2,2/18/2025,12/31/9999,Pending Fulfillment
SO2844705,7731,462,2/18/2025,12/31/9999,Pending Fulfillment
SO2847156,282,2,3/7/2025,3/7/2025,Pending Fulfillment
SO2847156,8203,2,3/7/2025,3/7/2025,Pending Fulfillment
SO2911093,282,2,9/19/2025,1/23/2026,Pending Fulfillment
SO2911093,8213,835,9/19/2025,1/23/2026,Pending Fulfillment
SO2911098,282,2,9/19/2025,1/13/2026,Pending Fulfillment
SO2911098,8136,420,9/19/2025,1/13/2026,Pending Fulfillment
SO2914728,282,2,10/9/2025,3/6/2026,Pending Fulfillment
SO2914728,8255,"1,979",10/9/2025,3/6/2026,Pending Fulfillment
SO2914729,282,2,10/9/2025,3/4/2026,Pending Fulfillment
SO2914729,6713,833,10/9/2025,3/4/2026,Pending Fulfillment
SO2914730,282,2,10/9/2025,2/28/2026,Pending Fulfillment
SO2914730,8136,420,10/9/2025,2/28/2026,Pending Fulfillment
SO2914731,282,2,10/9/2025,3/6/2026,Pending Fulfillment
SO2914731,6358,"4,572",10/9/2025,3/6/2026,Pending Fulfillment
SO2914731,8136,420,10/9/2025,3/6/2026,Pending Fulfillment
SO2914780,282,2,10/9/2025,2/15/2026,Pending Fulfillment
SO2914780,8213,835,10/9/2025,2/15/2026,Pending Fulfillment
SO2914781,282,2,10/9/2025,3/14/2026,Pending Fulfillment
SO2914781,8213,835,10/9/2025,3/14/2026,Pending Fulfillment
SO2914782,282,2,10/9/2025,3/7/2026,Pending Fulfillment
SO2914782,8213,835,10/9/2025,3/7/2026,Pending Fulfillment
SO2914783,282,2,10/9/2025,2/28/2026,Pending Fulfillment
SO2914783,8213,835,10/9/2025,2/28/2026,Pending Fulfillment
SO2915866,282,2,10/15/2025,4/29/2026,Pending Fulfillment
SO2915866,5569,204,10/15/2025,4/29/2026,Pending Fulfillment
SO2918248,183,250,11/4/2025,11/25/2025,Partially Fulfilled
SO2918248,358,320,11/4/2025,11/25/2025,Partially Fulfilled
SO2925181,282,2,11/4/2025,3/12/2026,Pending Fulfillment
SO2925181,5548,12,11/4/2025,3/12/2026,Pending Fulfillment
SO2925181,5567,72,11/4/2025,3/12/2026,Pending Fulfillment
SO2925181,5568,84,11/4/2025,3/12/2026,Pending Fulfillment
SO2925181,5569,24,11/4/2025,3/12/2026,Pending Fulfillment
SO2925181,5610,10,11/4/2025,3/12/2026,Pending Fulfillment
SO2925181,5618,5,11/4/2025,3/12/2026,Pending Fulfillment
SO2925181,6725,36,11/4/2025,3/12/2026,Pending Fulfillment
SO2925181,6727,36,11/4/2025,3/12/2026,Pending Fulfillment
SO2925181,6730,18,11/4/2025,3/12/2026,Pending Fulfillment
SO2925181,6741,42,11/4/2025,3/12/2026,Pending Fulfillment
SO2925181,6742,12,11/4/2025,3/12/2026,Pending Fulfillment
SO2925181,6743,12,11/4/2025,3/12/2026,Pending Fulfillment
SO2925181,6744,6,11/4/2025,3/12/2026,Pending Fulfillment
SO2925181,6746,6,11/4/2025,3/12/2026,Pending Fulfillment
SO2925181,6748,6,11/4/2025,3/12/2026,Pending Fulfillment
SO2925181,6751,18,11/4/2025,3/12/2026,Pending Fulfillment
SO2925181,6753,6,11/4/2025,3/12/2026,Pending Fulfillment
SO2925181,6755,18,11/4/2025,3/12/2026,Pending Fulfillment
SO2925181,6756,6,11/4/2025,3/12/2026,Pending Fulfillment
SO2925181,6757,6,11/4/2025,3/12/2026,Pending Fulfillment
SO2925181,6758,12,11/4/2025,3/12/2026,Pending Fulfillment
SO2925181,6760,6,11/4/2025,3/12/2026,Pending Fulfillment
SO2925181,6762,4,11/4/2025,3/12/2026,Pending Fulfillment
SO2925181,6765,12,11/4/2025,3/12/2026,Pending Fulfillment
SO2925181,6769,18,11/4/2025,3/12/2026,Pending Fulfillment
SO2925181,6770,12,11/4/2025,3/12/2026,Pending Fulfillment
SO2925181,6771,6,11/4/2025,3/12/2026,Pending Fulfillment
SO2925181,6772,4,11/4/2025,3/12/2026,Pending Fulfillment
SO2925181,7982,5,11/4/2025,3/12/2026,Pending Fulfillment
SO2925181,7983,10,11/4/2025,3/12/2026,Pending Fulfillment
SO2925181,7986,4,11/4/2025,3/12/2026,Pending Fulfillment
SO2925181,7987,15,11/4/2025,3/12/2026,Pending Fulfillment
SO2925181,7989,10,11/4/2025,3/12/2026,Pending Fulfillment
SO2925181,8008,12,11/4/2025,3/12/2026,Pending Fulfillment
SO2925181,8011,36,11/4/2025,3/12/2026,Pending Fulfillment
SO2925181,8012,12,11/4/2025,3/12/2026,Pending Fulfillment
SO2925181,8017,8,11/4/2025,3/12/2026,Pending Fulfillment
SO2925181,8025,8,11/4/2025,3/12/2026,Pending Fulfillment
SO2925181,8026,8,11/4/2025,3/12/2026,Pending Fulfillment
SO2925181,8028,8,11/4/2025,3/12/2026,Pending Fulfillment
SO2925181,8232,132,11/4/2025,3/12/2026,Pending Fulfillment
SO2925181,8233,96,11/4/2025,3/12/2026,Pending Fulfillment
SO2925182,282,2,11/4/2025,3/12/2026,Pending Fulfillment
SO2925182,5556,12,11/4/2025,3/12/2026,Pending Fulfillment
SO2925182,5560,12,11/4/2025,3/12/2026,Pending Fulfillment
SO2925182,5567,36,11/4/2025,3/12/2026,Pending Fulfillment
SO2925182,5568,36,11/4/2025,3/12/2026,Pending Fulfillment
SO2925182,5569,12,11/4/2025,3/12/2026,Pending Fulfillment
SO2925182,5570,24,11/4/2025,3/12/2026,Pending Fulfillment
SO2925182,5607,95,11/4/2025,3/12/2026,Pending Fulfillment
SO2925182,5612,10,11/4/2025,3/12/2026,Pending Fulfillment
SO2925182,5617,20,11/4/2025,3/12/2026,Pending Fulfillment
SO2925182,5618,25,11/4/2025,3/12/2026,Pending Fulfillment
SO2925182,6022,4,11/4/2025,3/12/2026,Pending Fulfillment
SO2925182,6725,36,11/4/2025,3/12/2026,Pending Fulfillment
SO2925182,6728,36,11/4/2025,3/12/2026,Pending Fulfillment
SO2925182,6731,36,11/4/2025,3/12/2026,Pending Fulfillment
SO2925182,6743,4,11/4/2025,3/12/2026,Pending Fulfillment
SO2925182,6746,6,11/4/2025,3/12/2026,Pending Fulfillment
SO2925182,6748,6,11/4/2025,3/12/2026,Pending Fulfillment
SO2925182,6752,6,11/4/2025,3/12/2026,Pending Fulfillment
SO2925182,6753,6,11/4/2025,3/12/2026,Pending Fulfillment
SO2925182,6756,18,11/4/2025,3/12/2026,Pending Fulfillment
SO2925182,6769,6,11/4/2025,3/12/2026,Pending Fulfillment
SO2925182,8005,12,11/4/2025,3/12/2026,Pending Fulfillment
SO2925182,8007,12,11/4/2025,3/12/2026,Pending Fulfillment
SO2925182,8023,8,11/4/2025,3/12/2026,Pending Fulfillment
SO2925182,8232,96,11/4/2025,3/12/2026,Pending Fulfillment
SO2925182,8233,156,11/4/2025,3/12/2026,Pending Fulfillment
SO2925186,282,2,11/4/2025,3/12/2026,Pending Fulfillment
SO2925186,5544,60,11/4/2025,3/12/2026,Pending Fulfillment
SO2925186,5548,24,11/4/2025,3/12/2026,Pending Fulfillment
SO2925186,5556,36,11/4/2025,3/12/2026,Pending Fulfillment
SO2925186,5565,24,11/4/2025,3/12/2026,Pending Fulfillment
SO2925186,5567,72,11/4/2025,3/12/2026,Pending Fulfillment
SO2925186,5568,72,11/4/2025,3/12/2026,Pending Fulfillment
SO2925186,5570,24,11/4/2025,3/12/2026,Pending Fulfillment
SO2925186,5607,10,11/4/2025,3/12/2026,Pending Fulfillment
SO2925186,5613,4,11/4/2025,3/12/2026,Pending Fulfillment
SO2925186,5617,12,11/4/2025,3/12/2026,Pending Fulfillment
SO2925186,6062,2,11/4/2025,3/12/2026,Pending Fulfillment
SO2925186,6728,6,11/4/2025,3/12/2026,Pending Fulfillment
SO2925186,6751,6,11/4/2025,3/12/2026,Pending Fulfillment
SO2925186,6772,4,11/4/2025,3/12/2026,Pending Fulfillment
SO2925186,7982,15,11/4/2025,3/12/2026,Pending Fulfillment
SO2925186,7987,5,11/4/2025,3/12/2026,Pending Fulfillment
SO2925186,7989,20,11/4/2025,3/12/2026,Pending Fulfillment
SO2925186,8001,12,11/4/2025,3/12/2026,Pending Fulfillment
SO2925186,8005,12,11/4/2025,3/12/2026,Pending Fulfillment
SO2925186,8006,12,11/4/2025,3/12/2026,Pending Fulfillment
SO2925186,8012,72,11/4/2025,3/12/2026,Pending Fulfillment
SO2925186,8013,24,11/4/2025,3/12/2026,Pending Fulfillment
SO2925186,8016,12,11/4/2025,3/12/2026,Pending Fulfillment
SO2925186,8017,8,11/4/2025,3/12/2026,Pending Fulfillment
SO2925186,8018,8,11/4/2025,3/12/2026,Pending Fulfillment
SO2925186,8025,24,11/4/2025,3/12/2026,Pending Fulfillment
SO2925186,8028,16,11/4/2025,3/12/2026,Pending Fulfillment
SO2925186,8232,120,11/4/2025,3/12/2026,Pending Fulfillment
SO2925186,8233,108,11/4/2025,3/12/2026,Pending Fulfillment
SO2925179,282,2,11/4/2025,3/12/2026,Pending Fulfillment
SO2925179,5330,12,11/4/2025,3/12/2026,Pending Fulfillment
SO2925179,5535,12,11/4/2025,3/12/2026,Pending Fulfillment
SO2925179,5540,12,11/4/2025,3/12/2026,Pending Fulfillment
SO2925179,5545,12,11/4/2025,3/12/2026,Pending Fulfillment
SO2925179,5614,5,11/4/2025,3/12/2026,Pending Fulfillment
SO2925179,5617,4,11/4/2025,3/12/2026,Pending Fulfillment
SO2925179,5618,5,11/4/2025,3/12/2026,Pending Fulfillment
SO2925179,6062,5,11/4/2025,3/12/2026,Pending Fulfillment
SO2925179,6117,4,11/4/2025,3/12/2026,Pending Fulfillment
SO2925179,6727,12,11/4/2025,3/12/2026,Pending Fulfillment
SO2925179,6742,12,11/4/2025,3/12/2026,Pending Fulfillment
SO2925179,6743,6,11/4/2025,3/12/2026,Pending Fulfillment
SO2925179,6751,6,11/4/2025,3/12/2026,Pending Fulfillment
SO2925179,6755,6,11/4/2025,3/12/2026,Pending Fulfillment
SO2925179,6756,6,11/4/2025,3/12/2026,Pending Fulfillment
SO2925179,7982,50,11/4/2025,3/12/2026,Pending Fulfillment
SO2925179,7983,10,11/4/2025,3/12/2026,Pending Fulfillment
SO2925179,7987,5,11/4/2025,3/12/2026,Pending Fulfillment
SO2925179,7988,15,11/4/2025,3/12/2026,Pending Fulfillment
SO2925179,7989,20,11/4/2025,3/12/2026,Pending Fulfillment
SO2925179,8006,12,11/4/2025,3/12/2026,Pending Fulfillment
SO2925179,8012,12,11/4/2025,3/12/2026,Pending Fulfillment
SO2925179,8025,16,11/4/2025,3/12/2026,Pending Fulfillment
SO2925179,8232,96,11/4/2025,3/12/2026,Pending Fulfillment
SO2925179,8233,60,11/4/2025,3/12/2026,Pending Fulfillment
SO2918989,282,2,11/10/2025,12/31/9999,Pending Fulfillment
SO2918989,2985,145,11/10/2025,12/31/9999,Pending Fulfillment
SO2919205,282,2,11/12/2025,3/20/2026,Pending Fulfillment
SO2919205,5607,125,11/12/2025,3/20/2026,Pending Fulfillment
SO2919205,5609,95,11/12/2025,3/20/2026,Pending Fulfillment
SO2919287,282,2,11/13/2025,1/5/2026,Pending Fulfillment
SO2919287,6722,"1,950",11/13/2025,1/5/2026,Pending Fulfillment
SO2919288,282,2,11/13/2025,1/5/2026,Pending Fulfillment
SO2919288,6722,"1,950",11/13/2025,1/5/2026,Pending Fulfillment
SO2919289,282,2,11/13/2025,1/5/2026,Pending Fulfillment
SO2919289,6721,975,11/13/2025,1/5/2026,Pending Fulfillment
SO2919289,6722,975,11/13/2025,1/5/2026,Pending Fulfillment
SO2919870,282,2,11/19/2025,3/27/2026,Pending Fulfillment
SO2919870,8213,835,11/19/2025,3/27/2026,Pending Fulfillment
SO2919871,282,2,11/19/2025,3/30/2026,Pending Fulfillment
SO2919871,8213,835,11/19/2025,3/30/2026,Pending Fulfillment
SO2919872,282,2,11/19/2025,4/4/2026,Pending Fulfillment
SO2919872,8213,835,11/19/2025,4/4/2026,Pending Fulfillment
SO2919873,282,2,11/19/2025,4/11/2026,Pending Fulfillment
SO2919873,8213,835,11/19/2025,4/11/2026,Pending Fulfillment
SO2919874,282,2,11/19/2025,4/24/2026,Pending Fulfillment
SO2919874,8255,"1,979",11/19/2025,4/24/2026,Pending Fulfillment
SO2919875,282,2,11/19/2025,4/24/2026,Pending Fulfillment
SO2919875,8213,835,11/19/2025,4/24/2026,Pending Fulfillment
SO2919876,282,2,11/19/2025,5/2/2026,Pending Fulfillment
SO2919876,8213,835,11/19/2025,5/2/2026,Pending Fulfillment
SO2919877,282,2,11/19/2025,3/7/2026,Pending Fulfillment
SO2919877,6713,833,11/19/2025,3/7/2026,Pending Fulfillment
SO2919878,282,2,11/19/2025,3/18/2026,Pending Fulfillment
SO2919878,8136,420,11/19/2025,3/18/2026,Pending Fulfillment
SO2919879,282,2,11/19/2025,4/8/2026,Pending Fulfillment
SO2919879,6713,833,11/19/2025,4/8/2026,Pending Fulfillment
SO2919880,282,2,11/19/2025,4/1/2026,Pending Fulfillment
SO2919880,6358,"3,708",11/19/2025,4/1/2026,Pending Fulfillment
SO2919880,8136,420,11/19/2025,4/1/2026,Pending Fulfillment
SO2919881,282,2,11/19/2025,4/15/2026,Pending Fulfillment
SO2919881,8136,420,11/19/2025,4/15/2026,Pending Fulfillment
SO2919882,282,2,11/19/2025,5/6/2026,Pending Fulfillment
SO2919882,6713,833,11/19/2025,5/6/2026,Pending Fulfillment
SO2919883,282,2,11/19/2025,5/5/2026,Pending Fulfillment
SO2919883,6358,"3,672",11/19/2025,5/5/2026,Pending Fulfillment
SO2919883,8136,420,11/19/2025,5/5/2026,Pending Fulfillment
SO2919914,282,2,11/19/2025,3/9/2026,Pending Fulfillment
SO2919914,349,85,11/19/2025,3/9/2026,Pending Fulfillment
SO2919914,350,896,11/19/2025,3/9/2026,Pending Fulfillment
SO2919914,361,4,11/19/2025,3/9/2026,Pending Fulfillment
SO2919914,401,193,11/19/2025,3/9/2026,Pending Fulfillment
SO2919914,5993,336,11/19/2025,3/9/2026,Pending Fulfillment
SO2919915,282,2,11/19/2025,3/9/2026,Pending Fulfillment
SO2919915,349,7,11/19/2025,3/9/2026,Pending Fulfillment
SO2919915,350,111,11/19/2025,3/9/2026,Pending Fulfillment
SO2919915,361,260,11/19/2025,3/9/2026,Pending Fulfillment
SO2919915,401,38,11/19/2025,3/9/2026,Pending Fulfillment
SO2919915,2631,325,11/19/2025,3/9/2026,Pending Fulfillment
SO2919915,5993,46,11/19/2025,3/9/2026,Pending Fulfillment
SO2919918,282,2,11/19/2025,3/9/2026,Pending Fulfillment
SO2919918,349,361,11/19/2025,3/9/2026,Pending Fulfillment
SO2919918,350,"1,534",11/19/2025,3/9/2026,Pending Fulfillment
SO2919918,361,170,11/19/2025,3/9/2026,Pending Fulfillment
SO2919918,401,487,11/19/2025,3/9/2026,Pending Fulfillment
SO2919918,2631,460,11/19/2025,3/9/2026,Pending Fulfillment
SO2919921,282,2,11/19/2025,3/9/2026,Pending Fulfillment
SO2919921,3071,53,11/19/2025,3/9/2026,Pending Fulfillment
SO2919921,3072,357,11/19/2025,3/9/2026,Pending Fulfillment
SO2919922,282,2,11/19/2025,3/9/2026,Pending Fulfillment
SO2919922,349,290,11/19/2025,3/9/2026,Pending Fulfillment
SO2919922,350,913,11/19/2025,3/9/2026,Pending Fulfillment
SO2919922,361,143,11/19/2025,3/9/2026,Pending Fulfillment
SO2919922,401,225,11/19/2025,3/9/2026,Pending Fulfillment
SO2919922,5993,731,11/19/2025,3/9/2026,Pending Fulfillment
SO2919925,282,2,11/19/2025,3/9/2026,Pending Fulfillment
SO2919925,349,69,11/19/2025,3/9/2026,Pending Fulfillment
SO2919925,350,"1,453",11/19/2025,3/9/2026,Pending Fulfillment
SO2919925,361,318,11/19/2025,3/9/2026,Pending Fulfillment
SO2919925,5993,398,11/19/2025,3/9/2026,Pending Fulfillment
SO2919927,282,2,11/19/2025,3/9/2026,Pending Fulfillment
SO2919927,3071,76,11/19/2025,3/9/2026,Pending Fulfillment
SO2919927,3072,347,11/19/2025,3/9/2026,Pending Fulfillment
SO2919929,350,81,11/19/2025,1/26/2026,Partially Fulfilled
SO2919929,401,35,11/19/2025,1/26/2026,Partially Fulfilled
SO2919932,282,2,11/19/2025,3/9/2026,Pending Fulfillment
SO2919932,349,173,11/19/2025,3/9/2026,Pending Fulfillment
SO2919932,350,709,11/19/2025,3/9/2026,Pending Fulfillment
SO2919932,401,194,11/19/2025,3/9/2026,Pending Fulfillment
SO2919932,5993,295,11/19/2025,3/9/2026,Pending Fulfillment
SO2919933,282,2,11/19/2025,3/9/2026,Pending Fulfillment
SO2919933,3071,113,11/19/2025,3/9/2026,Pending Fulfillment
SO2919933,3072,142,11/19/2025,3/9/2026,Pending Fulfillment
SO2919936,282,2,11/19/2025,3/9/2026,Pending Fulfillment
SO2919936,3071,32,11/19/2025,3/9/2026,Pending Fulfillment
SO2919936,3072,321,11/19/2025,3/9/2026,Pending Fulfillment
SO2925183,282,2,11/20/2025,3/12/2026,Pending Fulfillment
SO2925183,5560,12,11/20/2025,3/12/2026,Pending Fulfillment
SO2925183,5565,24,11/20/2025,3/12/2026,Pending Fulfillment
SO2925183,5567,72,11/20/2025,3/12/2026,Pending Fulfillment
SO2925183,5568,96,11/20/2025,3/12/2026,Pending Fulfillment
SO2925183,5570,48,11/20/2025,3/12/2026,Pending Fulfillment
SO2925183,5607,110,11/20/2025,3/12/2026,Pending Fulfillment
SO2925183,5610,10,11/20/2025,3/12/2026,Pending Fulfillment
SO2925183,5618,30,11/20/2025,3/12/2026,Pending Fulfillment
SO2925183,6725,120,11/20/2025,3/12/2026,Pending Fulfillment
SO2925183,6726,66,11/20/2025,3/12/2026,Pending Fulfillment
SO2925183,6727,48,11/20/2025,3/12/2026,Pending Fulfillment
SO2925183,6728,12,11/20/2025,3/12/2026,Pending Fulfillment
SO2925183,6730,6,11/20/2025,3/12/2026,Pending Fulfillment
SO2925183,6731,264,11/20/2025,3/12/2026,Pending Fulfillment
SO2925183,6752,6,11/20/2025,3/12/2026,Pending Fulfillment
SO2925183,6753,6,11/20/2025,3/12/2026,Pending Fulfillment
SO2925183,6758,6,11/20/2025,3/12/2026,Pending Fulfillment
SO2925183,7982,35,11/20/2025,3/12/2026,Pending Fulfillment
SO2925183,7984,5,11/20/2025,3/12/2026,Pending Fulfillment
SO2925183,7986,5,11/20/2025,3/12/2026,Pending Fulfillment
SO2925183,7987,10,11/20/2025,3/12/2026,Pending Fulfillment
SO2925183,7988,5,11/20/2025,3/12/2026,Pending Fulfillment
SO2925183,8011,12,11/20/2025,3/12/2026,Pending Fulfillment
SO2925183,8012,24,11/20/2025,3/12/2026,Pending Fulfillment
SO2925183,8025,8,11/20/2025,3/12/2026,Pending Fulfillment
SO2925183,8232,132,11/20/2025,3/12/2026,Pending Fulfillment
SO2925183,8233,120,11/20/2025,3/12/2026,Pending Fulfillment
SO2921139,183,80,12/1/2025,4/24/2026,Pending Fulfillment
SO2921139,282,2,12/1/2025,4/24/2026,Pending Fulfillment
SO2921141,282,2,12/1/2025,4/13/2026,Pending Fulfillment
SO2921141,6235,60,12/1/2025,4/13/2026,Pending Fulfillment
SO2921280,282,2,12/1/2025,3/12/2026,Pending Approval
SO2921280,5548,36,12/1/2025,3/12/2026,Pending Approval
SO2921280,5568,60,12/1/2025,3/12/2026,Pending Approval
SO2921280,5610,5,12/1/2025,3/12/2026,Pending Approval
SO2921280,6741,12,12/1/2025,3/12/2026,Pending Approval
SO2921280,6744,12,12/1/2025,3/12/2026,Pending Approval
SO2921280,6746,12,12/1/2025,3/12/2026,Pending Approval
SO2921280,6757,12,12/1/2025,3/12/2026,Pending Approval
SO2921280,6770,12,12/1/2025,3/12/2026,Pending Approval
SO2921280,6772,8,12/1/2025,3/12/2026,Pending Approval
SO2921280,7982,15,12/1/2025,3/12/2026,Pending Approval
SO2921280,7989,10,12/1/2025,3/12/2026,Pending Approval
SO2921280,8232,72,12/1/2025,3/12/2026,Pending Approval
SO2921280,8233,72,12/1/2025,3/12/2026,Pending Approval
SO2921281,282,2,12/1/2025,3/12/2026,Pending Fulfillment
SO2921281,5567,120,12/1/2025,3/12/2026,Pending Fulfillment
SO2921281,5569,12,12/1/2025,3/12/2026,Pending Fulfillment
SO2921281,5570,12,12/1/2025,3/12/2026,Pending Fulfillment
SO2921281,5607,120,12/1/2025,3/12/2026,Pending Fulfillment
SO2921281,5618,5,12/1/2025,3/12/2026,Pending Fulfillment
SO2921281,6725,36,12/1/2025,3/12/2026,Pending Fulfillment
SO2921281,6727,24,12/1/2025,3/12/2026,Pending Fulfillment
SO2921281,6728,24,12/1/2025,3/12/2026,Pending Fulfillment
SO2921281,6730,6,12/1/2025,3/12/2026,Pending Fulfillment
SO2921281,6731,72,12/1/2025,3/12/2026,Pending Fulfillment
SO2925180,282,2,12/1/2025,3/12/2026,Pending Fulfillment
SO2925180,5567,136,12/1/2025,3/12/2026,Pending Fulfillment
SO2925180,5568,180,12/1/2025,3/12/2026,Pending Fulfillment
SO2925180,5607,120,12/1/2025,3/12/2026,Pending Fulfillment
SO2925180,5608,5,12/1/2025,3/12/2026,Pending Fulfillment
SO2925180,5612,5,12/1/2025,3/12/2026,Pending Fulfillment
SO2925180,5617,4,12/1/2025,3/12/2026,Pending Fulfillment
SO2925180,6725,480,12/1/2025,3/12/2026,Pending Fulfillment
SO2925180,6726,120,12/1/2025,3/12/2026,Pending Fulfillment
SO2925180,6727,120,12/1/2025,3/12/2026,Pending Fulfillment
SO2925180,6730,24,12/1/2025,3/12/2026,Pending Fulfillment
SO2925180,6731,840,12/1/2025,3/12/2026,Pending Fulfillment
SO2925180,6757,6,12/1/2025,3/12/2026,Pending Fulfillment
SO2925180,6767,6,12/1/2025,3/12/2026,Pending Fulfillment
SO2925180,7989,20,12/1/2025,3/12/2026,Pending Fulfillment
SO2925180,8232,120,12/1/2025,3/12/2026,Pending Fulfillment
SO2925180,8233,132,12/1/2025,3/12/2026,Pending Fulfillment
SO2923738,282,2,12/22/2025,12/31/9999,Pending Fulfillment
SO2923738,3073,56,12/22/2025,12/31/9999,Pending Fulfillment
SO2924477,282,2,1/2/2026,1/14/2026,Pending Fulfillment
SO2924477,6012,106,1/2/2026,1/14/2026,Pending Fulfillment
SO2924477,6013,"1,287",1/2/2026,1/14/2026,Pending Fulfillment
SO2924486,282,2,1/2/2026,3/11/2026,Pending Fulfillment
SO2924486,6013,55,1/2/2026,3/11/2026,Pending Fulfillment
SO2924487,282,2,1/2/2026,4/8/2026,Pending Fulfillment
SO2924487,6013,55,1/2/2026,4/8/2026,Pending Fulfillment
SO2924670,282,2,1/5/2026,12/31/9999,Pending Fulfillment
SO2924670,2749,43,1/5/2026,12/31/9999,Pending Fulfillment
SO2924683,282,2,1/5/2026,12/31/9999,Pending Fulfillment
SO2924683,337,9,1/5/2026,12/31/9999,Pending Fulfillment
SO2924683,6123,35,1/5/2026,12/31/9999,Pending Fulfillment
SO2924683,6134,39,1/5/2026,12/31/9999,Pending Fulfillment
SO2924967,282,2,1/9/2026,1/20/2026,Pending Fulfillment
SO2924967,337,1,1/9/2026,1/20/2026,Pending Fulfillment
SO2924967,392,1,1/9/2026,1/20/2026,Pending Fulfillment
SO2924967,2632,1,1/9/2026,1/20/2026,Pending Fulfillment
SO2924967,5329,1,1/9/2026,1/20/2026,Pending Fulfillment
SO2924967,5534,1,1/9/2026,1/20/2026,Pending Fulfillment
SO2924967,5539,1,1/9/2026,1/20/2026,Pending Fulfillment
SO2924967,5544,1,1/9/2026,1/20/2026,Pending Fulfillment
SO2924967,5548,1,1/9/2026,1/20/2026,Pending Fulfillment
SO2924967,5552,1,1/9/2026,1/20/2026,Pending Fulfillment
SO2924967,5556,1,1/9/2026,1/20/2026,Pending Fulfillment
SO2924967,5560,1,1/9/2026,1/20/2026,Pending Fulfillment
SO2924967,5565,1,1/9/2026,1/20/2026,Pending Fulfillment
SO2924967,5567,12,1/9/2026,1/20/2026,Pending Fulfillment
SO2924967,5568,12,1/9/2026,1/20/2026,Pending Fulfillment
SO2924967,5607,1,1/9/2026,1/20/2026,Pending Fulfillment
SO2924967,5608,1,1/9/2026,1/20/2026,Pending Fulfillment
SO2924967,5609,1,1/9/2026,1/20/2026,Pending Fulfillment
SO2924967,5610,1,1/9/2026,1/20/2026,Pending Fulfillment
SO2924967,5611,1,1/9/2026,1/20/2026,Pending Fulfillment
SO2924967,5612,1,1/9/2026,1/20/2026,Pending Fulfillment
SO2924967,5613,1,1/9/2026,1/20/2026,Pending Fulfillment
SO2924967,5614,1,1/9/2026,1/20/2026,Pending Fulfillment
SO2924967,5615,1,1/9/2026,1/20/2026,Pending Fulfillment
SO2924967,5616,1,1/9/2026,1/20/2026,Pending Fulfillment
SO2924967,5617,1,1/9/2026,1/20/2026,Pending Fulfillment
SO2924967,5618,1,1/9/2026,1/20/2026,Pending Fulfillment
SO2924967,6022,1,1/9/2026,1/20/2026,Pending Fulfillment
SO2924967,6023,1,1/9/2026,1/20/2026,Pending Fulfillment
SO2924967,6024,1,1/9/2026,1/20/2026,Pending Fulfillment
SO2924967,6025,1,1/9/2026,1/20/2026,Pending Fulfillment
SO2924967,6026,1,1/9/2026,1/20/2026,Pending Fulfillment
SO2924967,6062,1,1/9/2026,1/20/2026,Pending Fulfillment
SO2924967,6115,1,1/9/2026,1/20/2026,Pending Fulfillment
SO2924967,6117,1,1/9/2026,1/20/2026,Pending Fulfillment
SO2924967,6134,1,1/9/2026,1/20/2026,Pending Fulfillment
SO2924967,6210,1,1/9/2026,1/20/2026,Pending Fulfillment
SO2924967,6650,1,1/9/2026,1/20/2026,Pending Fulfillment
SO2924967,6678,1,1/9/2026,1/20/2026,Pending Fulfillment
SO2924967,6725,12,1/9/2026,1/20/2026,Pending Fulfillment
SO2924967,6726,2,1/9/2026,1/20/2026,Pending Fulfillment
SO2924967,6727,12,1/9/2026,1/20/2026,Pending Fulfillment
SO2924967,6728,2,1/9/2026,1/20/2026,Pending Fulfillment
SO2924967,6730,2,1/9/2026,1/20/2026,Pending Fulfillment
SO2924967,6731,12,1/9/2026,1/20/2026,Pending Fulfillment
SO2924967,6732,2,1/9/2026,1/20/2026,Pending Fulfillment
SO2924967,6741,1,1/9/2026,1/20/2026,Pending Fulfillment
SO2924967,6742,1,1/9/2026,1/20/2026,Pending Fulfillment
SO2924967,6743,1,1/9/2026,1/20/2026,Pending Fulfillment
SO2924967,6744,1,1/9/2026,1/20/2026,Pending Fulfillment
SO2924967,6745,1,1/9/2026,1/20/2026,Pending Fulfillment
SO2924967,6746,1,1/9/2026,1/20/2026,Pending Fulfillment
SO2924967,6747,1,1/9/2026,1/20/2026,Pending Fulfillment
SO2924967,6748,1,1/9/2026,1/20/2026,Pending Fulfillment
SO2924967,6749,1,1/9/2026,1/20/2026,Pending Fulfillment
SO2924967,6750,1,1/9/2026,1/20/2026,Pending Fulfillment
SO2924967,6751,1,1/9/2026,1/20/2026,Pending Fulfillment
SO2924967,6752,1,1/9/2026,1/20/2026,Pending Fulfillment
SO2924967,6753,1,1/9/2026,1/20/2026,Pending Fulfillment
SO2924967,6754,1,1/9/2026,1/20/2026,Pending Fulfillment
SO2924967,6755,1,1/9/2026,1/20/2026,Pending Fulfillment
SO2924967,6756,1,1/9/2026,1/20/2026,Pending Fulfillment
SO2924967,6757,1,1/9/2026,1/20/2026,Pending Fulfillment
SO2924967,6758,1,1/9/2026,1/20/2026,Pending Fulfillment
SO2924967,6759,1,1/9/2026,1/20/2026,Pending Fulfillment
SO2924967,6760,1,1/9/2026,1/20/2026,Pending Fulfillment
SO2924967,6761,1,1/9/2026,1/20/2026,Pending Fulfillment
SO2924967,6763,1,1/9/2026,1/20/2026,Pending Fulfillment
SO2924967,6765,1,1/9/2026,1/20/2026,Pending Fulfillment
SO2924967,6767,6,1/9/2026,1/20/2026,Pending Fulfillment
SO2924967,6769,1,1/9/2026,1/20/2026,Pending Fulfillment
SO2924967,6770,1,1/9/2026,1/20/2026,Pending Fulfillment
SO2924967,6771,1,1/9/2026,1/20/2026,Pending Fulfillment
SO2924967,6772,1,1/9/2026,1/20/2026,Pending Fulfillment
SO2924967,7977,1,1/9/2026,1/20/2026,Pending Fulfillment
SO2924967,7982,5,1/9/2026,1/20/2026,Pending Fulfillment
SO2924967,7983,1,1/9/2026,1/20/2026,Pending Fulfillment
SO2924967,7984,1,1/9/2026,1/20/2026,Pending Fulfillment
SO2924967,7985,5,1/9/2026,1/20/2026,Pending Fulfillment
SO2924967,7986,1,1/9/2026,1/20/2026,Pending Fulfillment
SO2924967,7987,5,1/9/2026,1/20/2026,Pending Fulfillment
SO2924967,7988,1,1/9/2026,1/20/2026,Pending Fulfillment
SO2924967,7989,1,1/9/2026,1/20/2026,Pending Fulfillment
SO2924967,7999,12,1/9/2026,1/20/2026,Pending Fulfillment
SO2924967,8000,12,1/9/2026,1/20/2026,Pending Fulfillment
SO2924967,8001,12,1/9/2026,1/20/2026,Pending Fulfillment
SO2924967,8002,12,1/9/2026,1/20/2026,Pending Fulfillment
SO2924967,8003,12,1/9/2026,1/20/2026,Pending Fulfillment
SO2924967,8004,12,1/9/2026,1/20/2026,Pending Fulfillment
SO2924967,8005,12,1/9/2026,1/20/2026,Pending Fulfillment
SO2924967,8006,12,1/9/2026,1/20/2026,Pending Fulfillment
SO2924967,8007,12,1/9/2026,1/20/2026,Pending Fulfillment
SO2924967,8008,12,1/9/2026,1/20/2026,Pending Fulfillment
SO2924967,8009,12,1/9/2026,1/20/2026,Pending Fulfillment
SO2924967,8010,12,1/9/2026,1/20/2026,Pending Fulfillment
SO2924967,8011,12,1/9/2026,1/20/2026,Pending Fulfillment
SO2924967,8012,12,1/9/2026,1/20/2026,Pending Fulfillment
SO2924967,8013,12,1/9/2026,1/20/2026,Pending Fulfillment
SO2924967,8014,12,1/9/2026,1/20/2026,Pending Fulfillment
SO2924967,8015,12,1/9/2026,1/20/2026,Pending Fulfillment
SO2924967,8016,12,1/9/2026,1/20/2026,Pending Fulfillment
SO2924967,8017,8,1/9/2026,1/20/2026,Pending Fulfillment
SO2924967,8018,8,1/9/2026,1/20/2026,Pending Fulfillment
SO2924967,8019,8,1/9/2026,1/20/2026,Pending Fulfillment
SO2924967,8020,8,1/9/2026,1/20/2026,Pending Fulfillment
SO2924967,8021,8,1/9/2026,1/20/2026,Pending Fulfillment
SO2924967,8022,8,1/9/2026,1/20/2026,Pending Fulfillment
SO2924967,8023,8,1/9/2026,1/20/2026,Pending Fulfillment
SO2924967,8024,8,1/9/2026,1/20/2026,Pending Fulfillment
SO2924967,8025,8,1/9/2026,1/20/2026,Pending Fulfillment
SO2924967,8026,8,1/9/2026,1/20/2026,Pending Fulfillment
SO2924967,8027,8,1/9/2026,1/20/2026,Pending Fulfillment
SO2924967,8028,8,1/9/2026,1/20/2026,Pending Fulfillment
SO2924967,8029,6,1/9/2026,1/20/2026,Pending Fulfillment
SO2924967,8030,6,1/9/2026,1/20/2026,Pending Fulfillment
SO2924967,8175,1,1/9/2026,1/20/2026,Pending Fulfillment
SO2924967,8177,6,1/9/2026,1/20/2026,Pending Fulfillment
SO2924967,8178,6,1/9/2026,1/20/2026,Pending Fulfillment
SO2924967,8204,2,1/9/2026,1/20/2026,Pending Fulfillment
SO2924967,8232,12,1/9/2026,1/20/2026,Pending Fulfillment
SO2924967,8233,12,1/9/2026,1/20/2026,Pending Fulfillment
SO2924967,8234,12,1/9/2026,1/20/2026,Pending Fulfillment
SO2924967,8267,2,1/9/2026,1/20/2026,Pending Fulfillment
SO2924967,8268,1,1/9/2026,1/20/2026,Pending Fulfillment
SO2924967,8269,2,1/9/2026,1/20/2026,Pending Fulfillment
SO2924967,8270,2,1/9/2026,1/20/2026,Pending Fulfillment
SO2924980,282,2,1/9/2026,7/17/2026,Pending Fulfillment
SO2924980,5607,125,1/9/2026,7/17/2026,Pending Fulfillment
SO2924980,5609,70,1/9/2026,7/17/2026,Pending Fulfillment
SO2925030,282,2,1/9/2026,4/9/2026,Pending Fulfillment
SO2925030,7818,"2,280",1/9/2026,4/9/2026,Pending Fulfillment
SO2925030,7821,"1,260",1/9/2026,4/9/2026,Pending Fulfillment
SO2925030,7822,"1,620",1/9/2026,4/9/2026,Pending Fulfillment
SO2925030,7954,300,1/9/2026,4/9/2026,Pending Fulfillment
SO2925030,7958,300,1/9/2026,4/9/2026,Pending Fulfillment
SO2925030,7961,732,1/9/2026,4/9/2026,Pending Fulfillment
SO2925030,7962,618,1/9/2026,4/9/2026,Pending Fulfillment
SO2925030,7967,"1,404",1/9/2026,4/9/2026,Pending Fulfillment
SO2925030,7968,978,1/9/2026,4/9/2026,Pending Fulfillment
SO2925030,7970,"1,524",1/9/2026,4/9/2026,Pending Fulfillment
SO2925030,7972,300,1/9/2026,4/9/2026,Pending Fulfillment
SO2925346,282,2,1/9/2026,4/9/2026,Pending Fulfillment
SO2925346,7802,576,1/9/2026,4/9/2026,Pending Fulfillment
SO2925346,7803,"1,248",1/9/2026,4/9/2026,Pending Fulfillment
SO2925346,7805,300,1/9/2026,4/9/2026,Pending Fulfillment
SO2925346,7806,668,1/9/2026,4/9/2026,Pending Fulfillment
SO2925346,7807,300,1/9/2026,4/9/2026,Pending Fulfillment
SO2925346,7808,456,1/9/2026,4/9/2026,Pending Fulfillment
SO2925346,7809,"1,314",1/9/2026,4/9/2026,Pending Fulfillment
SO2925346,7810,870,1/9/2026,4/9/2026,Pending Fulfillment
SO2925346,7811,300,1/9/2026,4/9/2026,Pending Fulfillment
SO2925346,7812,"1,200",1/9/2026,4/9/2026,Pending Fulfillment
SO2925346,7814,804,1/9/2026,4/9/2026,Pending Fulfillment
SO2925346,7815,"1,182",1/9/2026,4/9/2026,Pending Fulfillment
SO2925346,7816,336,1/9/2026,4/9/2026,Pending Fulfillment
SO2925346,7817,300,1/9/2026,4/9/2026,Pending Fulfillment
SO2925346,7957,300,1/9/2026,4/9/2026,Pending Fulfillment
SO2925049,282,2,1/10/2026,3/4/2026,Pending Fulfillment
SO2925049,5567,"2,520",1/10/2026,3/4/2026,Pending Fulfillment
SO2925049,5569,200,1/10/2026,3/4/2026,Pending Fulfillment
SO2925049,5613,343,1/10/2026,3/4/2026,Pending Fulfillment
SO2925049,5617,400,1/10/2026,3/4/2026,Pending Fulfillment
SO2925049,6023,782,1/10/2026,3/4/2026,Pending Fulfillment
SO2925050,282,2,1/10/2026,3/19/2026,Pending Fulfillment
SO2925050,352,288,1/10/2026,3/19/2026,Pending Fulfillment
SO2925050,3081,11,1/10/2026,3/19/2026,Pending Fulfillment
SO2925050,8157,141,1/10/2026,3/19/2026,Pending Fulfillment
SO2925050,8158,194,1/10/2026,3/19/2026,Pending Fulfillment
SO2925050,8159,142,1/10/2026,3/19/2026,Pending Fulfillment
SO2925050,8160,83,1/10/2026,3/19/2026,Pending Fulfillment
SO2925050,8161,299,1/10/2026,3/19/2026,Pending Fulfillment
SO2925051,282,2,1/10/2026,3/19/2026,Pending Fulfillment
SO2925051,352,42,1/10/2026,3/19/2026,Pending Fulfillment
SO2925051,3081,17,1/10/2026,3/19/2026,Pending Fulfillment
SO2925051,8157,232,1/10/2026,3/19/2026,Pending Fulfillment
SO2925051,8158,220,1/10/2026,3/19/2026,Pending Fulfillment
SO2925051,8159,171,1/10/2026,3/19/2026,Pending Fulfillment
SO2925051,8160,217,1/10/2026,3/19/2026,Pending Fulfillment
SO2925051,8161,205,1/10/2026,3/19/2026,Pending Fulfillment
SO2925063,282,2,1/10/2026,3/4/2026,Pending Fulfillment
SO2925063,5609,510,1/10/2026,3/4/2026,Pending Fulfillment
SO2925063,5610,489,1/10/2026,3/4/2026,Pending Fulfillment
SO2925063,5612,200,1/10/2026,3/4/2026,Pending Fulfillment
SO2925063,5618,894,1/10/2026,3/4/2026,Pending Fulfillment
SO2925063,5640,300,1/10/2026,3/4/2026,Pending Fulfillment
SO2925063,6024,200,1/10/2026,3/4/2026,Pending Fulfillment
SO2925065,183,147,1/10/2026,3/19/2026,Pending Fulfillment
SO2925065,186,207,1/10/2026,3/19/2026,Pending Fulfillment
SO2925065,282,2,1/10/2026,3/19/2026,Pending Fulfillment
SO2925065,351,110,1/10/2026,3/19/2026,Pending Fulfillment
SO2925065,354,293,1/10/2026,3/19/2026,Pending Fulfillment
SO2925065,357,81,1/10/2026,3/19/2026,Pending Fulfillment
SO2925065,392,129,1/10/2026,3/19/2026,Pending Fulfillment
SO2925065,5994,58,1/10/2026,3/19/2026,Pending Fulfillment
SO2925065,6005,64,1/10/2026,3/19/2026,Pending Fulfillment
SO2925065,6217,480,1/10/2026,3/19/2026,Pending Fulfillment
SO2925065,6778,155,1/10/2026,3/19/2026,Pending Fulfillment
SO2925065,6781,52,1/10/2026,3/19/2026,Pending Fulfillment
SO2925066,183,282,1/10/2026,3/19/2026,Pending Fulfillment
SO2925066,186,66,1/10/2026,3/19/2026,Pending Fulfillment
SO2925066,282,2,1/10/2026,3/19/2026,Pending Fulfillment
SO2925066,351,93,1/10/2026,3/19/2026,Pending Fulfillment
SO2925066,354,330,1/10/2026,3/19/2026,Pending Fulfillment
SO2925066,357,40,1/10/2026,3/19/2026,Pending Fulfillment
SO2925066,358,50,1/10/2026,3/19/2026,Pending Fulfillment
SO2925066,392,185,1/10/2026,3/19/2026,Pending Fulfillment
SO2925066,5994,81,1/10/2026,3/19/2026,Pending Fulfillment
SO2925066,6005,51,1/10/2026,3/19/2026,Pending Fulfillment
SO2925066,6217,80,1/10/2026,3/19/2026,Pending Fulfillment
SO2925066,6778,134,1/10/2026,3/19/2026,Pending Fulfillment
SO2925066,6781,33,1/10/2026,3/19/2026,Pending Fulfillment
SO2925067,183,296,1/10/2026,3/19/2026,Pending Fulfillment
SO2925067,186,81,1/10/2026,3/19/2026,Pending Fulfillment
SO2925067,282,2,1/10/2026,3/19/2026,Pending Fulfillment
SO2925067,351,63,1/10/2026,3/19/2026,Pending Fulfillment
SO2925067,354,316,1/10/2026,3/19/2026,Pending Fulfillment
SO2925067,357,108,1/10/2026,3/19/2026,Pending Fulfillment
SO2925067,358,104,1/10/2026,3/19/2026,Pending Fulfillment
SO2925067,5994,50,1/10/2026,3/19/2026,Pending Fulfillment
SO2925067,6005,78,1/10/2026,3/19/2026,Pending Fulfillment
SO2925067,6217,880,1/10/2026,3/19/2026,Pending Fulfillment
SO2925067,6781,1,1/10/2026,3/19/2026,Pending Fulfillment
SO2925068,183,270,1/10/2026,3/19/2026,Pending Fulfillment
SO2925068,186,104,1/10/2026,3/19/2026,Pending Fulfillment
SO2925068,282,2,1/10/2026,3/19/2026,Pending Fulfillment
SO2925068,351,70,1/10/2026,3/19/2026,Pending Fulfillment
SO2925068,354,358,1/10/2026,3/19/2026,Pending Fulfillment
SO2925068,357,30,1/10/2026,3/19/2026,Pending Fulfillment
SO2925068,358,151,1/10/2026,3/19/2026,Pending Fulfillment
SO2925068,6005,151,1/10/2026,3/19/2026,Pending Fulfillment
SO2925068,6217,160,1/10/2026,3/19/2026,Pending Fulfillment
SO2925068,6781,29,1/10/2026,3/19/2026,Pending Fulfillment
SO2925393,282,2,1/15/2026,3/6/2026,Pending Fulfillment
SO2925393,6732,312,1/15/2026,3/6/2026,Pending Fulfillment
SO2925449,282,2,1/16/2026,3/9/2026,Pending Fulfillment
SO2925449,368,33,1/16/2026,3/9/2026,Pending Fulfillment
SO2925450,282,2,1/16/2026,3/9/2026,Pending Fulfillment
SO2925450,3010,85,1/16/2026,3/9/2026,Pending Fulfillment
SO2925452,282,2,1/16/2026,4/6/2026,Pending Fulfillment
SO2925452,6780,108,1/16/2026,4/6/2026,Pending Fulfillment
SO2925453,282,2,1/16/2026,3/9/2026,Pending Fulfillment
SO2925453,6780,120,1/16/2026,3/9/2026,Pending Fulfillment
SO2925563,16,2,1/18/2026,1/19/2026,Pending Approval
SO2925563,282,2,1/18/2026,1/19/2026,Pending Approval
SO2925563,5617,1,1/18/2026,1/19/2026,Pending Approval
SO2925657,282,2,1/19/2026,3/8/2026,Pending Fulfillment
SO2925657,5607,693,1/19/2026,3/8/2026,Pending Fulfillment
SO2925724,282,2,1/20/2026,2/5/2026,Pending Fulfillment
SO2925724,8236,"5,000",1/20/2026,2/5/2026,Pending Fulfillment
SO2925979,282,2,1/22/2026,4/10/2026,Pending Approval
SO2925979,5609,60,1/22/2026,4/10/2026,Pending Approval
SO2925979,8017,64,1/22/2026,4/10/2026,Pending Approval
SO2927487,282,2,1/29/2026,3/28/2026,Pending Fulfillment
SO2927487,5607,"4,500",1/29/2026,3/28/2026,Pending Fulfillment
SO2927487,5618,"4,285",1/29/2026,3/28/2026,Pending Fulfillment
SO2927903,282,2,2/2/2026,2/23/2026,Pending Fulfillment
SO2927903,6721,300,2/2/2026,2/23/2026,Pending Fulfillment
SO2927903,6722,"1,650",2/2/2026,2/23/2026,Pending Fulfillment
SO2927904,282,2,2/2/2026,2/23/2026,Pending Fulfillment
SO2927904,6721,375,2/2/2026,2/23/2026,Pending Fulfillment
SO2927904,6722,"1,575",2/2/2026,2/23/2026,Pending Fulfillment
SO2927905,282,2,2/2/2026,2/23/2026,Pending Fulfillment
SO2927905,6721,375,2/2/2026,2/23/2026,Pending Fulfillment
SO2927905,6722,"1,575",2/2/2026,2/23/2026,Pending Fulfillment
SO2928161,282,2,2/4/2026,2/11/2026,Pending Fulfillment
SO2928161,8232,"2,484",2/4/2026,2/11/2026,Pending Fulfillment
SO2928201,81,150,2/5/2026,2/9/2026,Pending Fulfillment
SO2928201,282,2,2/5/2026,2/9/2026,Pending Fulfillment
SO2928201,2987,0,2/5/2026,2/9/2026,Pending Fulfillment
SO2928209,81,180,2/5/2026,2/9/2026,Pending Fulfillment
SO2928209,282,2,2/5/2026,2/9/2026,Pending Fulfillment
SO2928209,2987,0,2/5/2026,2/9/2026,Pending Fulfillment
SO2928211,81,180,2/5/2026,2/9/2026,Pending Fulfillment
SO2928211,282,2,2/5/2026,2/9/2026,Pending Fulfillment
SO2928211,2987,0,2/5/2026,2/9/2026,Pending Fulfillment
SO2928234,282,2,2/5/2026,4/10/2026,Pending Fulfillment
SO2928234,6023,18,2/5/2026,4/10/2026,Pending Fulfillment
SO2928234,6027,6,2/5/2026,4/10/2026,Pending Fulfillment
SO2928309,16,2,2/6/2026,2/6/2026,Pending Approval
SO2928309,282,2,2/6/2026,2/6/2026,Pending Approval
SO2928309,3519,1,2/6/2026,2/6/2026,Pending Approval
SO2928309,5567,1,2/6/2026,2/6/2026,Pending Approval
SO2928309,5568,1,2/6/2026,2/6/2026,Pending Approval
SO2928309,6128,1,2/6/2026,2/6/2026,Pending Approval
SO2928339,282,2,2/6/2026,2/11/2026,Pending Fulfillment
SO2928339,352,1,2/6/2026,2/11/2026,Pending Fulfillment
SO2928339,355,1,2/6/2026,2/11/2026,Pending Fulfillment
SO2928339,361,1,2/6/2026,2/11/2026,Pending Fulfillment
SO2928339,505,1,2/6/2026,2/11/2026,Pending Fulfillment
SO2928339,1985,1,2/6/2026,2/11/2026,Pending Fulfillment
SO2928339,2632,1,2/6/2026,2/11/2026,Pending Fulfillment
SO2928339,5567,12,2/6/2026,2/11/2026,Pending Fulfillment
SO2928339,5568,12,2/6/2026,2/11/2026,Pending Fulfillment
SO2928339,5569,2,2/6/2026,2/11/2026,Pending Fulfillment
SO2928339,5570,2,2/6/2026,2/11/2026,Pending Fulfillment
SO2928339,5607,2,2/6/2026,2/11/2026,Pending Fulfillment
SO2928339,5608,1,2/6/2026,2/11/2026,Pending Fulfillment
SO2928339,5611,1,2/6/2026,2/11/2026,Pending Fulfillment
SO2928339,5993,1,2/6/2026,2/11/2026,Pending Fulfillment
SO2928339,5994,1,2/6/2026,2/11/2026,Pending Fulfillment
SO2928339,6210,1,2/6/2026,2/11/2026,Pending Fulfillment
SO2928339,6214,1,2/6/2026,2/11/2026,Pending Fulfillment
SO2928339,6217,1,2/6/2026,2/11/2026,Pending Fulfillment
SO2928339,6234,1,2/6/2026,2/11/2026,Pending Fulfillment
SO2928339,6725,6,2/6/2026,2/11/2026,Pending Fulfillment
SO2928339,6726,6,2/6/2026,2/11/2026,Pending Fulfillment
SO2928339,6727,12,2/6/2026,2/11/2026,Pending Fulfillment
SO2928339,6728,1,2/6/2026,2/11/2026,Pending Fulfillment
SO2928339,6730,1,2/6/2026,2/11/2026,Pending Fulfillment
SO2928339,6731,12,2/6/2026,2/11/2026,Pending Fulfillment
SO2928339,6732,2,2/6/2026,2/11/2026,Pending Fulfillment
SO2928339,6741,1,2/6/2026,2/11/2026,Pending Fulfillment
SO2928339,6742,1,2/6/2026,2/11/2026,Pending Fulfillment
SO2928339,6743,1,2/6/2026,2/11/2026,Pending Fulfillment
SO2928339,6744,1,2/6/2026,2/11/2026,Pending Fulfillment
SO2928339,6746,1,2/6/2026,2/11/2026,Pending Fulfillment
SO2928339,6747,1,2/6/2026,2/11/2026,Pending Fulfillment
SO2928339,6748,1,2/6/2026,2/11/2026,Pending Fulfillment
SO2928339,6749,1,2/6/2026,2/11/2026,Pending Fulfillment
SO2928339,6751,1,2/6/2026,2/11/2026,Pending Fulfillment
SO2928339,6755,1,2/6/2026,2/11/2026,Pending Fulfillment
SO2928339,6757,1,2/6/2026,2/11/2026,Pending Fulfillment
SO2928339,6758,1,2/6/2026,2/11/2026,Pending Fulfillment
SO2928339,6765,1,2/6/2026,2/11/2026,Pending Fulfillment
SO2928339,6767,6,2/6/2026,2/11/2026,Pending Fulfillment
SO2928339,6769,1,2/6/2026,2/11/2026,Pending Fulfillment
SO2928339,6771,1,2/6/2026,2/11/2026,Pending Fulfillment
SO2928339,6781,1,2/6/2026,2/11/2026,Pending Fulfillment
SO2928339,7982,5,2/6/2026,2/11/2026,Pending Fulfillment
SO2928339,7983,1,2/6/2026,2/11/2026,Pending Fulfillment
SO2928339,7984,1,2/6/2026,2/11/2026,Pending Fulfillment
SO2928339,7985,5,2/6/2026,2/11/2026,Pending Fulfillment
SO2928339,7986,1,2/6/2026,2/11/2026,Pending Fulfillment
SO2928339,7987,5,2/6/2026,2/11/2026,Pending Fulfillment
SO2928339,7988,1,2/6/2026,2/11/2026,Pending Fulfillment
SO2928339,7989,1,2/6/2026,2/11/2026,Pending Fulfillment
SO2928339,7999,1,2/6/2026,2/11/2026,Pending Fulfillment
SO2928339,8000,1,2/6/2026,2/11/2026,Pending Fulfillment
SO2928339,8001,1,2/6/2026,2/11/2026,Pending Fulfillment
SO2928339,8002,1,2/6/2026,2/11/2026,Pending Fulfillment
SO2928339,8003,1,2/6/2026,2/11/2026,Pending Fulfillment
SO2928339,8004,1,2/6/2026,2/11/2026,Pending Fulfillment
SO2928339,8005,1,2/6/2026,2/11/2026,Pending Fulfillment
SO2928339,8006,1,2/6/2026,2/11/2026,Pending Fulfillment
SO2928339,8007,1,2/6/2026,2/11/2026,Pending Fulfillment
SO2928339,8008,1,2/6/2026,2/11/2026,Pending Fulfillment
SO2928339,8009,1,2/6/2026,2/11/2026,Pending Fulfillment
SO2928339,8010,1,2/6/2026,2/11/2026,Pending Fulfillment
SO2928339,8011,1,2/6/2026,2/11/2026,Pending Fulfillment
SO2928339,8012,1,2/6/2026,2/11/2026,Pending Fulfillment
SO2928339,8013,1,2/6/2026,2/11/2026,Pending Fulfillment
SO2928339,8014,1,2/6/2026,2/11/2026,Pending Fulfillment
SO2928339,8015,1,2/6/2026,2/11/2026,Pending Fulfillment
SO2928339,8016,1,2/6/2026,2/11/2026,Pending Fulfillment
SO2928339,8017,1,2/6/2026,2/11/2026,Pending Fulfillment
SO2928339,8018,1,2/6/2026,2/11/2026,Pending Fulfillment
SO2928339,8019,1,2/6/2026,2/11/2026,Pending Fulfillment
SO2928339,8020,1,2/6/2026,2/11/2026,Pending Fulfillment
SO2928339,8021,1,2/6/2026,2/11/2026,Pending Fulfillment
SO2928339,8022,1,2/6/2026,2/11/2026,Pending Fulfillment
SO2928339,8023,1,2/6/2026,2/11/2026,Pending Fulfillment
SO2928339,8024,1,2/6/2026,2/11/2026,Pending Fulfillment
SO2928339,8025,1,2/6/2026,2/11/2026,Pending Fulfillment
SO2928339,8026,1,2/6/2026,2/11/2026,Pending Fulfillment
SO2928339,8027,1,2/6/2026,2/11/2026,Pending Fulfillment
SO2928339,8028,1,2/6/2026,2/11/2026,Pending Fulfillment
SO2928339,8029,1,2/6/2026,2/11/2026,Pending Fulfillment
SO2928339,8030,1,2/6/2026,2/11/2026,Pending Fulfillment
SO2928339,8177,1,2/6/2026,2/11/2026,Pending Fulfillment
SO2928339,8178,1,2/6/2026,2/11/2026,Pending Fulfillment
SO2928339,8204,1,2/6/2026,2/11/2026,Pending Fulfillment
SO2928339,8232,6,2/6/2026,2/11/2026,Pending Fulfillment
SO2928339,8233,3,2/6/2026,2/11/2026,Pending Fulfillment
SO2928339,8234,6,2/6/2026,2/11/2026,Pending Fulfillment
SO2928339,8242,5,2/6/2026,2/11/2026,Pending Fulfillment
SO2928339,8243,4,2/6/2026,2/11/2026,Pending Fulfillment
SO2928339,8244,4,2/6/2026,2/11/2026,Pending Fulfillment
SO2928339,8245,1,2/6/2026,2/11/2026,Pending Fulfillment
SO2928339,8267,1,2/6/2026,2/11/2026,Pending Fulfillment
SO2928339,8268,1,2/6/2026,2/11/2026,Pending Fulfillment
SO2928339,8269,2,2/6/2026,2/11/2026,Pending Fulfillment
SO2928339,8270,1,2/6/2026,2/11/2026,Pending Fulfillment
SO2928343,282,2,2/6/2026,2/17/2026,Pending Fulfillment
SO2928343,351,1,2/6/2026,2/17/2026,Pending Fulfillment
SO2928343,354,1,2/6/2026,2/17/2026,Pending Fulfillment
SO2928343,361,1,2/6/2026,2/17/2026,Pending Fulfillment
SO2928343,400,1,2/6/2026,2/17/2026,Pending Fulfillment
SO2928343,505,1,2/6/2026,2/17/2026,Pending Fulfillment
SO2928343,5552,1,2/6/2026,2/17/2026,Pending Fulfillment
SO2928343,5556,1,2/6/2026,2/17/2026,Pending Fulfillment
SO2928343,5560,1,2/6/2026,2/17/2026,Pending Fulfillment
SO2928343,5565,1,2/6/2026,2/17/2026,Pending Fulfillment
SO2928343,5567,12,2/6/2026,2/17/2026,Pending Fulfillment
SO2928343,5568,12,2/6/2026,2/17/2026,Pending Fulfillment
SO2928343,5608,1,2/6/2026,2/17/2026,Pending Fulfillment
SO2928343,6217,1,2/6/2026,2/17/2026,Pending Fulfillment
SO2928343,6725,13,2/6/2026,2/17/2026,Pending Fulfillment
SO2928343,6726,1,2/6/2026,2/17/2026,Pending Fulfillment
SO2928343,6727,1,2/6/2026,2/17/2026,Pending Fulfillment
SO2928343,6728,1,2/6/2026,2/17/2026,Pending Fulfillment
SO2928343,6730,13,2/6/2026,2/17/2026,Pending Fulfillment
SO2928343,6731,1,2/6/2026,2/17/2026,Pending Fulfillment
SO2928343,6732,1,2/6/2026,2/17/2026,Pending Fulfillment
SO2928343,6741,1,2/6/2026,2/17/2026,Pending Fulfillment
SO2928343,6743,1,2/6/2026,2/17/2026,Pending Fulfillment
SO2928343,6746,1,2/6/2026,2/17/2026,Pending Fulfillment
SO2928343,6748,1,2/6/2026,2/17/2026,Pending Fulfillment
SO2928343,6756,1,2/6/2026,2/17/2026,Pending Fulfillment
SO2928343,6757,1,2/6/2026,2/17/2026,Pending Fulfillment
SO2928343,6758,1,2/6/2026,2/17/2026,Pending Fulfillment
SO2928343,6760,1,2/6/2026,2/17/2026,Pending Fulfillment
SO2928343,6767,1,2/6/2026,2/17/2026,Pending Fulfillment
SO2928343,6768,1,2/6/2026,2/17/2026,Pending Fulfillment
SO2928343,6770,1,2/6/2026,2/17/2026,Pending Fulfillment
SO2928343,6771,1,2/6/2026,2/17/2026,Pending Fulfillment
SO2928343,6772,1,2/6/2026,2/17/2026,Pending Fulfillment
SO2928343,7982,5,2/6/2026,2/17/2026,Pending Fulfillment
SO2928343,7983,1,2/6/2026,2/17/2026,Pending Fulfillment
SO2928343,7984,1,2/6/2026,2/17/2026,Pending Fulfillment
SO2928343,7985,5,2/6/2026,2/17/2026,Pending Fulfillment
SO2928343,7986,1,2/6/2026,2/17/2026,Pending Fulfillment
SO2928343,7987,1,2/6/2026,2/17/2026,Pending Fulfillment
SO2928343,7988,1,2/6/2026,2/17/2026,Pending Fulfillment
SO2928343,7989,5,2/6/2026,2/17/2026,Pending Fulfillment
SO2928343,8000,1,2/6/2026,2/17/2026,Pending Fulfillment
SO2928343,8001,1,2/6/2026,2/17/2026,Pending Fulfillment
SO2928343,8002,1,2/6/2026,2/17/2026,Pending Fulfillment
SO2928343,8003,1,2/6/2026,2/17/2026,Pending Fulfillment
SO2928343,8004,1,2/6/2026,2/17/2026,Pending Fulfillment
SO2928343,8005,1,2/6/2026,2/17/2026,Pending Fulfillment
SO2928343,8006,1,2/6/2026,2/17/2026,Pending Fulfillment
SO2928343,8007,1,2/6/2026,2/17/2026,Pending Fulfillment
SO2928343,8008,1,2/6/2026,2/17/2026,Pending Fulfillment
SO2928343,8009,1,2/6/2026,2/17/2026,Pending Fulfillment
SO2928343,8010,1,2/6/2026,2/17/2026,Pending Fulfillment
SO2928343,8011,1,2/6/2026,2/17/2026,Pending Fulfillment
SO2928343,8012,1,2/6/2026,2/17/2026,Pending Fulfillment
SO2928343,8013,1,2/6/2026,2/17/2026,Pending Fulfillment
SO2928343,8014,1,2/6/2026,2/17/2026,Pending Fulfillment
SO2928343,8015,1,2/6/2026,2/17/2026,Pending Fulfillment
SO2928343,8016,1,2/6/2026,2/17/2026,Pending Fulfillment
SO2928343,8017,1,2/6/2026,2/17/2026,Pending Fulfillment
SO2928343,8019,1,2/6/2026,2/17/2026,Pending Fulfillment
SO2928343,8020,1,2/6/2026,2/17/2026,Pending Fulfillment
SO2928343,8021,1,2/6/2026,2/17/2026,Pending Fulfillment
SO2928343,8022,1,2/6/2026,2/17/2026,Pending Fulfillment
SO2928343,8023,1,2/6/2026,2/17/2026,Pending Fulfillment
SO2928343,8024,1,2/6/2026,2/17/2026,Pending Fulfillment
SO2928343,8025,1,2/6/2026,2/17/2026,Pending Fulfillment
SO2928343,8026,1,2/6/2026,2/17/2026,Pending Fulfillment
SO2928343,8028,1,2/6/2026,2/17/2026,Pending Fulfillment
SO2928343,8029,1,2/6/2026,2/17/2026,Pending Fulfillment
SO2928343,8030,1,2/6/2026,2/17/2026,Pending Fulfillment
SO2928343,8175,1,2/6/2026,2/17/2026,Pending Fulfillment
SO2928343,8177,1,2/6/2026,2/17/2026,Pending Fulfillment
SO2928343,8178,1,2/6/2026,2/17/2026,Pending Fulfillment
SO2928343,8179,1,2/6/2026,2/17/2026,Pending Fulfillment
SO2928343,8204,12,2/6/2026,2/17/2026,Pending Fulfillment
SO2928343,8232,7,2/6/2026,2/17/2026,Pending Fulfillment
SO2928343,8233,4,2/6/2026,2/17/2026,Pending Fulfillment
SO2928343,8234,7,2/6/2026,2/17/2026,Pending Fulfillment
SO2928343,8242,1,2/6/2026,2/17/2026,Pending Fulfillment
SO2928343,8243,1,2/6/2026,2/17/2026,Pending Fulfillment
SO2928343,8244,1,2/6/2026,2/17/2026,Pending Fulfillment
SO2928343,8245,1,2/6/2026,2/17/2026,Pending Fulfillment
SO2928343,8267,1,2/6/2026,2/17/2026,Pending Fulfillment
SO2928343,8268,1,2/6/2026,2/17/2026,Pending Fulfillment
SO2928343,8269,2,2/6/2026,2/17/2026,Pending Fulfillment
SO2928343,8270,1,2/6/2026,2/17/2026,Pending Fulfillment
SO2928350,64,1,2/6/2026,2/9/2026,Pending Approval
SO2928350,392,1,2/6/2026,2/9/2026,Pending Approval
SO2928507,64,1,2/9/2026,3/13/2026,Pending Fulfillment
SO2928507,6732,24,2/9/2026,3/13/2026,Pending Fulfillment
SO2928518,282,2,2/9/2026,3/2/2026,Pending Fulfillment
SO2928518,6722,"1,950",2/9/2026,3/2/2026,Pending Fulfillment
SO2928519,282,2,2/9/2026,3/2/2026,Pending Fulfillment
SO2928519,6721,825,2/9/2026,3/2/2026,Pending Fulfillment
SO2928519,6722,"1,125",2/9/2026,3/2/2026,Pending Fulfillment
SO2928579,81,30,2/10/2026,2/13/2026,Pending Fulfillment
SO2928579,282,2,2/10/2026,2/13/2026,Pending Fulfillment
SO2928579,373,90,2/10/2026,2/13/2026,Pending Fulfillment
SO2928579,2987,0,2/10/2026,2/13/2026,Pending Fulfillment
SO2928579,8232,12,2/10/2026,2/13/2026,Pending Fulfillment
SO2928608,282,2,2/10/2026,4/18/2026,Pending Fulfillment
SO2928608,352,49,2/10/2026,4/18/2026,Pending Fulfillment
SO2928608,8157,461,2/10/2026,4/18/2026,Pending Fulfillment
SO2928608,8158,97,2/10/2026,4/18/2026,Pending Fulfillment
SO2928608,8159,44,2/10/2026,4/18/2026,Pending Fulfillment
SO2928608,8160,49,2/10/2026,4/18/2026,Pending Fulfillment
SO2928608,8161,86,2/10/2026,4/18/2026,Pending Fulfillment
SO2928608,8162,95,2/10/2026,4/18/2026,Pending Fulfillment
SO2928609,282,2,2/10/2026,4/18/2026,Pending Fulfillment
SO2928609,352,114,2/10/2026,4/18/2026,Pending Fulfillment
SO2928609,8157,78,2/10/2026,4/18/2026,Pending Fulfillment
SO2928609,8158,136,2/10/2026,4/18/2026,Pending Fulfillment
SO2928609,8159,37,2/10/2026,4/18/2026,Pending Fulfillment
SO2928609,8160,150,2/10/2026,4/18/2026,Pending Fulfillment
SO2928609,8161,95,2/10/2026,4/18/2026,Pending Fulfillment
SO2928609,8162,219,2/10/2026,4/18/2026,Pending Fulfillment
SO2928610,282,2,2/10/2026,4/18/2026,Pending Fulfillment
SO2928610,352,77,2/10/2026,4/18/2026,Pending Fulfillment
SO2928610,8157,174,2/10/2026,4/18/2026,Pending Fulfillment
SO2928610,8158,129,2/10/2026,4/18/2026,Pending Fulfillment
SO2928610,8159,57,2/10/2026,4/18/2026,Pending Fulfillment
SO2928610,8160,101,2/10/2026,4/18/2026,Pending Fulfillment
SO2928610,8161,119,2/10/2026,4/18/2026,Pending Fulfillment
SO2928610,8162,136,2/10/2026,4/18/2026,Pending Fulfillment
SO2928624,64,1,2/10/2026,3/13/2026,Pending Fulfillment
SO2928624,5552,12,2/10/2026,3/13/2026,Pending Fulfillment
SO2928629,183,152,2/10/2026,4/18/2026,Pending Fulfillment
SO2928629,186,139,2/10/2026,4/18/2026,Pending Fulfillment
SO2928629,282,2,2/10/2026,4/18/2026,Pending Fulfillment
SO2928629,306,24,2/10/2026,4/18/2026,Pending Fulfillment
SO2928629,351,49,2/10/2026,4/18/2026,Pending Fulfillment
SO2928629,354,177,2/10/2026,4/18/2026,Pending Fulfillment
SO2928629,357,61,2/10/2026,4/18/2026,Pending Fulfillment
SO2928629,358,81,2/10/2026,4/18/2026,Pending Fulfillment
SO2928629,3088,134,2/10/2026,4/18/2026,Pending Fulfillment
SO2928629,6005,76,2/10/2026,4/18/2026,Pending Fulfillment
SO2928629,6217,640,2/10/2026,4/18/2026,Pending Fulfillment
SO2928630,186,167,2/10/2026,4/18/2026,Pending Fulfillment
SO2928630,282,2,2/10/2026,4/18/2026,Pending Fulfillment
SO2928630,354,202,2/10/2026,4/18/2026,Pending Fulfillment
SO2928630,6005,110,2/10/2026,4/18/2026,Pending Fulfillment
SO2928631,183,293,2/10/2026,4/18/2026,Pending Fulfillment
SO2928631,186,185,2/10/2026,4/18/2026,Pending Fulfillment
SO2928631,282,2,2/10/2026,4/18/2026,Pending Fulfillment
SO2928631,351,15,2/10/2026,4/18/2026,Pending Fulfillment
SO2928631,354,229,2/10/2026,4/18/2026,Pending Fulfillment
SO2928631,357,35,2/10/2026,4/18/2026,Pending Fulfillment
SO2928631,358,73,2/10/2026,4/18/2026,Pending Fulfillment
SO2928631,3088,11,2/10/2026,4/18/2026,Pending Fulfillment
SO2928631,6005,80,2/10/2026,4/18/2026,Pending Fulfillment
SO2928631,6217,160,2/10/2026,4/18/2026,Pending Fulfillment
SO2928632,183,194,2/10/2026,4/18/2026,Pending Fulfillment
SO2928632,282,2,2/10/2026,4/18/2026,Pending Fulfillment
SO2928632,306,150,2/10/2026,4/18/2026,Pending Fulfillment
SO2928632,351,100,2/10/2026,4/18/2026,Pending Fulfillment
SO2928632,357,143,2/10/2026,4/18/2026,Pending Fulfillment
SO2928632,358,102,2/10/2026,4/18/2026,Pending Fulfillment
SO2928632,3088,126,2/10/2026,4/18/2026,Pending Fulfillment
SO2928632,6217,240,2/10/2026,4/18/2026,Pending Fulfillment
SO2928634,183,243,2/10/2026,4/18/2026,Pending Fulfillment
SO2928634,186,192,2/10/2026,4/18/2026,Pending Fulfillment
SO2928634,282,2,2/10/2026,4/18/2026,Pending Fulfillment
SO2928634,351,61,2/10/2026,4/18/2026,Pending Fulfillment
SO2928634,354,84,2/10/2026,4/18/2026,Pending Fulfillment
SO2928634,357,65,2/10/2026,4/18/2026,Pending Fulfillment
SO2928634,358,93,2/10/2026,4/18/2026,Pending Fulfillment
SO2928634,3088,229,2/10/2026,4/18/2026,Pending Fulfillment
SO2928634,6005,46,2/10/2026,4/18/2026,Pending Fulfillment
SO2928634,6217,880,2/10/2026,4/18/2026,Pending Fulfillment
SO2929001,282,2,2/15/2026,2/19/2026,Pending Fulfillment
SO2929001,2195,40,2/15/2026,2/19/2026,Pending Fulfillment
SO2929026,282,2,2/15/2026,2/19/2026,Pending Fulfillment
SO2929026,2195,40,2/15/2026,2/19/2026,Pending Fulfillment
SO2929061,282,2,2/16/2026,3/11/2026,Pending Fulfillment
SO2929061,5540,2,2/16/2026,3/11/2026,Pending Fulfillment
SO2929061,5552,96,2/16/2026,3/11/2026,Pending Fulfillment
SO2929061,5613,10,2/16/2026,3/11/2026,Pending Fulfillment
SO2929061,5646,2,2/16/2026,3/11/2026,Pending Fulfillment
SO2929061,6732,228,2/16/2026,3/11/2026,Pending Fulfillment
SO2929061,7985,25,2/16/2026,3/11/2026,Pending Fulfillment
SO2929061,7989,5,2/16/2026,3/11/2026,Pending Fulfillment
SO2929067,282,2,2/16/2026,2/18/2026,Pending Fulfillment
SO2929067,6741,1,2/16/2026,2/18/2026,Pending Fulfillment
SO2929067,6746,1,2/16/2026,2/18/2026,Pending Fulfillment
SO2929067,6767,1,2/16/2026,2/18/2026,Pending Fulfillment
SO2929067,6772,1,2/16/2026,2/18/2026,Pending Fulfillment
SO2929067,7982,1,2/16/2026,2/18/2026,Pending Fulfillment
SO2929067,7983,1,2/16/2026,2/18/2026,Pending Fulfillment
SO2929067,7987,1,2/16/2026,2/18/2026,Pending Fulfillment
SO2929067,7989,1,2/16/2026,2/18/2026,Pending Fulfillment
SO2929067,8008,1,2/16/2026,2/18/2026,Pending Fulfillment
SO2929067,8011,1,2/16/2026,2/18/2026,Pending Fulfillment
SO2929067,8012,1,2/16/2026,2/18/2026,Pending Fulfillment
SO2929067,8013,1,2/16/2026,2/18/2026,Pending Fulfillment
SO2929067,8015,1,2/16/2026,2/18/2026,Pending Fulfillment
SO2929067,8017,8,2/16/2026,2/18/2026,Pending Fulfillment
SO2929067,8019,8,2/16/2026,2/18/2026,Pending Fulfillment
SO2929067,8023,8,2/16/2026,2/18/2026,Pending Fulfillment
SO2929067,8025,8,2/16/2026,2/18/2026,Pending Fulfillment
SO2929067,8027,8,2/16/2026,2/18/2026,Pending Fulfillment
SO2929067,8204,2,2/16/2026,2/18/2026,Pending Fulfillment
SO2929067,8242,2,2/16/2026,2/18/2026,Pending Fulfillment
SO2929067,8243,2,2/16/2026,2/18/2026,Pending Fulfillment
SO2929067,8245,1,2/16/2026,2/18/2026,Pending Fulfillment
SO2929170,282,2,2/16/2026,5/4/2026,Pending Fulfillment
SO2929170,7805,378,2/16/2026,5/4/2026,Pending Fulfillment
SO2929170,7806,300,2/16/2026,5/4/2026,Pending Fulfillment
SO2929170,7808,576,2/16/2026,5/4/2026,Pending Fulfillment
SO2929170,7809,"1,218",2/16/2026,5/4/2026,Pending Fulfillment
SO2929170,7810,846,2/16/2026,5/4/2026,Pending Fulfillment
SO2929170,7812,414,2/16/2026,5/4/2026,Pending Fulfillment
SO2929170,7814,576,2/16/2026,5/4/2026,Pending Fulfillment
SO2929170,7821,"2,568",2/16/2026,5/4/2026,Pending Fulfillment
SO2929170,7955,300,2/16/2026,5/4/2026,Pending Fulfillment
SO2929170,7958,300,2/16/2026,5/4/2026,Pending Fulfillment
SO2929170,7962,300,2/16/2026,5/4/2026,Pending Fulfillment
SO2929170,7970,"1,008",2/16/2026,5/4/2026,Pending Fulfillment
SO2929171,282,2,2/16/2026,5/4/2026,Pending Fulfillment
SO2929171,6725,192,2/16/2026,5/4/2026,Pending Fulfillment
SO2929171,6727,204,2/16/2026,5/4/2026,Pending Fulfillment
SO2929171,6731,"1,200",2/16/2026,5/4/2026,Pending Fulfillment
SO2929171,7802,300,2/16/2026,5/4/2026,Pending Fulfillment
SO2929171,7822,"1,200",2/16/2026,5/4/2026,Pending Fulfillment
SO2929171,7961,408,2/16/2026,5/4/2026,Pending Fulfillment
SO2929171,7967,594,2/16/2026,5/4/2026,Pending Fulfillment
SO2929171,7968,300,2/16/2026,5/4/2026,Pending Fulfillment
SO2929320,282,2,2/17/2026,2/24/2026,Pending Approval
SO2929320,8234,12,2/17/2026,2/24/2026,Pending Approval
SO2929347,282,2,2/18/2026,2/19/2026,Pending Approval
SO2929347,3082,1,2/18/2026,2/19/2026,Pending Approval
SO2929609,282,2,2/20/2026,2/21/2026,Pending Approval
SO2929609,5568,12,2/20/2026,2/21/2026,Pending Approval
SO2929609,5617,4,2/20/2026,2/21/2026,Pending Approval
SO2929609,6731,12,2/20/2026,2/21/2026,Pending Approval
SO2929609,6732,12,2/20/2026,2/21/2026,Pending Approval
SO2931150,282,2,2/24/2026,3/12/2026,Pending Fulfillment
SO2931150,5568,48,2/24/2026,3/12/2026,Pending Fulfillment
SO2931150,6728,90,2/24/2026,3/12/2026,Pending Fulfillment
SO2931150,6731,60,2/24/2026,3/12/2026,Pending Fulfillment
SO2931150,7987,10,2/24/2026,3/12/2026,Pending Fulfillment
SO2931150,7989,10,2/24/2026,3/12/2026,Pending Fulfillment
SO2931152,282,2,2/24/2026,3/12/2026,Pending Fulfillment
SO2931152,5565,12,2/24/2026,3/12/2026,Pending Fulfillment
SO2931152,5567,132,2/24/2026,3/12/2026,Pending Fulfillment
SO2931152,5568,24,2/24/2026,3/12/2026,Pending Fulfillment
SO2931152,5570,24,2/24/2026,3/12/2026,Pending Fulfillment
SO2931152,5610,20,2/24/2026,3/12/2026,Pending Fulfillment
SO2931152,5612,5,2/24/2026,3/12/2026,Pending Fulfillment
SO2931152,5617,12,2/24/2026,3/12/2026,Pending Fulfillment
SO2931152,6725,12,2/24/2026,3/12/2026,Pending Fulfillment
SO2931152,6727,36,2/24/2026,3/12/2026,Pending Fulfillment
SO2931152,7982,50,2/24/2026,3/12/2026,Pending Fulfillment
SO2931152,7983,5,2/24/2026,3/12/2026,Pending Fulfillment
SO2931152,7987,10,2/24/2026,3/12/2026,Pending Fulfillment
SO2931152,7988,10,2/24/2026,3/12/2026,Pending Fulfillment
SO2931153,282,2,2/24/2026,3/12/2026,Pending Fulfillment
SO2931153,5567,108,2/24/2026,3/12/2026,Pending Fulfillment
SO2931153,5568,144,2/24/2026,3/12/2026,Pending Fulfillment
SO2931153,5569,12,2/24/2026,3/12/2026,Pending Fulfillment
SO2931153,5611,8,2/24/2026,3/12/2026,Pending Fulfillment
SO2931153,5612,5,2/24/2026,3/12/2026,Pending Fulfillment
SO2931153,5618,10,2/24/2026,3/12/2026,Pending Fulfillment
SO2931153,6727,36,2/24/2026,3/12/2026,Pending Fulfillment
SO2931153,6730,30,2/24/2026,3/12/2026,Pending Fulfillment
SO2931153,6731,195,2/24/2026,3/12/2026,Pending Fulfillment
SO2931153,7982,80,2/24/2026,3/12/2026,Pending Fulfillment
SO2931154,282,2,2/24/2026,3/12/2026,Pending Fulfillment
SO2931154,5567,12,2/24/2026,3/12/2026,Pending Fulfillment
SO2931154,5570,12,2/24/2026,3/12/2026,Pending Fulfillment
SO2931154,5607,15,2/24/2026,3/12/2026,Pending Fulfillment
SO2931154,5618,5,2/24/2026,3/12/2026,Pending Fulfillment
SO2931154,6730,12,2/24/2026,3/12/2026,Pending Fulfillment
SO2931154,7982,25,2/24/2026,3/12/2026,Pending Fulfillment
SO2931155,282,2,2/24/2026,3/12/2026,Pending Fulfillment
SO2931155,5565,72,2/24/2026,3/12/2026,Pending Fulfillment
SO2931155,5567,84,2/24/2026,3/12/2026,Pending Fulfillment
SO2931155,5570,12,2/24/2026,3/12/2026,Pending Fulfillment
SO2931155,5610,25,2/24/2026,3/12/2026,Pending Fulfillment
SO2931155,5618,25,2/24/2026,3/12/2026,Pending Fulfillment
SO2931155,6727,24,2/24/2026,3/12/2026,Pending Fulfillment
SO2931155,6730,60,2/24/2026,3/12/2026,Pending Fulfillment
SO2931155,8232,24,2/24/2026,3/12/2026,Pending Fulfillment
SO2931155,8233,24,2/24/2026,3/12/2026,Pending Fulfillment
SO2930226,282,2,2/25/2026,3/5/2026,Pending Billing
SO2930226,351,1,2/25/2026,3/5/2026,Pending Billing
SO2930226,354,1,2/25/2026,3/5/2026,Pending Billing
SO2930226,357,14,2/25/2026,3/5/2026,Pending Billing
SO2930226,5567,12,2/25/2026,3/5/2026,Pending Billing
SO2930226,5568,36,2/25/2026,3/5/2026,Pending Billing
SO2930226,5607,15,2/25/2026,3/5/2026,Pending Billing
SO2930226,5610,5,2/25/2026,3/5/2026,Pending Billing
SO2930226,5617,4,2/25/2026,3/5/2026,Pending Billing
SO2930226,5618,10,2/25/2026,3/5/2026,Pending Billing
SO2930226,6217,4,2/25/2026,3/5/2026,Pending Billing
SO2930226,6730,12,2/25/2026,3/5/2026,Pending Billing
SO2930226,6731,24,2/25/2026,3/5/2026,Pending Billing
SO2930316,81,330,2/26/2026,3/2/2026,Pending Billing
SO2930316,282,2,2/26/2026,3/2/2026,Pending Billing
SO2930316,2987,0,2/26/2026,3/2/2026,Pending Billing
SO2930369,282,2,2/26/2026,3/17/2026,Pending Fulfillment
SO2930369,6732,216,2/26/2026,3/17/2026,Pending Fulfillment
SO2930369,6768,144,2/26/2026,3/17/2026,Pending Fulfillment
SO2930447,282,2,2/26/2026,3/10/2026,Pending Fulfillment
SO2930447,351,36,2/26/2026,3/10/2026,Pending Fulfillment
SO2930447,400,41,2/26/2026,3/10/2026,Pending Fulfillment
SO2930447,5568,12,2/26/2026,3/10/2026,Pending Fulfillment
SO2930449,282,2,2/26/2026,3/10/2026,Pending Fulfillment
SO2930449,351,8,2/26/2026,3/10/2026,Pending Fulfillment
SO2930449,400,6,2/26/2026,3/10/2026,Pending Fulfillment
SO2930450,282,2,2/26/2026,3/10/2026,Pending Fulfillment
SO2930450,351,11,2/26/2026,3/10/2026,Pending Fulfillment
SO2930450,400,13,2/26/2026,3/10/2026,Pending Fulfillment
SO2930457,282,2,2/26/2026,3/10/2026,Pending Fulfillment
SO2930457,351,2,2/26/2026,3/10/2026,Pending Fulfillment
SO2930457,400,2,2/26/2026,3/10/2026,Pending Fulfillment
SO2930457,5568,12,2/26/2026,3/10/2026,Pending Fulfillment
SO2930457,5607,4,2/26/2026,3/10/2026,Pending Fulfillment
SO2930457,5610,5,2/26/2026,3/10/2026,Pending Fulfillment
SO2930457,5617,4,2/26/2026,3/10/2026,Pending Fulfillment
SO2930444,282,2,2/27/2026,2/27/2026,Pending Approval
SO2930444,392,1,2/27/2026,2/27/2026,Pending Approval
SO2930460,282,2,2/27/2026,3/10/2026,Pending Fulfillment
SO2930460,351,3,2/27/2026,3/10/2026,Pending Fulfillment
SO2930460,400,2,2/27/2026,3/10/2026,Pending Fulfillment
SO2930460,5609,6,2/27/2026,3/10/2026,Pending Fulfillment
SO2930460,5618,6,2/27/2026,3/10/2026,Pending Fulfillment
SO2930461,282,2,2/27/2026,3/10/2026,Pending Fulfillment
SO2930461,351,23,2/27/2026,3/10/2026,Pending Fulfillment
SO2930461,400,17,2/27/2026,3/10/2026,Pending Fulfillment
SO2930461,5567,12,2/27/2026,3/10/2026,Pending Fulfillment
SO2930461,5568,12,2/27/2026,3/10/2026,Pending Fulfillment
SO2930461,5609,18,2/27/2026,3/10/2026,Pending Fulfillment
SO2930461,5617,4,2/27/2026,3/10/2026,Pending Fulfillment
SO2930461,5618,24,2/27/2026,3/10/2026,Pending Fulfillment
SO2930485,282,2,2/27/2026,3/6/2026,Pending Billing
SO2930485,5617,1,2/27/2026,3/6/2026,Pending Billing
SO2930500,282,2,2/27/2026,3/9/2026,Pending Fulfillment
SO2930500,5567,12,2/27/2026,3/9/2026,Pending Fulfillment
SO2930500,5568,12,2/27/2026,3/9/2026,Pending Fulfillment
SO2930500,5617,4,2/27/2026,3/9/2026,Pending Fulfillment
SO2930500,6217,2,2/27/2026,3/9/2026,Pending Fulfillment
SO2930500,6730,12,2/27/2026,3/9/2026,Pending Fulfillment
SO2930500,6731,132,2/27/2026,3/9/2026,Pending Fulfillment
SO2930515,282,2,2/27/2026,3/4/2026,Pending Approval
SO2930515,392,1,2/27/2026,3/4/2026,Pending Approval
SO2930530,282,2,2/27/2026,4/12/2026,Pending Fulfillment
SO2930530,6721,840,2/27/2026,4/12/2026,Pending Fulfillment
SO2930530,6722,725,2/27/2026,4/12/2026,Pending Fulfillment
SO2930531,282,2,2/27/2026,4/12/2026,Pending Fulfillment
SO2930531,6722,"2,850",2/27/2026,4/12/2026,Pending Fulfillment
SO2930533,282,2,2/27/2026,4/12/2026,Pending Fulfillment
SO2930533,6722,"3,240",2/27/2026,4/12/2026,Pending Fulfillment
SO2930534,282,2,2/27/2026,4/17/2026,Pending Fulfillment
SO2930534,6721,"1,850",2/27/2026,4/17/2026,Pending Fulfillment
SO2930535,282,2,2/27/2026,4/17/2026,Pending Fulfillment
SO2930535,6721,820,2/27/2026,4/17/2026,Pending Fulfillment
SO2930535,6722,"2,075",2/27/2026,4/17/2026,Pending Fulfillment
SO2930892,282,2,3/1/2026,3/4/2026,Pending Fulfillment
SO2930892,2195,40,3/1/2026,3/4/2026,Pending Fulfillment
SO2931563,282,2,3/1/2026,3/6/2026,Pending Billing
SO2931563,3071,1,3/1/2026,3/6/2026,Pending Billing
SO2930952,282,2,3/2/2026,3/2/2026,Pending Fulfillment
SO2930952,2392,1,3/2/2026,3/2/2026,Pending Fulfillment
SO2931019,282,2,3/2/2026,3/10/2026,Pending Fulfillment
SO2931019,357,3,3/2/2026,3/10/2026,Pending Fulfillment
SO2931019,505,2,3/2/2026,3/10/2026,Pending Fulfillment
SO2931019,5568,12,3/2/2026,3/10/2026,Pending Fulfillment
SO2931019,5607,10,3/2/2026,3/10/2026,Pending Fulfillment
SO2931019,6217,3,3/2/2026,3/10/2026,Pending Fulfillment
SO2931020,282,2,3/2/2026,3/10/2026,Pending Fulfillment
SO2931020,357,14,3/2/2026,3/10/2026,Pending Fulfillment
SO2931020,6730,12,3/2/2026,3/10/2026,Pending Fulfillment
SO2931020,6731,12,3/2/2026,3/10/2026,Pending Fulfillment
SO2931064,282,2,3/2/2026,3/5/2026,Pending Billing
SO2931064,367,3,3/2/2026,3/5/2026,Pending Billing
SO2931064,6725,12,3/2/2026,3/5/2026,Pending Billing
SO2931064,6726,24,3/2/2026,3/5/2026,Pending Billing
SO2931065,282,2,3/2/2026,3/5/2026,Pending Fulfillment
SO2931065,366,10,3/2/2026,3/5/2026,Pending Fulfillment
SO2931065,6725,24,3/2/2026,3/5/2026,Pending Fulfillment
SO2931099,282,2,3/2/2026,3/9/2026,Pending Fulfillment
SO2931099,355,2,3/2/2026,3/9/2026,Pending Fulfillment
SO2931099,6234,3,3/2/2026,3/9/2026,Pending Fulfillment
SO2931100,282,2,3/2/2026,3/9/2026,Pending Fulfillment
SO2931100,352,6,3/2/2026,3/9/2026,Pending Fulfillment
SO2931100,355,3,3/2/2026,3/9/2026,Pending Fulfillment
SO2931100,2632,9,3/2/2026,3/9/2026,Pending Fulfillment
SO2931100,5570,24,3/2/2026,3/9/2026,Pending Fulfillment
SO2931100,5607,25,3/2/2026,3/9/2026,Pending Fulfillment
SO2931101,282,2,3/2/2026,3/9/2026,Pending Fulfillment
SO2931101,352,30,3/2/2026,3/9/2026,Pending Fulfillment
SO2931101,355,18,3/2/2026,3/9/2026,Pending Fulfillment
SO2931101,2632,19,3/2/2026,3/9/2026,Pending Fulfillment
SO2931101,5569,24,3/2/2026,3/9/2026,Pending Fulfillment
SO2931101,5570,36,3/2/2026,3/9/2026,Pending Fulfillment
SO2931101,5607,15,3/2/2026,3/9/2026,Pending Fulfillment
SO2931101,6214,24,3/2/2026,3/9/2026,Pending Fulfillment
SO2931101,6234,23,3/2/2026,3/9/2026,Pending Fulfillment
SO2931125,282,2,3/3/2026,3/3/2026,Pending Approval
SO2931125,392,1,3/3/2026,3/3/2026,Pending Approval
SO2931126,81,30,3/3/2026,3/6/2026,Pending Fulfillment
SO2931126,282,2,3/3/2026,3/6/2026,Pending Fulfillment
SO2931126,373,30,3/3/2026,3/6/2026,Pending Fulfillment
SO2931126,2987,0,3/3/2026,3/6/2026,Pending Fulfillment
SO2931126,8232,156,3/3/2026,3/6/2026,Pending Fulfillment
SO2931127,81,90,3/3/2026,3/6/2026,Pending Fulfillment
SO2931127,282,2,3/3/2026,3/6/2026,Pending Fulfillment
SO2931127,2987,0,3/3/2026,3/6/2026,Pending Fulfillment
SO2931128,81,30,3/3/2026,3/6/2026,Pending Billing
SO2931128,282,2,3/3/2026,3/6/2026,Pending Billing
SO2931128,2987,0,3/3/2026,3/6/2026,Pending Billing
SO2931129,81,30,3/3/2026,3/6/2026,Pending Billing
SO2931129,282,2,3/3/2026,3/6/2026,Pending Billing
SO2931129,2987,0,3/3/2026,3/6/2026,Pending Billing
SO2931129,8232,12,3/3/2026,3/6/2026,Pending Billing
SO2931130,81,30,3/3/2026,3/6/2026,Pending Billing
SO2931130,282,2,3/3/2026,3/6/2026,Pending Billing
SO2931130,2987,0,3/3/2026,3/6/2026,Pending Billing
SO2931131,81,30,3/3/2026,3/6/2026,Pending Fulfillment
SO2931131,282,2,3/3/2026,3/6/2026,Pending Fulfillment
SO2931131,373,15,3/3/2026,3/6/2026,Pending Fulfillment
SO2931131,2987,0,3/3/2026,3/6/2026,Pending Fulfillment
SO2931132,282,2,3/3/2026,3/6/2026,Pending Billing
SO2931132,373,15,3/3/2026,3/6/2026,Pending Billing
SO2931132,2987,0,3/3/2026,3/6/2026,Pending Billing
SO2931133,81,60,3/3/2026,3/6/2026,Pending Billing
SO2931133,282,2,3/3/2026,3/6/2026,Pending Billing
SO2931133,2987,0,3/3/2026,3/6/2026,Pending Billing
SO2931141,282,2,3/3/2026,3/3/2026,Pending Fulfillment
SO2931141,8203,1,3/3/2026,3/3/2026,Pending Fulfillment
SO2931139,282,2,3/3/2026,3/3/2026,Pending Fulfillment
SO2931139,8203,1,3/3/2026,3/3/2026,Pending Fulfillment
SO2931186,282,2,3/3/2026,3/12/2026,Pending Fulfillment
SO2931186,3073,80,3/3/2026,3/12/2026,Pending Fulfillment
SO2931187,282,2,3/3/2026,3/11/2026,Pending Fulfillment
SO2931187,357,3,3/3/2026,3/11/2026,Pending Fulfillment
SO2931187,5568,12,3/3/2026,3/11/2026,Pending Fulfillment
SO2931187,5607,10,3/3/2026,3/11/2026,Pending Fulfillment
SO2931187,5618,5,3/3/2026,3/11/2026,Pending Fulfillment
SO2931187,6217,3,3/3/2026,3/11/2026,Pending Fulfillment
SO2931187,6731,48,3/3/2026,3/11/2026,Pending Fulfillment
SO2931201,282,2,3/3/2026,3/5/2026,Pending Approval
SO2931201,936,1,3/3/2026,3/5/2026,Pending Approval
SO2931201,5567,1,3/3/2026,3/5/2026,Pending Approval
SO2931201,5568,1,3/3/2026,3/5/2026,Pending Approval
SO2931201,5617,2,3/3/2026,3/5/2026,Pending Approval
SO2931201,6128,1,3/3/2026,3/5/2026,Pending Approval
SO2931213,282,2,3/3/2026,3/4/2026,Pending Fulfillment
SO2931213,3519,1,3/3/2026,3/4/2026,Pending Fulfillment
SO2931213,5592,1,3/3/2026,3/4/2026,Pending Fulfillment
SO2931239,282,2,3/3/2026,3/9/2026,Pending Fulfillment
SO2931239,6725,12,3/3/2026,3/9/2026,Pending Fulfillment
SO2931284,282,2,3/4/2026,3/6/2026,Pending Fulfillment
SO2931284,306,24,3/4/2026,3/6/2026,Pending Fulfillment
SO2931362,282,2,3/4/2026,3/5/2026,Pending Fulfillment
SO2931362,2985,1,3/4/2026,3/5/2026,Pending Fulfillment
SO2931397,13,1,3/4/2026,3/10/2026,Pending Fulfillment
SO2931397,16,2,3/4/2026,3/10/2026,Pending Fulfillment
SO2931397,282,2,3/4/2026,3/10/2026,Pending Fulfillment
SO2931397,352,30,3/4/2026,3/10/2026,Pending Fulfillment
SO2931397,8163,0,3/4/2026,3/10/2026,Pending Fulfillment
SO2931427,282,2,3/4/2026,3/11/2026,Pending Fulfillment
SO2931427,352,11,3/4/2026,3/11/2026,Pending Fulfillment
SO2931427,355,13,3/4/2026,3/11/2026,Pending Fulfillment
SO2931427,2632,11,3/4/2026,3/11/2026,Pending Fulfillment
SO2931427,5607,10,3/4/2026,3/11/2026,Pending Fulfillment
SO2931440,282,2,3/5/2026,3/5/2026,Pending Fulfillment
SO2931440,8203,1,3/5/2026,3/5/2026,Pending Fulfillment
SO2931445,81,180,3/5/2026,3/9/2026,Pending Fulfillment
SO2931445,282,2,3/5/2026,3/9/2026,Pending Fulfillment
SO2931445,2987,0,3/5/2026,3/9/2026,Pending Fulfillment
SO2931446,81,90,3/5/2026,3/9/2026,Pending Fulfillment
SO2931446,282,2,3/5/2026,3/9/2026,Pending Fulfillment
SO2931446,2987,0,3/5/2026,3/9/2026,Pending Fulfillment
SO2931447,81,180,3/5/2026,3/9/2026,Pending Fulfillment
SO2931447,282,2,3/5/2026,3/9/2026,Pending Fulfillment
SO2931447,2987,0,3/5/2026,3/9/2026,Pending Fulfillment
SO2931448,81,210,3/5/2026,3/9/2026,Pending Fulfillment
SO2931448,282,2,3/5/2026,3/9/2026,Pending Fulfillment
SO2931448,373,15,3/5/2026,3/9/2026,Pending Fulfillment
SO2931448,2987,0,3/5/2026,3/9/2026,Pending Fulfillment
SO2931449,81,30,3/5/2026,3/9/2026,Pending Fulfillment
SO2931449,282,2,3/5/2026,3/9/2026,Pending Fulfillment
SO2931449,2987,0,3/5/2026,3/9/2026,Pending Fulfillment
SO2931449,8232,12,3/5/2026,3/9/2026,Pending Fulfillment
SO2931450,81,270,3/5/2026,3/9/2026,Pending Fulfillment
SO2931450,282,2,3/5/2026,3/9/2026,Pending Fulfillment
SO2931450,2987,0,3/5/2026,3/9/2026,Pending Fulfillment
SO2931451,81,60,3/5/2026,3/9/2026,Pending Fulfillment
SO2931451,282,2,3/5/2026,3/9/2026,Pending Fulfillment
SO2931451,2987,0,3/5/2026,3/9/2026,Pending Fulfillment
SO2931452,81,90,3/5/2026,3/9/2026,Pending Fulfillment
SO2931452,282,2,3/5/2026,3/9/2026,Pending Fulfillment
SO2931452,2987,0,3/5/2026,3/9/2026,Pending Fulfillment
SO2931453,81,180,3/5/2026,3/9/2026,Pending Fulfillment
SO2931453,282,2,3/5/2026,3/9/2026,Pending Fulfillment
SO2931453,373,15,3/5/2026,3/9/2026,Pending Fulfillment
SO2931453,2987,0,3/5/2026,3/9/2026,Pending Fulfillment
SO2931454,81,240,3/5/2026,3/9/2026,Pending Fulfillment
SO2931454,282,2,3/5/2026,3/9/2026,Pending Fulfillment
SO2931454,2987,0,3/5/2026,3/9/2026,Pending Fulfillment
SO2931455,81,150,3/5/2026,3/9/2026,Pending Fulfillment
SO2931455,282,2,3/5/2026,3/9/2026,Pending Fulfillment
SO2931455,2987,0,3/5/2026,3/9/2026,Pending Fulfillment
SO2931456,81,120,3/5/2026,3/9/2026,Pending Fulfillment
SO2931456,282,2,3/5/2026,3/9/2026,Pending Fulfillment
SO2931456,373,30,3/5/2026,3/9/2026,Pending Fulfillment
SO2931456,2987,0,3/5/2026,3/9/2026,Pending Fulfillment
SO2931457,81,120,3/5/2026,3/9/2026,Pending Fulfillment
SO2931457,282,2,3/5/2026,3/9/2026,Pending Fulfillment
SO2931457,2987,0,3/5/2026,3/9/2026,Pending Fulfillment
SO2931458,81,330,3/5/2026,3/9/2026,Pending Fulfillment
SO2931458,282,2,3/5/2026,3/9/2026,Pending Fulfillment
SO2931458,2987,0,3/5/2026,3/9/2026,Pending Fulfillment
SO2931459,81,450,3/5/2026,3/9/2026,Pending Fulfillment
SO2931459,282,2,3/5/2026,3/9/2026,Pending Fulfillment
SO2931459,2987,0,3/5/2026,3/9/2026,Pending Fulfillment
SO2931460,81,150,3/5/2026,3/9/2026,Pending Fulfillment
SO2931460,282,2,3/5/2026,3/9/2026,Pending Fulfillment
SO2931460,373,75,3/5/2026,3/9/2026,Pending Fulfillment
SO2931460,2987,0,3/5/2026,3/9/2026,Pending Fulfillment
SO2931460,8232,312,3/5/2026,3/9/2026,Pending Fulfillment
SO2931461,81,270,3/5/2026,3/9/2026,Pending Fulfillment
SO2931461,282,2,3/5/2026,3/9/2026,Pending Fulfillment
SO2931461,373,45,3/5/2026,3/9/2026,Pending Fulfillment
SO2931461,2987,0,3/5/2026,3/9/2026,Pending Fulfillment
SO2931462,81,60,3/5/2026,3/9/2026,Pending Fulfillment
SO2931462,282,2,3/5/2026,3/9/2026,Pending Fulfillment
SO2931462,2987,0,3/5/2026,3/9/2026,Pending Fulfillment
SO2931463,81,60,3/5/2026,3/9/2026,Pending Fulfillment
SO2931463,282,2,3/5/2026,3/9/2026,Pending Fulfillment
SO2931463,2987,0,3/5/2026,3/9/2026,Pending Fulfillment
SO2931464,13,2,3/5/2026,3/5/2026,Pending Approval
SO2931464,16,1,3/5/2026,3/5/2026,Pending Approval
SO2931464,282,2,3/5/2026,3/5/2026,Pending Approval
SO2931464,2195,1,3/5/2026,3/5/2026,Pending Approval
SO2931469,282,2,3/5/2026,4/25/2026,Pending Fulfillment
SO2931469,5607,750,3/5/2026,4/25/2026,Pending Fulfillment
SO2931469,5618,600,3/5/2026,4/25/2026,Pending Fulfillment
SO2931469,7982,250,3/5/2026,4/25/2026,Pending Fulfillment
SO2931470,282,2,3/5/2026,3/6/2026,Pending Billing
SO2931470,5309,1,3/5/2026,3/6/2026,Pending Billing
SO2931486,282,2,3/5/2026,3/6/2026,Pending Billing
SO2931486,6115,1,3/5/2026,3/6/2026,Pending Billing
SO2931492,282,2,3/5/2026,3/5/2026,Pending Fulfillment
SO2931492,3442,1,3/5/2026,3/5/2026,Pending Fulfillment
SO2931492,7935,1,3/5/2026,3/5/2026,Pending Fulfillment
SO2931496,282,2,3/5/2026,3/5/2026,Pending Fulfillment
SO2931496,8203,1,3/5/2026,3/5/2026,Pending Fulfillment
SO2931518,282,2,3/5/2026,3/5/2026,Pending Fulfillment
SO2931518,2292,3,3/5/2026,3/5/2026,Pending Fulfillment
SO2931518,5932,3,3/5/2026,3/5/2026,Pending Fulfillment
SO2931518,5933,1,3/5/2026,3/5/2026,Pending Fulfillment
SO2931520,282,2,3/5/2026,3/6/2026,Pending Billing
SO2931520,5309,1,3/5/2026,3/6/2026,Pending Billing
SO2931522,282,2,3/5/2026,3/6/2026,Pending Billing
SO2931522,7703,1,3/5/2026,3/6/2026,Pending Billing
SO2931536,282,2,3/5/2026,3/6/2026,Pending Fulfillment
SO2931536,8203,1,3/5/2026,3/6/2026,Pending Fulfillment
SO2931526,282,2,3/5/2026,3/6/2026,Pending Billing
SO2931526,5608,1,3/5/2026,3/6/2026,Pending Billing
SO2931526,5618,1,3/5/2026,3/6/2026,Pending Billing
SO2931528,282,2,3/5/2026,3/6/2026,Pending Billing
SO2931528,7703,1,3/5/2026,3/6/2026,Pending Billing
SO2931530,282,2,3/5/2026,3/6/2026,Pending Billing
SO2931530,6782,1,3/5/2026,3/6/2026,Pending Billing
SO2931531,282,2,3/5/2026,3/6/2026,Pending Billing
SO2931531,3072,1,3/5/2026,3/6/2026,Pending Billing
SO2931532,282,2,3/5/2026,3/6/2026,Pending Billing
SO2931532,358,1,3/5/2026,3/6/2026,Pending Billing
SO2931534,282,2,3/5/2026,3/6/2026,Pending Billing
SO2931534,5607,1,3/5/2026,3/6/2026,Pending Billing
SO2931537,282,2,3/5/2026,3/6/2026,Pending Billing
SO2931537,5994,1,3/5/2026,3/6/2026,Pending Billing
SO2931537,6005,1,3/5/2026,3/6/2026,Pending Billing
SO2931546,282,2,3/5/2026,3/6/2026,Pending Fulfillment
SO2931546,3519,1,3/5/2026,3/6/2026,Pending Fulfillment
SO2931546,5316,1,3/5/2026,3/6/2026,Pending Fulfillment
SO2931541,282,2,3/5/2026,3/6/2026,Pending Billing
SO2931541,505,1,3/5/2026,3/6/2026,Pending Billing
SO2931547,282,2,3/5/2026,3/6/2026,Pending Billing
SO2931547,350,1,3/5/2026,3/6/2026,Pending Billing
SO2931550,282,2,3/5/2026,3/6/2026,Pending Billing
SO2931550,5618,1,3/5/2026,3/6/2026,Pending Billing
SO2931545,282,2,3/5/2026,3/6/2026,Pending Billing
SO2931545,3441,1,3/5/2026,3/6/2026,Pending Billing
SO2931544,282,2,3/5/2026,3/6/2026,Pending Billing
SO2931544,1667,1,3/5/2026,3/6/2026,Pending Billing
SO2931549,282,2,3/5/2026,4/8/2026,Pending Fulfillment
SO2931549,3010,90,3/5/2026,4/8/2026,Pending Fulfillment
SO2931551,282,2,3/5/2026,3/6/2026,Pending Billing
SO2931551,357,1,3/5/2026,3/6/2026,Pending Billing
SO2931555,282,2,3/5/2026,3/6/2026,Pending Billing
SO2931555,6775,1,3/5/2026,3/6/2026,Pending Billing
SO2931558,282,2,3/5/2026,3/6/2026,Pending Billing
SO2931558,2195,3,3/5/2026,3/6/2026,Pending Billing
SO2931559,282,2,3/5/2026,3/6/2026,Pending Billing
SO2931559,7982,1,3/5/2026,3/6/2026,Pending Billing
SO2931560,282,2,3/5/2026,3/6/2026,Pending Billing
SO2931560,5610,1,3/5/2026,3/6/2026,Pending Billing
SO2931564,282,2,3/5/2026,3/6/2026,Pending Billing
SO2931564,5309,1,3/5/2026,3/6/2026,Pending Billing
SO2931566,282,2,3/5/2026,3/6/2026,Pending Billing
SO2931566,5614,1,3/5/2026,3/6/2026,Pending Billing
SO2931567,282,2,3/5/2026,3/6/2026,Pending Billing
SO2931567,5618,1,3/5/2026,3/6/2026,Pending Billing
SO2931562,282,2,3/5/2026,3/6/2026,Pending Billing
SO2931562,361,1,3/5/2026,3/6/2026,Pending Billing
SO2931570,282,2,3/5/2026,3/10/2026,Pending Fulfillment
SO2931570,366,3,3/5/2026,3/10/2026,Pending Fulfillment
SO2931570,6725,12,3/5/2026,3/10/2026,Pending Fulfillment
SO2931571,282,2,3/5/2026,3/10/2026,Pending Fulfillment
SO2931571,6727,24,3/5/2026,3/10/2026,Pending Fulfillment
SO2931572,282,2,3/5/2026,3/10/2026,Pending Fulfillment
SO2931572,366,5,3/5/2026,3/10/2026,Pending Fulfillment
SO2931579,282,2,3/5/2026,3/6/2026,Pending Billing
SO2931579,5610,1,3/5/2026,3/6/2026,Pending Billing
SO2931577,282,2,3/5/2026,3/6/2026,Pending Billing
SO2931577,5641,1,3/5/2026,3/6/2026,Pending Billing
SO2931578,282,2,3/5/2026,3/6/2026,Pending Fulfillment
SO2931578,3164,1,3/5/2026,3/6/2026,Pending Fulfillment
SO2931582,282,2,3/5/2026,3/6/2026,Pending Fulfillment
SO2931582,2780,1,3/5/2026,3/6/2026,Pending Fulfillment
SO2931580,282,2,3/5/2026,3/6/2026,Pending Billing
SO2931580,6383,1,3/5/2026,3/6/2026,Pending Billing
SO2931583,282,2,3/5/2026,3/6/2026,Pending Fulfillment
SO2931583,6113,3,3/5/2026,3/6/2026,Pending Fulfillment
SO2931586,282,2,3/5/2026,3/6/2026,Pending Billing
SO2931586,5641,2,3/5/2026,3/6/2026,Pending Billing
SO2931587,282,2,3/5/2026,3/6/2026,Pending Billing
SO2931587,350,1,3/5/2026,3/6/2026,Pending Billing
SO2931590,282,2,3/5/2026,3/6/2026,Pending Billing
SO2931590,5611,1,3/5/2026,3/6/2026,Pending Billing
SO2931591,282,2,3/5/2026,3/6/2026,Pending Billing
SO2931591,354,1,3/5/2026,3/6/2026,Pending Billing
SO2931591,505,1,3/5/2026,3/6/2026,Pending Billing
SO2931592,282,2,3/5/2026,3/6/2026,Pending Billing
SO2931592,7711,1,3/5/2026,3/6/2026,Pending Billing
SO2931594,282,2,3/5/2026,3/6/2026,Pending Billing
SO2931594,3041,1,3/5/2026,3/6/2026,Pending Billing
SO2931597,282,2,3/5/2026,3/6/2026,Pending Billing
SO2931597,3073,1,3/5/2026,3/6/2026,Pending Billing
SO2931598,282,2,3/5/2026,3/12/2026,Pending Fulfillment
SO2931598,352,12,3/5/2026,3/12/2026,Pending Fulfillment
SO2931598,355,3,3/5/2026,3/12/2026,Pending Fulfillment
SO2931598,2632,16,3/5/2026,3/12/2026,Pending Fulfillment
SO2931598,5553,3,3/5/2026,3/12/2026,Pending Fulfillment
SO2931598,5566,1,3/5/2026,3/12/2026,Pending Fulfillment
SO2931598,5607,15,3/5/2026,3/12/2026,Pending Fulfillment
SO2931598,6234,12,3/5/2026,3/12/2026,Pending Fulfillment
SO2931600,282,2,3/5/2026,3/6/2026,Pending Billing
SO2931600,358,1,3/5/2026,3/6/2026,Pending Billing
SO2931600,5993,1,3/5/2026,3/6/2026,Pending Billing
SO2931610,282,2,3/5/2026,3/6/2026,Pending Billing
SO2931610,5569,1,3/5/2026,3/6/2026,Pending Billing
SO2931620,282,2,3/5/2026,3/6/2026,Pending Billing
SO2931620,6778,1,3/5/2026,3/6/2026,Pending Billing
SO2931621,282,2,3/5/2026,3/6/2026,Pending Billing
SO2931621,2195,1,3/5/2026,3/6/2026,Pending Billing
SO2931622,282,2,3/5/2026,3/6/2026,Pending Billing
SO2931622,2195,1,3/5/2026,3/6/2026,Pending Billing
SO2931574,282,2,3/6/2026,3/6/2026,Pending Billing
SO2931574,6175,1,3/6/2026,3/6/2026,Pending Billing
SO2931585,282,2,3/6/2026,3/6/2026,Pending Billing
SO2931585,7740,1,3/6/2026,3/6/2026,Pending Billing
SO2931588,282,2,3/6/2026,3/6/2026,Pending Billing
SO2931588,5309,1,3/6/2026,3/6/2026,Pending Billing
SO2931588,5311,1,3/6/2026,3/6/2026,Pending Billing
SO2931593,282,2,3/6/2026,3/6/2026,Pending Billing
SO2931593,6748,1,3/6/2026,3/6/2026,Pending Billing
SO2931599,282,2,3/6/2026,3/6/2026,Pending Billing
SO2931599,6115,1,3/6/2026,3/6/2026,Pending Billing
SO2931602,282,2,3/6/2026,3/6/2026,Pending Billing
SO2931602,7982,1,3/6/2026,3/6/2026,Pending Billing
SO2931605,282,2,3/6/2026,3/6/2026,Pending Billing
SO2931605,5560,1,3/6/2026,3/6/2026,Pending Billing
SO2931606,282,2,3/6/2026,3/6/2026,Pending Billing
SO2931606,352,1,3/6/2026,3/6/2026,Pending Billing
SO2931606,505,1,3/6/2026,3/6/2026,Pending Billing
SO2931609,282,2,3/6/2026,3/6/2026,Pending Billing
SO2931609,1160,1,3/6/2026,3/6/2026,Pending Billing
SO2931611,282,2,3/6/2026,3/6/2026,Pending Billing
SO2931611,5614,1,3/6/2026,3/6/2026,Pending Billing
SO2931612,282,2,3/6/2026,3/6/2026,Pending Billing
SO2931612,7681,1,3/6/2026,3/6/2026,Pending Billing
SO2931613,282,2,3/6/2026,3/6/2026,Pending Billing
SO2931613,6115,1,3/6/2026,3/6/2026,Pending Billing
SO2931614,331,1,3/6/2026,3/6/2026,Pending Billing
SO2931614,1116,1,3/6/2026,3/6/2026,Pending Billing
SO2931615,282,2,3/6/2026,3/6/2026,Pending Billing
SO2931615,3124,1,3/6/2026,3/6/2026,Pending Billing
SO2931616,282,2,3/6/2026,3/6/2026,Pending Billing
SO2931616,7703,1,3/6/2026,3/6/2026,Pending Billing
SO2931618,282,2,3/6/2026,3/6/2026,Pending Billing
SO2931618,7716,1,3/6/2026,3/6/2026,Pending Billing
SO2931619,282,2,3/6/2026,3/6/2026,Pending Billing
SO2931619,306,1,3/6/2026,3/6/2026,Pending Billing
SO2931623,282,2,3/6/2026,3/6/2026,Pending Billing
SO2931623,5570,1,3/6/2026,3/6/2026,Pending Billing
SO2931624,282,2,3/6/2026,3/6/2026,Pending Billing
SO2931624,6115,1,3/6/2026,3/6/2026,Pending Billing
SO2931625,282,2,3/6/2026,3/9/2026,Pending Fulfillment
SO2931625,6776,1,3/6/2026,3/9/2026,Pending Fulfillment
SO2931626,282,2,3/6/2026,3/6/2026,Pending Billing
SO2931626,7716,1,3/6/2026,3/6/2026,Pending Billing
SO2931627,282,2,3/6/2026,3/6/2026,Pending Billing
SO2931627,5309,1,3/6/2026,3/6/2026,Pending Billing
SO2931629,282,2,3/6/2026,3/6/2026,Pending Billing
SO2931629,5607,1,3/6/2026,3/6/2026,Pending Billing
SO2931630,282,2,3/6/2026,3/6/2026,Pending Billing
SO2931630,6779,1,3/6/2026,3/6/2026,Pending Billing
SO2931632,282,2,3/6/2026,3/6/2026,Pending Billing
SO2931632,7716,1,3/6/2026,3/6/2026,Pending Billing
SO2931633,282,2,3/6/2026,3/6/2026,Pending Billing
SO2931633,606,1,3/6/2026,3/6/2026,Pending Billing
SO2931634,282,2,3/6/2026,3/9/2026,Pending Fulfillment
SO2931634,6773,1,3/6/2026,3/9/2026,Pending Fulfillment
SO2931631,282,2,3/6/2026,3/6/2026,Pending Billing
SO2931631,6133,1,3/6/2026,3/6/2026,Pending Billing
SO2931635,64,1,3/6/2026,3/6/2026,Pending Billing
SO2931635,5567,12,3/6/2026,3/6/2026,Pending Billing
SO2931636,357,1,3/6/2026,3/6/2026,Pending Billing
SO2931636,1116,1,3/6/2026,3/6/2026,Pending Billing
SO2931637,282,2,3/6/2026,3/6/2026,Pending Billing
SO2931637,3108,1,3/6/2026,3/6/2026,Pending Billing
SO2931638,282,2,3/6/2026,3/6/2026,Pending Billing
SO2931638,7703,1,3/6/2026,3/6/2026,Pending Billing
SO2931639,282,2,3/6/2026,3/6/2026,Pending Billing
SO2931639,357,1,3/6/2026,3/6/2026,Pending Billing
SO2931645,282,2,3/6/2026,3/6/2026,Pending Billing
SO2931645,3108,1,3/6/2026,3/6/2026,Pending Billing
SO2931646,282,2,3/6/2026,3/6/2026,Pending Billing
SO2931646,5613,1,3/6/2026,3/6/2026,Pending Billing
SO2931647,282,2,3/6/2026,3/6/2026,Pending Billing
SO2931647,357,1,3/6/2026,3/6/2026,Pending Billing
SO2931642,282,2,3/6/2026,3/6/2026,Pending Billing
SO2931642,350,1,3/6/2026,3/6/2026,Pending Billing
SO2931643,282,2,3/6/2026,3/6/2026,Pending Billing
SO2931643,3074,1,3/6/2026,3/6/2026,Pending Billing
SO2931644,282,2,3/6/2026,3/6/2026,Pending Billing
SO2931644,6133,1,3/6/2026,3/6/2026,Pending Billing
SO2931648,282,2,3/6/2026,3/11/2026,Pending Fulfillment
SO2931648,6725,12,3/6/2026,3/11/2026,Pending Fulfillment
SO2931648,6727,6,3/6/2026,3/11/2026,Pending Fulfillment
SO2931648,6731,150,3/6/2026,3/11/2026,Pending Fulfillment
SO2931649,282,2,3/6/2026,3/6/2026,Pending Billing
SO2931649,319,1,3/6/2026,3/6/2026,Pending Billing
SO2931650,282,2,3/6/2026,3/9/2026,Pending Fulfillment
SO2931650,8002,1,3/6/2026,3/9/2026,Pending Fulfillment
SO2931651,282,2,3/6/2026,3/6/2026,Pending Billing
SO2931651,7716,1,3/6/2026,3/6/2026,Pending Billing
SO2931652,282,2,3/6/2026,3/6/2026,Pending Billing
SO2931652,5607,1,3/6/2026,3/6/2026,Pending Billing
SO2931653,282,2,3/6/2026,3/6/2026,Pending Billing
SO2931653,5615,1,3/6/2026,3/6/2026,Pending Billing
SO2931654,282,2,3/6/2026,3/6/2026,Pending Billing
SO2931654,5612,1,3/6/2026,3/6/2026,Pending Billing
SO2931655,282,2,3/6/2026,3/6/2026,Pending Billing
SO2931655,3071,1,3/6/2026,3/6/2026,Pending Billing
SO2931656,282,2,3/6/2026,3/6/2026,Pending Billing
SO2931656,5993,1,3/6/2026,3/6/2026,Pending Billing
SO2931657,282,2,3/6/2026,3/6/2026,Pending Billing
SO2931657,6026,2,3/6/2026,3/6/2026,Pending Billing
SO2931659,282,2,3/6/2026,3/6/2026,Pending Fulfillment
SO2931659,1159,1,3/6/2026,3/6/2026,Pending Fulfillment
SO2931659,2732,1,3/6/2026,3/6/2026,Pending Fulfillment
SO2931661,282,2,3/6/2026,3/6/2026,Pending Billing
SO2931661,6773,1,3/6/2026,3/6/2026,Pending Billing
SO2931660,282,2,3/6/2026,3/6/2026,Pending Billing
SO2931660,350,1,3/6/2026,3/6/2026,Pending Billing
SO2931668,183,1,3/6/2026,3/6/2026,Pending Billing
SO2931668,282,2,3/6/2026,3/6/2026,Pending Billing
SO2931669,282,2,3/6/2026,3/6/2026,Pending Billing
SO2931669,3011,1,3/6/2026,3/6/2026,Pending Billing
SO2931658,282,2,3/6/2026,3/6/2026,Pending Billing
SO2931658,3441,1,3/6/2026,3/6/2026,Pending Billing
SO2931674,282,2,3/6/2026,3/9/2026,Pending Fulfillment
SO2931674,3081,1,3/6/2026,3/9/2026,Pending Fulfillment
SO2931675,282,2,3/6/2026,3/9/2026,Pending Fulfillment
SO2931675,350,1,3/6/2026,3/9/2026,Pending Fulfillment
SO2931662,282,2,3/6/2026,3/12/2026,Pending Fulfillment
SO2931662,8234,84,3/6/2026,3/12/2026,Pending Fulfillment
SO2931663,282,2,3/6/2026,3/12/2026,Pending Fulfillment
SO2931663,8234,24,3/6/2026,3/12/2026,Pending Fulfillment
SO2931677,183,1,3/6/2026,3/9/2026,Pending Fulfillment
SO2931677,282,2,3/6/2026,3/9/2026,Pending Fulfillment
SO2931678,282,2,3/6/2026,3/9/2026,Pending Fulfillment
SO2931678,3108,1,3/6/2026,3/9/2026,Pending Fulfillment
SO2931664,282,2,3/6/2026,3/12/2026,Pending Fulfillment
SO2931664,8234,96,3/6/2026,3/12/2026,Pending Fulfillment
SO2931665,282,2,3/6/2026,3/12/2026,Pending Fulfillment
SO2931665,8234,72,3/6/2026,3/12/2026,Pending Fulfillment
SO2931667,282,2,3/6/2026,3/12/2026,Pending Fulfillment
SO2931667,8234,48,3/6/2026,3/12/2026,Pending Fulfillment
SO2931670,282,2,3/6/2026,3/12/2026,Pending Fulfillment
SO2931670,8234,120,3/6/2026,3/12/2026,Pending Fulfillment
SO2931671,282,2,3/6/2026,3/12/2026,Pending Fulfillment
SO2931671,8234,180,3/6/2026,3/12/2026,Pending Fulfillment
SO2931672,282,2,3/6/2026,3/6/2026,Pending Fulfillment
SO2931672,2195,1,3/6/2026,3/6/2026,Pending Fulfillment
SO2931673,282,2,3/6/2026,3/12/2026,Pending Fulfillment
SO2931673,8234,108,3/6/2026,3/12/2026,Pending Fulfillment
SO2931676,282,2,3/6/2026,3/9/2026,Pending Fulfillment
SO2931676,6130,0,3/6/2026,3/9/2026,Pending Fulfillment
SO2931676,7982,1,3/6/2026,3/9/2026,Pending Fulfillment
SO2931690,282,2,3/6/2026,3/9/2026,Pending Fulfillment
SO2931690,6113,2,3/6/2026,3/9/2026,Pending Fulfillment
SO2931692,282,2,3/6/2026,3/9/2026,Pending Fulfillment
SO2931692,6773,1,3/6/2026,3/9/2026,Pending Fulfillment
SO2931693,282,2,3/6/2026,3/9/2026,Pending Fulfillment
SO2931693,5548,1,3/6/2026,3/9/2026,Pending Fulfillment
SO2931693,5567,1,3/6/2026,3/9/2026,Pending Fulfillment
SO2931694,183,1,3/6/2026,3/9/2026,Pending Fulfillment
SO2931694,282,2,3/6/2026,3/9/2026,Pending Fulfillment
SO2931680,282,2,3/6/2026,3/27/2026,Pending Approval
SO2931680,6732,3,3/6/2026,3/27/2026,Pending Approval
SO2931680,7985,10,3/6/2026,3/27/2026,Pending Approval
SO2931681,282,2,3/6/2026,3/27/2026,Pending Approval
SO2931681,5609,12,3/6/2026,3/27/2026,Pending Approval
SO2931682,282,2,3/6/2026,3/27/2026,Pending Approval
SO2931682,7985,80,3/6/2026,3/27/2026,Pending Approval
SO2931683,282,2,3/6/2026,3/27/2026,Pending Approval
SO2931683,7985,10,3/6/2026,3/27/2026,Pending Approval
SO2931698,282,2,3/6/2026,3/9/2026,Pending Fulfillment
SO2931698,3108,1,3/6/2026,3/9/2026,Pending Fulfillment
SO2931699,282,2,3/6/2026,3/9/2026,Pending Fulfillment
SO2931699,7989,1,3/6/2026,3/9/2026,Pending Fulfillment
SO2931700,282,2,3/6/2026,3/9/2026,Pending Fulfillment
SO2931700,606,1,3/6/2026,3/9/2026,Pending Fulfillment
SO2931701,282,2,3/6/2026,3/9/2026,Pending Fulfillment
SO2931701,6773,1,3/6/2026,3/9/2026,Pending Fulfillment
SO2931702,282,2,3/6/2026,3/9/2026,Pending Fulfillment
SO2931702,306,1,3/6/2026,3/9/2026,Pending Fulfillment
SO2931703,282,2,3/6/2026,3/9/2026,Pending Fulfillment
SO2931703,7982,1,3/6/2026,3/9/2026,Pending Fulfillment
SO2931684,282,2,3/6/2026,3/27/2026,Pending Approval
SO2931684,6732,48,3/6/2026,3/27/2026,Pending Approval
SO2931684,7985,15,3/6/2026,3/27/2026,Pending Approval
SO2931685,282,2,3/6/2026,3/27/2026,Pending Approval
SO2931685,5329,12,3/6/2026,3/27/2026,Pending Approval
SO2931685,5534,12,3/6/2026,3/27/2026,Pending Approval
SO2931685,7985,50,3/6/2026,3/27/2026,Pending Approval
SO2931686,282,2,3/6/2026,3/27/2026,Pending Approval
SO2931686,5609,18,3/6/2026,3/27/2026,Pending Approval
SO2931686,6732,60,3/6/2026,3/27/2026,Pending Approval
SO2931687,282,2,3/6/2026,3/27/2026,Pending Approval
SO2931687,6732,576,3/6/2026,3/27/2026,Pending Approval
SO2931688,282,2,3/6/2026,3/27/2026,Pending Approval
SO2931688,5329,24,3/6/2026,3/27/2026,Pending Approval
SO2931688,5539,12,3/6/2026,3/27/2026,Pending Approval
SO2931688,5552,36,3/6/2026,3/27/2026,Pending Approval
SO2931688,5609,18,3/6/2026,3/27/2026,Pending Approval
SO2931688,6732,372,3/6/2026,3/27/2026,Pending Approval
SO2931688,6767,12,3/6/2026,3/27/2026,Pending Approval
SO2931688,7985,35,3/6/2026,3/27/2026,Pending Approval
SO2931688,8017,8,3/6/2026,3/27/2026,Pending Approval
SO2931689,282,2,3/6/2026,3/27/2026,Pending Approval
SO2931689,5329,12,3/6/2026,3/27/2026,Pending Approval
SO2931689,5534,12,3/6/2026,3/27/2026,Pending Approval
SO2931689,6767,18,3/6/2026,3/27/2026,Pending Approval
SO2931689,6768,12,3/6/2026,3/27/2026,Pending Approval
SO2931689,7985,40,3/6/2026,3/27/2026,Pending Approval
SO2931691,282,2,3/6/2026,3/27/2026,Pending Approval
SO2931691,5329,24,3/6/2026,3/27/2026,Pending Approval
SO2931691,5534,12,3/6/2026,3/27/2026,Pending Approval
SO2931691,5539,12,3/6/2026,3/27/2026,Pending Approval
SO2931691,6732,7,3/6/2026,3/27/2026,Pending Approval
SO2931691,7985,15,3/6/2026,3/27/2026,Pending Approval
SO2931695,282,2,3/6/2026,3/27/2026,Pending Approval
SO2931695,5329,60,3/6/2026,3/27/2026,Pending Approval
SO2931695,5534,36,3/6/2026,3/27/2026,Pending Approval
SO2931695,5539,48,3/6/2026,3/27/2026,Pending Approval
SO2931695,5552,72,3/6/2026,3/27/2026,Pending Approval
SO2931695,6732,48,3/6/2026,3/27/2026,Pending Approval
SO2931695,6767,36,3/6/2026,3/27/2026,Pending Approval
SO2931695,6768,6,3/6/2026,3/27/2026,Pending Approval
SO2931695,7985,70,3/6/2026,3/27/2026,Pending Approval
SO2931696,282,2,3/6/2026,3/27/2026,Pending Approval
SO2931696,5534,12,3/6/2026,3/27/2026,Pending Approval
SO2931696,6659,5,3/6/2026,3/27/2026,Pending Approval
SO2931696,6767,30,3/6/2026,3/27/2026,Pending Approval
SO2931696,7985,15,3/6/2026,3/27/2026,Pending Approval
SO2931697,282,2,3/6/2026,3/9/2026,Pending Fulfillment
SO2931697,1147,2,3/6/2026,3/9/2026,Pending Fulfillment
SO2931709,282,2,3/6/2026,3/9/2026,Pending Fulfillment
SO2931709,1160,1,3/6/2026,3/9/2026,Pending Fulfillment
SO2931709,3441,1,3/6/2026,3/9/2026,Pending Fulfillment
SO2931705,282,2,3/6/2026,3/9/2026,Pending Fulfillment
SO2931705,389,1,3/6/2026,3/9/2026,Pending Fulfillment
SO2931706,282,2,3/6/2026,3/9/2026,Pending Fulfillment
SO2931706,7716,1,3/6/2026,3/9/2026,Pending Fulfillment
SO2931707,282,2,3/6/2026,3/9/2026,Pending Fulfillment
SO2931707,6773,1,3/6/2026,3/9/2026,Pending Fulfillment
SO2931708,282,2,3/6/2026,3/9/2026,Pending Fulfillment
SO2931708,7716,1,3/6/2026,3/9/2026,Pending Fulfillment
SO2931704,282,2,3/6/2026,3/9/2026,Pending Fulfillment
SO2931704,350,1,3/6/2026,3/9/2026,Pending Fulfillment
SO2931710,282,2,3/6/2026,3/9/2026,Pending Fulfillment
SO2931710,6175,1,3/6/2026,3/9/2026,Pending Fulfillment
SO2931711,282,2,3/6/2026,3/9/2026,Pending Fulfillment
SO2931711,7716,1,3/6/2026,3/9/2026,Pending Fulfillment
SO2931712,282,2,3/6/2026,3/9/2026,Pending Fulfillment
SO2931712,6175,1,3/6/2026,3/9/2026,Pending Fulfillment
SO2931713,282,2,3/6/2026,3/9/2026,Pending Fulfillment
SO2931713,7716,1,3/6/2026,3/9/2026,Pending Fulfillment
SO2931714,282,2,3/6/2026,3/9/2026,Pending Fulfillment
SO2931714,3108,1,3/6/2026,3/9/2026,Pending Fulfillment
SO2931715,282,2,3/6/2026,3/9/2026,Pending Fulfillment
SO2931715,3072,1,3/6/2026,3/9/2026,Pending Fulfillment
SO2931716,282,2,3/6/2026,3/9/2026,Pending Fulfillment
SO2931716,3011,1,3/6/2026,3/9/2026,Pending Fulfillment
SO2931719,282,2,3/6/2026,3/9/2026,Pending Fulfillment
SO2931719,350,1,3/6/2026,3/9/2026,Pending Fulfillment
SO2931717,282,2,3/6/2026,3/9/2026,Pending Fulfillment
SO2931717,6062,1,3/6/2026,3/9/2026,Pending Fulfillment
SO2931718,186,3,3/6/2026,3/9/2026,Pending Fulfillment
SO2931718,282,2,3/6/2026,3/9/2026,Pending Fulfillment
SO2931718,5994,3,3/6/2026,3/9/2026,Pending Fulfillment
SO2931720,282,2,3/6/2026,3/9/2026,Pending Fulfillment
SO2931720,3081,1,3/6/2026,3/9/2026,Pending Fulfillment
SO2931721,282,2,3/6/2026,3/9/2026,Pending Fulfillment
SO2931721,8184,1,3/6/2026,3/9/2026,Pending Fulfillment
SO2931725,282,2,3/6/2026,3/9/2026,Pending Fulfillment
SO2931725,6115,1,3/6/2026,3/9/2026,Pending Fulfillment
SO2931726,282,2,3/6/2026,3/9/2026,Pending Fulfillment
SO2931726,352,1,3/6/2026,3/9/2026,Pending Fulfillment
SO2931727,282,2,3/6/2026,3/9/2026,Pending Fulfillment
SO2931727,7716,1,3/6/2026,3/9/2026,Pending Fulfillment
SO2931728,282,2,3/6/2026,3/9/2026,Pending Fulfillment
SO2931728,357,1,3/6/2026,3/9/2026,Pending Fulfillment
SO2931722,282,2,3/6/2026,3/9/2026,Pending Fulfillment
SO2931722,5618,1,3/6/2026,3/9/2026,Pending Fulfillment
SO2931723,282,2,3/6/2026,3/9/2026,Pending Fulfillment
SO2931723,3339,1,3/6/2026,3/9/2026,Pending Fulfillment
SO2931724,282,2,3/6/2026,3/9/2026,Pending Fulfillment
SO2931724,3124,1,3/6/2026,3/9/2026,Pending Fulfillment
SO2931724,3441,1,3/6/2026,3/9/2026,Pending Fulfillment
SO2931729,282,2,3/6/2026,3/9/2026,Pending Fulfillment
SO2931729,2780,1,3/6/2026,3/9/2026,Pending Fulfillment
SO2931730,282,2,3/6/2026,3/9/2026,Pending Fulfillment
SO2931730,6235,1,3/6/2026,3/9/2026,Pending Fulfillment
SO2931731,282,2,3/6/2026,3/9/2026,Pending Fulfillment
SO2931731,7982,1,3/6/2026,3/9/2026,Pending Fulfillment
SO2931732,282,2,3/6/2026,3/9/2026,Pending Fulfillment
SO2931732,7716,1,3/6/2026,3/9/2026,Pending Fulfillment
SO2931733,282,2,3/6/2026,3/9/2026,Pending Fulfillment
SO2931733,5617,1,3/6/2026,3/9/2026,Pending Fulfillment
SO2931734,282,2,3/6/2026,3/9/2026,Pending Fulfillment
SO2931734,5617,1,3/6/2026,3/9/2026,Pending Fulfillment
SO2931735,282,2,3/6/2026,3/9/2026,Pending Fulfillment
SO2931735,3108,1,3/6/2026,3/9/2026,Pending Fulfillment
SO2931736,282,2,3/6/2026,3/9/2026,Pending Fulfillment
SO2931736,6773,1,3/6/2026,3/9/2026,Pending Fulfillment
SO2931737,282,2,3/6/2026,3/9/2026,Pending Fulfillment
SO2931737,352,1,3/6/2026,3/9/2026,Pending Fulfillment
SO2931738,282,2,3/6/2026,3/9/2026,Pending Fulfillment
SO2931738,352,1,3/6/2026,3/9/2026,Pending Fulfillment
SO2931739,282,2,3/6/2026,3/9/2026,Pending Fulfillment
SO2931739,6024,1,3/6/2026,3/9/2026,Pending Fulfillment
SO2931740,282,2,3/6/2026,3/9/2026,Pending Fulfillment
SO2931740,6022,1,3/6/2026,3/9/2026,Pending Fulfillment
SO2931741,282,2,3/6/2026,3/9/2026,Pending Fulfillment
SO2931741,352,1,3/6/2026,3/9/2026,Pending Fulfillment
SO2931741,505,1,3/6/2026,3/9/2026,Pending Fulfillment
SO2931742,282,2,3/6/2026,3/9/2026,Pending Fulfillment
SO2931742,306,1,3/6/2026,3/9/2026,Pending Fulfillment
SO2931743,282,2,3/6/2026,3/9/2026,Pending Fulfillment
SO2931743,2631,1,3/6/2026,3/9/2026,Pending Fulfillment
SO2931744,282,2,3/6/2026,3/9/2026,Pending Fulfillment
SO2931744,7703,1,3/6/2026,3/9/2026,Pending Fulfillment
SO2931745,282,2,3/6/2026,3/9/2026,Pending Fulfillment
SO2931745,6779,1,3/6/2026,3/9/2026,Pending Fulfillment
SO2931747,282,2,3/6/2026,3/9/2026,Pending Fulfillment
SO2931747,6005,1,3/6/2026,3/9/2026,Pending Fulfillment
SO2931748,183,1,3/6/2026,3/9/2026,Pending Fulfillment
SO2931748,282,2,3/6/2026,3/9/2026,Pending Fulfillment
SO2931749,282,2,3/6/2026,3/9/2026,Pending Fulfillment
SO2931749,306,1,3/6/2026,3/9/2026,Pending Fulfillment
SO2931750,282,2,3/6/2026,3/9/2026,Pending Fulfillment
SO2931750,6677,1,3/6/2026,3/9/2026,Pending Fulfillment
SO2931751,282,2,3/6/2026,3/9/2026,Pending Fulfillment
SO2931751,7703,2,3/6/2026,3/9/2026,Pending Fulfillment
SO2931752,282,2,3/6/2026,3/9/2026,Pending Fulfillment
SO2931752,7703,1,3/6/2026,3/9/2026,Pending Fulfillment
SO2931756,282,2,3/6/2026,3/9/2026,Pending Fulfillment
SO2931756,352,1,3/6/2026,3/9/2026,Pending Fulfillment
SO2931763,282,2,3/6/2026,3/9/2026,Pending Fulfillment
SO2931763,6130,0,3/6/2026,3/9/2026,Pending Fulfillment
SO2931763,7982,1,3/6/2026,3/9/2026,Pending Fulfillment
SO2931757,282,2,3/6/2026,3/9/2026,Pending Fulfillment
SO2931757,6781,1,3/6/2026,3/9/2026,Pending Fulfillment
SO2931761,282,2,3/6/2026,3/9/2026,Pending Fulfillment
SO2931761,389,1,3/6/2026,3/9/2026,Pending Fulfillment
SO2931762,183,1,3/6/2026,3/9/2026,Pending Fulfillment
SO2931762,282,2,3/6/2026,3/9/2026,Pending Fulfillment
SO2931768,282,2,3/6/2026,3/9/2026,Pending Fulfillment
SO2931768,2938,1,3/6/2026,3/9/2026,Pending Fulfillment
SO2931764,282,2,3/6/2026,3/9/2026,Pending Fulfillment
SO2931764,3071,1,3/6/2026,3/9/2026,Pending Fulfillment
SO2931767,282,2,3/6/2026,3/9/2026,Pending Fulfillment
SO2931767,306,1,3/6/2026,3/9/2026,Pending Fulfillment
SO2931769,282,2,3/6/2026,3/9/2026,Pending Fulfillment
SO2931769,6773,1,3/6/2026,3/9/2026,Pending Fulfillment
SO2931770,282,2,3/6/2026,3/9/2026,Pending Fulfillment
SO2931770,3108,1,3/6/2026,3/9/2026,Pending Fulfillment
SO2931771,282,2,3/6/2026,3/9/2026,Pending Fulfillment
SO2931771,5612,1,3/6/2026,3/9/2026,Pending Fulfillment
SO2931774,282,2,3/6/2026,3/9/2026,Pending Fulfillment
SO2931774,6133,1,3/6/2026,3/9/2026,Pending Fulfillment
SO2931775,282,2,3/6/2026,3/9/2026,Pending Fulfillment
SO2931775,6773,1,3/6/2026,3/9/2026,Pending Fulfillment
SO2931776,282,2,3/6/2026,3/9/2026,Pending Fulfillment
SO2931776,389,1,3/6/2026,3/9/2026,Pending Fulfillment
SO2931777,282,2,3/6/2026,3/13/2026,Pending Approval
SO2931777,352,24,3/6/2026,3/13/2026,Pending Approval
SO2931777,355,13,3/6/2026,3/13/2026,Pending Approval
SO2931777,2632,17,3/6/2026,3/13/2026,Pending Approval
SO2931777,5569,12,3/6/2026,3/13/2026,Pending Approval
SO2931777,5607,5,3/6/2026,3/13/2026,Pending Approval
SO2931777,6234,17,3/6/2026,3/13/2026,Pending Approval
SO2931780,186,1,3/6/2026,3/9/2026,Pending Fulfillment
SO2931780,282,2,3/6/2026,3/9/2026,Pending Fulfillment
SO2931784,282,2,3/6/2026,3/9/2026,Pending Fulfillment
SO2931784,6005,1,3/6/2026,3/9/2026,Pending Fulfillment
SO2931746,282,2,3/7/2026,3/9/2026,Pending Fulfillment
SO2931746,7740,1,3/7/2026,3/9/2026,Pending Fulfillment
SO2931753,282,2,3/7/2026,3/9/2026,Pending Fulfillment
SO2931753,7982,1,3/7/2026,3/9/2026,Pending Fulfillment
SO2931754,282,2,3/7/2026,3/9/2026,Pending Fulfillment
SO2931754,7716,1,3/7/2026,3/9/2026,Pending Fulfillment
SO2931755,282,2,3/7/2026,3/9/2026,Pending Fulfillment
SO2931755,5311,1,3/7/2026,3/9/2026,Pending Fulfillment
SO2931758,282,2,3/7/2026,3/9/2026,Pending Fulfillment
SO2931758,6175,1,3/7/2026,3/9/2026,Pending Fulfillment
SO2931759,282,2,3/7/2026,3/9/2026,Pending Fulfillment
SO2931759,6175,1,3/7/2026,3/9/2026,Pending Fulfillment
SO2931760,282,2,3/7/2026,3/9/2026,Pending Fulfillment
SO2931760,5318,1,3/7/2026,3/9/2026,Pending Fulfillment
SO2931765,282,2,3/7/2026,3/9/2026,Pending Fulfillment
SO2931765,6775,1,3/7/2026,3/9/2026,Pending Fulfillment
SO2931766,282,2,3/7/2026,3/9/2026,Pending Fulfillment
SO2931766,7102,1,3/7/2026,3/9/2026,Pending Fulfillment
SO2931772,282,2,3/7/2026,3/9/2026,Pending Fulfillment
SO2931772,6117,1,3/7/2026,3/9/2026,Pending Fulfillment
SO2931773,282,2,3/7/2026,3/9/2026,Pending Fulfillment
SO2931773,6748,1,3/7/2026,3/9/2026,Pending Fulfillment
SO2931778,282,2,3/7/2026,3/9/2026,Pending Fulfillment
SO2931778,5625,1,3/7/2026,3/9/2026,Pending Fulfillment
SO2931779,282,2,3/7/2026,3/9/2026,Pending Fulfillment
SO2931779,5617,1,3/7/2026,3/9/2026,Pending Fulfillment
SO2931781,282,2,3/7/2026,3/9/2026,Pending Fulfillment
SO2931781,7716,1,3/7/2026,3/9/2026,Pending Fulfillment
SO2931782,282,2,3/7/2026,3/9/2026,Pending Fulfillment
SO2931782,6217,1,3/7/2026,3/9/2026,Pending Fulfillment
SO2931783,282,2,3/7/2026,3/9/2026,Pending Fulfillment
SO2931783,6235,1,3/7/2026,3/9/2026,Pending Fulfillment
SO2931785,282,2,3/7/2026,3/9/2026,Pending Fulfillment
SO2931785,6773,1,3/7/2026,3/9/2026,Pending Fulfillment
SO2931786,282,2,3/7/2026,3/9/2026,Pending Fulfillment
SO2931786,3441,1,3/7/2026,3/9/2026,Pending Fulfillment
SO2931788,183,1,3/7/2026,3/9/2026,Pending Fulfillment
SO2931788,282,2,3/7/2026,3/9/2026,Pending Fulfillment
SO2931787,282,2,3/7/2026,3/9/2026,Pending Fulfillment
SO2931787,3081,1,3/7/2026,3/9/2026,Pending Fulfillment
SO2931787,6130,0,3/7/2026,3/9/2026,Pending Fulfillment
SO2931789,282,2,3/7/2026,3/9/2026,Pending Fulfillment
SO2931789,3108,1,3/7/2026,3/9/2026,Pending Fulfillment
SO2931790,282,2,3/7/2026,3/9/2026,Pending Fulfillment
SO2931790,6235,1,3/7/2026,3/9/2026,Pending Fulfillment
SO2931792,282,2,3/7/2026,3/9/2026,Pending Fulfillment
SO2931792,7102,1,3/7/2026,3/9/2026,Pending Fulfillment
SO2931793,282,2,3/7/2026,3/9/2026,Pending Fulfillment
SO2931793,7982,1,3/7/2026,3/9/2026,Pending Fulfillment
SO2931794,282,2,3/7/2026,3/9/2026,Pending Fulfillment
SO2931794,3081,1,3/7/2026,3/9/2026,Pending Fulfillment
SO2931791,282,2,3/7/2026,3/9/2026,Pending Fulfillment
SO2931791,350,1,3/7/2026,3/9/2026,Pending Fulfillment
SO2931795,282,2,3/7/2026,3/9/2026,Pending Fulfillment
SO2931795,606,1,3/7/2026,3/9/2026,Pending Fulfillment
SO2931796,282,2,3/7/2026,3/9/2026,Pending Fulfillment
SO2931796,505,1,3/7/2026,3/9/2026,Pending Fulfillment
SO2931796,7716,1,3/7/2026,3/9/2026,Pending Fulfillment
SO2931797,282,2,3/7/2026,3/9/2026,Pending Fulfillment
SO2931797,6773,1,3/7/2026,3/9/2026,Pending Fulfillment
SO2931798,282,2,3/7/2026,3/9/2026,Pending Fulfillment
SO2931798,2632,1,3/7/2026,3/9/2026,Pending Fulfillment
SO2931799,183,1,3/7/2026,3/9/2026,Pending Fulfillment
SO2931799,282,2,3/7/2026,3/9/2026,Pending Fulfillment
SO2931806,282,2,3/7/2026,3/9/2026,Pending Fulfillment
SO2931806,319,1,3/7/2026,3/9/2026,Pending Fulfillment
SO2931800,282,2,3/7/2026,3/9/2026,Pending Fulfillment
SO2931800,2685,1,3/7/2026,3/9/2026,Pending Fulfillment
SO2931800,3519,1,3/7/2026,3/9/2026,Pending Fulfillment
SO2931801,282,2,3/7/2026,3/9/2026,Pending Fulfillment
SO2931801,6130,0,3/7/2026,3/9/2026,Pending Fulfillment
SO2931801,7982,1,3/7/2026,3/9/2026,Pending Fulfillment
SO2931802,282,2,3/7/2026,3/9/2026,Pending Fulfillment
SO2931802,6130,0,3/7/2026,3/9/2026,Pending Fulfillment
SO2931802,7983,1,3/7/2026,3/9/2026,Pending Fulfillment
SO2931803,282,2,3/7/2026,3/10/2026,Pending Approval
SO2931803,6341,1,3/7/2026,3/10/2026,Pending Approval
SO2931804,282,2,3/7/2026,3/9/2026,Pending Fulfillment
SO2931804,357,1,3/7/2026,3/9/2026,Pending Fulfillment
SO2931805,282,2,3/7/2026,3/9/2026,Pending Fulfillment
SO2931805,6062,1,3/7/2026,3/9/2026,Pending Fulfillment
SO2931807,282,2,3/7/2026,3/9/2026,Pending Fulfillment
SO2931807,6027,1,3/7/2026,3/9/2026,Pending Fulfillment
SO2931808,282,2,3/7/2026,3/9/2026,Pending Fulfillment
SO2931808,5640,1,3/7/2026,3/9/2026,Pending Fulfillment
SO2931809,282,2,3/7/2026,3/9/2026,Pending Fulfillment
SO2931809,389,1,3/7/2026,3/9/2026,Pending Fulfillment
SO2931810,282,2,3/7/2026,3/11/2026,Pending Fulfillment
SO2931810,6773,1,3/7/2026,3/11/2026,Pending Fulfillment
SO2931811,282,2,3/7/2026,3/9/2026,Pending Fulfillment
SO2931811,6774,1,3/7/2026,3/9/2026,Pending Fulfillment
SO2931812,282,2,3/7/2026,3/9/2026,Pending Fulfillment
SO2931812,6773,1,3/7/2026,3/9/2026,Pending Fulfillment
SO2931813,282,2,3/7/2026,3/9/2026,Pending Fulfillment
SO2931813,5641,1,3/7/2026,3/9/2026,Pending Fulfillment
SO2931814,183,1,3/7/2026,3/9/2026,Pending Fulfillment
SO2931814,282,2,3/7/2026,3/9/2026,Pending Fulfillment
SO2931814,5993,1,3/7/2026,3/9/2026,Pending Fulfillment
SO2931815,282,2,3/7/2026,3/9/2026,Pending Fulfillment
SO2931815,7716,1,3/7/2026,3/9/2026,Pending Fulfillment
SO2931816,282,2,3/7/2026,3/9/2026,Pending Fulfillment
SO2931816,8251,1,3/7/2026,3/9/2026,Pending Fulfillment
SO2931820,282,2,3/7/2026,3/9/2026,Pending Fulfillment
SO2931820,7982,1,3/7/2026,3/9/2026,Pending Fulfillment
SO2931821,282,2,3/7/2026,3/9/2026,Pending Fulfillment
SO2931821,606,1,3/7/2026,3/9/2026,Pending Fulfillment
SO2931822,282,2,3/7/2026,3/9/2026,Pending Fulfillment
SO2931822,5618,1,3/7/2026,3/9/2026,Pending Fulfillment
SO2931824,282,2,3/7/2026,3/9/2026,Pending Fulfillment
SO2931824,6130,0,3/7/2026,3/9/2026,Pending Fulfillment
SO2931824,8232,1,3/7/2026,3/9/2026,Pending Fulfillment
SO2931817,282,2,3/7/2026,3/9/2026,Pending Fulfillment
SO2931817,6175,1,3/7/2026,3/9/2026,Pending Fulfillment
SO2931818,282,2,3/7/2026,3/9/2026,Pending Fulfillment
SO2931818,3108,1,3/7/2026,3/9/2026,Pending Fulfillment
SO2931819,282,2,3/7/2026,3/9/2026,Pending Fulfillment
SO2931819,1142,1,3/7/2026,3/9/2026,Pending Fulfillment
SO2931825,282,2,3/7/2026,3/9/2026,Pending Fulfillment
SO2931825,6022,1,3/7/2026,3/9/2026,Pending Fulfillment
SO2931826,282,2,3/7/2026,3/9/2026,Pending Fulfillment
SO2931826,5640,1,3/7/2026,3/9/2026,Pending Fulfillment
SO2931827,183,1,3/7/2026,3/9/2026,Pending Fulfillment
SO2931827,282,2,3/7/2026,3/9/2026,Pending Fulfillment
SO2931828,282,2,3/7/2026,3/9/2026,Pending Fulfillment
SO2931828,306,1,3/7/2026,3/9/2026,Pending Fulfillment
SO2931823,282,2,3/7/2026,3/9/2026,Pending Fulfillment
SO2931823,7929,1,3/7/2026,3/9/2026,Pending Fulfillment
SO2931833,282,2,3/7/2026,3/9/2026,Pending Fulfillment
SO2931833,6130,0,3/7/2026,3/9/2026,Pending Fulfillment
SO2931833,8232,1,3/7/2026,3/9/2026,Pending Fulfillment
SO2931829,282,2,3/7/2026,3/9/2026,Pending Fulfillment
SO2931829,6130,0,3/7/2026,3/9/2026,Pending Fulfillment
SO2931829,7984,1,3/7/2026,3/9/2026,Pending Fulfillment
SO2931830,282,2,3/7/2026,3/9/2026,Pending Fulfillment
SO2931830,2686,1,3/7/2026,3/9/2026,Pending Fulfillment
SO2931830,7929,1,3/7/2026,3/9/2026,Pending Fulfillment
SO2931831,282,2,3/7/2026,3/9/2026,Pending Fulfillment
SO2931831,3441,1,3/7/2026,3/9/2026,Pending Fulfillment
SO2931838,282,2,3/7/2026,3/9/2026,Pending Fulfillment
SO2931838,6130,0,3/7/2026,3/9/2026,Pending Fulfillment
SO2931838,7984,1,3/7/2026,3/9/2026,Pending Fulfillment
SO2931832,282,2,3/7/2026,3/9/2026,Pending Fulfillment
SO2931832,350,1,3/7/2026,3/9/2026,Pending Fulfillment
SO2931834,282,2,3/7/2026,3/9/2026,Pending Fulfillment
SO2931834,7982,1,3/7/2026,3/9/2026,Pending Fulfillment
SO2931835,282,2,3/7/2026,3/9/2026,Pending Fulfillment
SO2931835,6022,1,3/7/2026,3/9/2026,Pending Fulfillment
SO2931836,282,2,3/7/2026,3/8/2026,Pending Approval
SO2931836,6019,1,3/7/2026,3/8/2026,Pending Approval
SO2931837,282,2,3/7/2026,3/9/2026,Pending Fulfillment
SO2931837,2195,1,3/7/2026,3/9/2026,Pending Fulfillment
SO2931839,282,2,3/7/2026,3/9/2026,Pending Fulfillment
SO2931839,6130,0,3/7/2026,3/9/2026,Pending Fulfillment
SO2931839,6781,1,3/7/2026,3/9/2026,Pending Fulfillment
SO2931840,282,2,3/7/2026,3/9/2026,Pending Fulfillment
SO2931840,5611,1,3/7/2026,3/9/2026,Pending Fulfillment
SO2931841,282,2,3/7/2026,3/9/2026,Pending Fulfillment
SO2931841,7740,1,3/7/2026,3/9/2026,Pending Fulfillment
SO2931842,282,2,3/7/2026,3/9/2026,Pending Fulfillment
SO2931842,5611,1,3/7/2026,3/9/2026,Pending Fulfillment
SO2931843,282,2,3/7/2026,3/9/2026,Pending Fulfillment
SO2931843,352,1,3/7/2026,3/9/2026,Pending Fulfillment
SO2931844,282,2,3/7/2026,3/9/2026,Pending Fulfillment
SO2931844,6773,1,3/7/2026,3/9/2026,Pending Fulfillment
SO2931845,282,2,3/7/2026,3/9/2026,Pending Fulfillment
SO2931845,3108,1,3/7/2026,3/9/2026,Pending Fulfillment
SO2931846,282,2,3/7/2026,3/9/2026,Pending Fulfillment
SO2931846,3336,1,3/7/2026,3/9/2026,Pending Fulfillment
SO2931847,282,2,3/7/2026,3/9/2026,Pending Fulfillment
SO2931847,389,1,3/7/2026,3/9/2026,Pending Fulfillment
SO2931848,282,2,3/7/2026,3/9/2026,Pending Fulfillment
SO2931848,364,1,3/7/2026,3/9/2026,Pending Fulfillment
SO2931849,282,2,3/7/2026,3/9/2026,Pending Fulfillment
SO2931849,5616,1,3/7/2026,3/9/2026,Pending Fulfillment
SO2931850,282,2,3/7/2026,3/9/2026,Pending Fulfillment
SO2931850,7982,1,3/7/2026,3/9/2026,Pending Fulfillment
SO2931851,282,2,3/7/2026,3/9/2026,Pending Fulfillment
SO2931851,3081,1,3/7/2026,3/9/2026,Pending Fulfillment
SO2931852,282,2,3/7/2026,3/9/2026,Pending Fulfillment
SO2931852,352,1,3/7/2026,3/9/2026,Pending Fulfillment
SO2931853,282,2,3/7/2026,3/9/2026,Pending Fulfillment
SO2931853,7681,1,3/7/2026,3/9/2026,Pending Fulfillment
SO2931854,282,2,3/7/2026,3/9/2026,Pending Fulfillment
SO2931854,357,1,3/7/2026,3/9/2026,Pending Fulfillment
SO2931855,282,2,3/7/2026,3/9/2026,Pending Fulfillment
SO2931855,6780,1,3/7/2026,3/9/2026,Pending Fulfillment
SO2931856,282,2,3/7/2026,3/9/2026,Pending Fulfillment
SO2931856,6217,1,3/7/2026,3/9/2026,Pending Fulfillment
SO2931857,282,2,3/7/2026,3/7/2026,Pending Approval
SO2931857,3073,1,3/7/2026,3/7/2026,Pending Approval
SO2931858,282,2,3/7/2026,3/9/2026,Pending Fulfillment
SO2931858,5607,1,3/7/2026,3/9/2026,Pending Fulfillment
SO2931859,282,2,3/7/2026,3/9/2026,Pending Fulfillment
SO2931859,6115,1,3/7/2026,3/9/2026,Pending Fulfillment
SO2931860,282,2,3/7/2026,3/9/2026,Pending Fulfillment
SO2931860,5607,1,3/7/2026,3/9/2026,Pending Fulfillment
SO2931861,282,2,3/7/2026,3/9/2026,Pending Fulfillment
SO2931861,3071,1,3/7/2026,3/9/2026,Pending Fulfillment
SO2931862,282,2,3/7/2026,3/9/2026,Pending Fulfillment
SO2931862,6130,0,3/7/2026,3/9/2026,Pending Fulfillment
SO2931862,8232,1,3/7/2026,3/9/2026,Pending Fulfillment
SO2931863,282,2,3/7/2026,3/9/2026,Pending Fulfillment
SO2931863,7935,1,3/7/2026,3/9/2026,Pending Fulfillment
SO2931869,282,2,3/7/2026,3/9/2026,Pending Fulfillment
SO2931869,5570,1,3/7/2026,3/9/2026,Pending Fulfillment
SO2931869,6130,0,3/7/2026,3/9/2026,Pending Fulfillment
SO2931869,7983,1,3/7/2026,3/9/2026,Pending Fulfillment
SO2931870,282,2,3/7/2026,3/9/2026,Pending Fulfillment
SO2931870,350,1,3/7/2026,3/9/2026,Pending Fulfillment
SO2931871,282,2,3/7/2026,3/9/2026,Pending Fulfillment
SO2931871,5570,1,3/7/2026,3/9/2026,Pending Fulfillment
SO2931871,6130,0,3/7/2026,3/9/2026,Pending Fulfillment
SO2931872,282,2,3/7/2026,3/9/2026,Pending Fulfillment
SO2931872,5607,1,3/7/2026,3/9/2026,Pending Fulfillment
SO2931873,282,2,3/7/2026,3/9/2026,Pending Fulfillment
SO2931873,2631,1,3/7/2026,3/9/2026,Pending Fulfillment
SO2931874,183,1,3/7/2026,3/9/2026,Pending Fulfillment
SO2931874,282,2,3/7/2026,3/9/2026,Pending Fulfillment
SO2931864,282,2,3/7/2026,3/9/2026,Pending Fulfillment
SO2931864,5613,1,3/7/2026,3/9/2026,Pending Fulfillment
SO2931865,186,1,3/7/2026,3/9/2026,Pending Fulfillment
SO2931865,282,2,3/7/2026,3/9/2026,Pending Fulfillment
SO2931866,282,2,3/7/2026,3/9/2026,Pending Fulfillment
SO2931866,3108,1,3/7/2026,3/9/2026,Pending Fulfillment
SO2931867,282,2,3/7/2026,3/9/2026,Pending Fulfillment
SO2931867,2631,1,3/7/2026,3/9/2026,Pending Fulfillment
SO2931868,282,2,3/7/2026,3/9/2026,Pending Fulfillment
SO2931868,6235,1,3/7/2026,3/9/2026,Pending Fulfillment
SO2931875,282,2,3/7/2026,3/9/2026,Pending Approval
SO2931875,2292,1,3/7/2026,3/9/2026,Pending Approval
SO2931876,282,2,3/7/2026,3/9/2026,Pending Fulfillment
SO2931876,6115,1,3/7/2026,3/9/2026,Pending Fulfillment
SO2931877,282,2,3/7/2026,3/9/2026,Pending Fulfillment
SO2931877,606,1,3/7/2026,3/9/2026,Pending Fulfillment
SO2931878,183,1,3/7/2026,3/9/2026,Pending Fulfillment
SO2931878,282,2,3/7/2026,3/9/2026,Pending Fulfillment
SO2931879,282,2,3/7/2026,3/9/2026,Pending Fulfillment
SO2931879,352,1,3/7/2026,3/9/2026,Pending Fulfillment
SO2931880,282,2,3/7/2026,3/9/2026,Pending Fulfillment
SO2931880,6781,1,3/7/2026,3/9/2026,Pending Fulfillment
SO2931885,282,2,3/7/2026,3/9/2026,Pending Approval
SO2931885,3073,1,3/7/2026,3/9/2026,Pending Approval
SO2931881,282,2,3/7/2026,3/9/2026,Pending Fulfillment
SO2931881,6130,0,3/7/2026,3/9/2026,Pending Fulfillment
SO2931881,7984,1,3/7/2026,3/9/2026,Pending Fulfillment
SO2931886,282,2,3/7/2026,3/9/2026,Pending Fulfillment
SO2931886,6773,1,3/7/2026,3/9/2026,Pending Fulfillment
SO2931887,282,2,3/7/2026,3/9/2026,Pending Fulfillment
SO2931887,6118,1,3/7/2026,3/9/2026,Pending Fulfillment
SO2931888,282,2,3/7/2026,3/9/2026,Pending Fulfillment
SO2931888,2632,1,3/7/2026,3/9/2026,Pending Fulfillment
SO2931890,282,2,3/7/2026,3/9/2026,Pending Fulfillment
SO2931890,2945,1,3/7/2026,3/9/2026,Pending Fulfillment
SO2931882,282,2,3/7/2026,3/9/2026,Pending Fulfillment
SO2931882,5570,1,3/7/2026,3/9/2026,Pending Fulfillment
SO2931883,282,2,3/7/2026,3/9/2026,Pending Fulfillment
SO2931883,5309,1,3/7/2026,3/9/2026,Pending Fulfillment
SO2931884,183,1,3/7/2026,3/9/2026,Pending Fulfillment
SO2931884,282,2,3/7/2026,3/9/2026,Pending Fulfillment
SO2931892,282,2,3/7/2026,3/9/2026,Pending Fulfillment
SO2931892,361,1,3/7/2026,3/9/2026,Pending Fulfillment
SO2931893,282,2,3/7/2026,3/9/2026,Pending Fulfillment
SO2931893,6773,1,3/7/2026,3/9/2026,Pending Fulfillment
SO2931894,186,1,3/7/2026,3/9/2026,Pending Fulfillment
SO2931894,282,2,3/7/2026,3/9/2026,Pending Fulfillment
SO2931895,282,2,3/7/2026,3/9/2026,Pending Fulfillment
SO2931895,6677,1,3/7/2026,3/9/2026,Pending Fulfillment
SO2931889,282,2,3/7/2026,3/9/2026,Pending Fulfillment
SO2931889,350,1,3/7/2026,3/9/2026,Pending Fulfillment
SO2931891,282,2,3/7/2026,3/9/2026,Pending Fulfillment
SO2931891,6113,1,3/7/2026,3/9/2026,Pending Fulfillment
SO2931896,183,1,3/7/2026,3/9/2026,Pending Fulfillment
SO2931896,282,2,3/7/2026,3/9/2026,Pending Fulfillment
SO2931897,282,2,3/7/2026,3/9/2026,Pending Fulfillment
SO2931897,3108,1,3/7/2026,3/9/2026,Pending Fulfillment
SO2931898,282,2,3/7/2026,3/9/2026,Pending Fulfillment
SO2931898,6175,1,3/7/2026,3/9/2026,Pending Fulfillment
SO2931899,282,2,3/7/2026,3/9/2026,Pending Fulfillment
SO2931899,306,1,3/7/2026,3/9/2026,Pending Fulfillment
SO2931900,282,2,3/7/2026,3/9/2026,Pending Fulfillment
SO2931900,6218,1,3/7/2026,3/9/2026,Pending Fulfillment
SO2931901,282,2,3/7/2026,3/9/2026,Pending Fulfillment
SO2931901,7716,1,3/7/2026,3/9/2026,Pending Fulfillment
SO2931902,282,2,3/7/2026,3/9/2026,Pending Fulfillment
SO2931902,7716,1,3/7/2026,3/9/2026,Pending Fulfillment
SO2931903,282,2,3/7/2026,3/9/2026,Pending Fulfillment
SO2931903,5607,1,3/7/2026,3/9/2026,Pending Fulfillment
SO2931904,282,2,3/7/2026,3/9/2026,Pending Fulfillment
SO2931904,5568,1,3/7/2026,3/9/2026,Pending Fulfillment
SO2931905,282,2,3/7/2026,3/9/2026,Pending Fulfillment
SO2931905,6774,1,3/7/2026,3/9/2026,Pending Fulfillment
SO2931906,282,2,3/7/2026,3/9/2026,Pending Fulfillment
SO2931906,6773,1,3/7/2026,3/9/2026,Pending Fulfillment
SO2931907,282,2,3/7/2026,3/9/2026,Pending Fulfillment
SO2931907,7711,1,3/7/2026,3/9/2026,Pending Fulfillment
SO2931908,282,2,3/7/2026,3/9/2026,Pending Fulfillment
SO2931908,6235,1,3/7/2026,3/9/2026,Pending Fulfillment
SO2931909,282,2,3/7/2026,3/9/2026,Pending Fulfillment
SO2931909,7703,1,3/7/2026,3/9/2026,Pending Fulfillment
SO2931910,282,2,3/7/2026,3/9/2026,Pending Approval
SO2931910,6130,0,3/7/2026,3/9/2026,Pending Approval
SO2931910,7982,1,3/7/2026,3/9/2026,Pending Approval
